Supplier,Domain,Product,Catalog #,Type,Band #,MW (kDa),Total Bands,Display Color,Color Hex,Relative Intensity,Reference Band,GenePad Ladder ID,Product URL,PDF
Accuris,accuris-usa.com,SmartCheck™ Tri-Color Extended Range Plus Protein Marker,PR5013-TC (2 × 250 µl),"Prestained, three-color (Tri-Color)",1,3.5,13,unknown,,,,,https://accuris-usa.com/Products/smartcheck-protein-markers/,"Accuris_PR5000TC_Manual.pdf, Accuris_PR5000_series_Brochure.pdf"
Accuris,accuris-usa.com,SmartCheck™ Tri-Color Extended Range Plus Protein Marker,PR5013-TC (2 × 250 µl),"Prestained, three-color (Tri-Color)",2,5,13,unknown,,,,,https://accuris-usa.com/Products/smartcheck-protein-markers/,"Accuris_PR5000TC_Manual.pdf, Accuris_PR5000_series_Brochure.pdf"
Accuris,accuris-usa.com,SmartCheck™ Tri-Color Extended Range Plus Protein Marker,PR5013-TC (2 × 250 µl),"Prestained, three-color (Tri-Color)",3,10,13,unknown,,,,,https://accuris-usa.com/Products/smartcheck-protein-markers/,"Accuris_PR5000TC_Manual.pdf, Accuris_PR5000_series_Brochure.pdf"
Accuris,accuris-usa.com,SmartCheck™ Tri-Color Extended Range Plus Protein Marker,PR5013-TC (2 × 250 µl),"Prestained, three-color (Tri-Color)",4,15,13,unknown,,,,,https://accuris-usa.com/Products/smartcheck-protein-markers/,"Accuris_PR5000TC_Manual.pdf, Accuris_PR5000_series_Brochure.pdf"
Accuris,accuris-usa.com,SmartCheck™ Tri-Color Extended Range Plus Protein Marker,PR5013-TC (2 × 250 µl),"Prestained, three-color (Tri-Color)",5,25,13,unknown,,,,,https://accuris-usa.com/Products/smartcheck-protein-markers/,"Accuris_PR5000TC_Manual.pdf, Accuris_PR5000_series_Brochure.pdf"
Accuris,accuris-usa.com,SmartCheck™ Tri-Color Extended Range Plus Protein Marker,PR5013-TC (2 × 250 µl),"Prestained, three-color (Tri-Color)",6,35,13,unknown,,,,,https://accuris-usa.com/Products/smartcheck-protein-markers/,"Accuris_PR5000TC_Manual.pdf, Accuris_PR5000_series_Brochure.pdf"
Accuris,accuris-usa.com,SmartCheck™ Tri-Color Extended Range Plus Protein Marker,PR5013-TC (2 × 250 µl),"Prestained, three-color (Tri-Color)",7,40,13,unknown,,,,,https://accuris-usa.com/Products/smartcheck-protein-markers/,"Accuris_PR5000TC_Manual.pdf, Accuris_PR5000_series_Brochure.pdf"
Accuris,accuris-usa.com,SmartCheck™ Tri-Color Extended Range Plus Protein Marker,PR5013-TC (2 × 250 µl),"Prestained, three-color (Tri-Color)",8,55,13,unknown,,,,,https://accuris-usa.com/Products/smartcheck-protein-markers/,"Accuris_PR5000TC_Manual.pdf, Accuris_PR5000_series_Brochure.pdf"
Accuris,accuris-usa.com,SmartCheck™ Tri-Color Extended Range Plus Protein Marker,PR5013-TC (2 × 250 µl),"Prestained, three-color (Tri-Color)",9,70,13,unknown,,,,,https://accuris-usa.com/Products/smartcheck-protein-markers/,"Accuris_PR5000TC_Manual.pdf, Accuris_PR5000_series_Brochure.pdf"
Accuris,accuris-usa.com,SmartCheck™ Tri-Color Extended Range Plus Protein Marker,PR5013-TC (2 × 250 µl),"Prestained, three-color (Tri-Color)",10,100,13,unknown,,,,,https://accuris-usa.com/Products/smartcheck-protein-markers/,"Accuris_PR5000TC_Manual.pdf, Accuris_PR5000_series_Brochure.pdf"
Accuris,accuris-usa.com,SmartCheck™ Tri-Color Extended Range Plus Protein Marker,PR5013-TC (2 × 250 µl),"Prestained, three-color (Tri-Color)",11,130,13,unknown,,,,,https://accuris-usa.com/Products/smartcheck-protein-markers/,"Accuris_PR5000TC_Manual.pdf, Accuris_PR5000_series_Brochure.pdf"
Accuris,accuris-usa.com,SmartCheck™ Tri-Color Extended Range Plus Protein Marker,PR5013-TC (2 × 250 µl),"Prestained, three-color (Tri-Color)",12,180,13,unknown,,,,,https://accuris-usa.com/Products/smartcheck-protein-markers/,"Accuris_PR5000TC_Manual.pdf, Accuris_PR5000_series_Brochure.pdf"
Accuris,accuris-usa.com,SmartCheck™ Tri-Color Extended Range Plus Protein Marker,PR5013-TC (2 × 250 µl),"Prestained, three-color (Tri-Color)",13,245,13,unknown,,,,,https://accuris-usa.com/Products/smartcheck-protein-markers/,"Accuris_PR5000TC_Manual.pdf, Accuris_PR5000_series_Brochure.pdf"
Accuris,accuris-usa.com,SmartCheck™ Tri-Color Extended Range Protein Marker,PR5012-TC (2 × 250 µl),"Prestained, three-color (Tri-Color)",1,10,11,unknown,,,,,https://accuris-usa.com/Products/smartcheck-protein-markers/,"Accuris_PR5000TC_Manual.pdf, Accuris_PR5000_series_Brochure.pdf"
Accuris,accuris-usa.com,SmartCheck™ Tri-Color Extended Range Protein Marker,PR5012-TC (2 × 250 µl),"Prestained, three-color (Tri-Color)",2,15,11,unknown,,,,,https://accuris-usa.com/Products/smartcheck-protein-markers/,"Accuris_PR5000TC_Manual.pdf, Accuris_PR5000_series_Brochure.pdf"
Accuris,accuris-usa.com,SmartCheck™ Tri-Color Extended Range Protein Marker,PR5012-TC (2 × 250 µl),"Prestained, three-color (Tri-Color)",3,25,11,unknown,,,,,https://accuris-usa.com/Products/smartcheck-protein-markers/,"Accuris_PR5000TC_Manual.pdf, Accuris_PR5000_series_Brochure.pdf"
Accuris,accuris-usa.com,SmartCheck™ Tri-Color Extended Range Protein Marker,PR5012-TC (2 × 250 µl),"Prestained, three-color (Tri-Color)",4,35,11,unknown,,,,,https://accuris-usa.com/Products/smartcheck-protein-markers/,"Accuris_PR5000TC_Manual.pdf, Accuris_PR5000_series_Brochure.pdf"
Accuris,accuris-usa.com,SmartCheck™ Tri-Color Extended Range Protein Marker,PR5012-TC (2 × 250 µl),"Prestained, three-color (Tri-Color)",5,40,11,unknown,,,,,https://accuris-usa.com/Products/smartcheck-protein-markers/,"Accuris_PR5000TC_Manual.pdf, Accuris_PR5000_series_Brochure.pdf"
Accuris,accuris-usa.com,SmartCheck™ Tri-Color Extended Range Protein Marker,PR5012-TC (2 × 250 µl),"Prestained, three-color (Tri-Color)",6,55,11,unknown,,,,,https://accuris-usa.com/Products/smartcheck-protein-markers/,"Accuris_PR5000TC_Manual.pdf, Accuris_PR5000_series_Brochure.pdf"
Accuris,accuris-usa.com,SmartCheck™ Tri-Color Extended Range Protein Marker,PR5012-TC (2 × 250 µl),"Prestained, three-color (Tri-Color)",7,70,11,unknown,,,,,https://accuris-usa.com/Products/smartcheck-protein-markers/,"Accuris_PR5000TC_Manual.pdf, Accuris_PR5000_series_Brochure.pdf"
Accuris,accuris-usa.com,SmartCheck™ Tri-Color Extended Range Protein Marker,PR5012-TC (2 × 250 µl),"Prestained, three-color (Tri-Color)",8,100,11,unknown,,,,,https://accuris-usa.com/Products/smartcheck-protein-markers/,"Accuris_PR5000TC_Manual.pdf, Accuris_PR5000_series_Brochure.pdf"
Accuris,accuris-usa.com,SmartCheck™ Tri-Color Extended Range Protein Marker,PR5012-TC (2 × 250 µl),"Prestained, three-color (Tri-Color)",9,130,11,unknown,,,,,https://accuris-usa.com/Products/smartcheck-protein-markers/,"Accuris_PR5000TC_Manual.pdf, Accuris_PR5000_series_Brochure.pdf"
Accuris,accuris-usa.com,SmartCheck™ Tri-Color Extended Range Protein Marker,PR5012-TC (2 × 250 µl),"Prestained, three-color (Tri-Color)",10,180,11,unknown,,,,,https://accuris-usa.com/Products/smartcheck-protein-markers/,"Accuris_PR5000TC_Manual.pdf, Accuris_PR5000_series_Brochure.pdf"
Accuris,accuris-usa.com,SmartCheck™ Tri-Color Extended Range Protein Marker,PR5012-TC (2 × 250 µl),"Prestained, three-color (Tri-Color)",11,245,11,unknown,,,,,https://accuris-usa.com/Products/smartcheck-protein-markers/,"Accuris_PR5000TC_Manual.pdf, Accuris_PR5000_series_Brochure.pdf"
Accuris,accuris-usa.com,SmartCheck™ Tri-Color Protein Marker,PR5010-TC (2 × 250 µl),"Prestained, three-color (Tri-Color)",1,10,10,unknown,,,,,https://accuris-usa.com/Products/smartcheck-protein-markers/,"Accuris_PR5000TC_Manual.pdf, Accuris_PR5000_series_Brochure.pdf"
Accuris,accuris-usa.com,SmartCheck™ Tri-Color Protein Marker,PR5010-TC (2 × 250 µl),"Prestained, three-color (Tri-Color)",2,15,10,unknown,,,,,https://accuris-usa.com/Products/smartcheck-protein-markers/,"Accuris_PR5000TC_Manual.pdf, Accuris_PR5000_series_Brochure.pdf"
Accuris,accuris-usa.com,SmartCheck™ Tri-Color Protein Marker,PR5010-TC (2 × 250 µl),"Prestained, three-color (Tri-Color)",3,25,10,unknown,,,,,https://accuris-usa.com/Products/smartcheck-protein-markers/,"Accuris_PR5000TC_Manual.pdf, Accuris_PR5000_series_Brochure.pdf"
Accuris,accuris-usa.com,SmartCheck™ Tri-Color Protein Marker,PR5010-TC (2 × 250 µl),"Prestained, three-color (Tri-Color)",4,35,10,unknown,,,,,https://accuris-usa.com/Products/smartcheck-protein-markers/,"Accuris_PR5000TC_Manual.pdf, Accuris_PR5000_series_Brochure.pdf"
Accuris,accuris-usa.com,SmartCheck™ Tri-Color Protein Marker,PR5010-TC (2 × 250 µl),"Prestained, three-color (Tri-Color)",5,40,10,unknown,,,,,https://accuris-usa.com/Products/smartcheck-protein-markers/,"Accuris_PR5000TC_Manual.pdf, Accuris_PR5000_series_Brochure.pdf"
Accuris,accuris-usa.com,SmartCheck™ Tri-Color Protein Marker,PR5010-TC (2 × 250 µl),"Prestained, three-color (Tri-Color)",6,55,10,unknown,,,,,https://accuris-usa.com/Products/smartcheck-protein-markers/,"Accuris_PR5000TC_Manual.pdf, Accuris_PR5000_series_Brochure.pdf"
Accuris,accuris-usa.com,SmartCheck™ Tri-Color Protein Marker,PR5010-TC (2 × 250 µl),"Prestained, three-color (Tri-Color)",7,70,10,unknown,,,,,https://accuris-usa.com/Products/smartcheck-protein-markers/,"Accuris_PR5000TC_Manual.pdf, Accuris_PR5000_series_Brochure.pdf"
Accuris,accuris-usa.com,SmartCheck™ Tri-Color Protein Marker,PR5010-TC (2 × 250 µl),"Prestained, three-color (Tri-Color)",8,100,10,unknown,,,,,https://accuris-usa.com/Products/smartcheck-protein-markers/,"Accuris_PR5000TC_Manual.pdf, Accuris_PR5000_series_Brochure.pdf"
Accuris,accuris-usa.com,SmartCheck™ Tri-Color Protein Marker,PR5010-TC (2 × 250 µl),"Prestained, three-color (Tri-Color)",9,130,10,unknown,,,,,https://accuris-usa.com/Products/smartcheck-protein-markers/,"Accuris_PR5000TC_Manual.pdf, Accuris_PR5000_series_Brochure.pdf"
Accuris,accuris-usa.com,SmartCheck™ Tri-Color Protein Marker,PR5010-TC (2 × 250 µl),"Prestained, three-color (Tri-Color)",10,180,10,unknown,,,,,https://accuris-usa.com/Products/smartcheck-protein-markers/,"Accuris_PR5000TC_Manual.pdf, Accuris_PR5000_series_Brochure.pdf"
Accuris,accuris-usa.com,SmartCheck™ All Blue Regular Range Plus Protein Marker,PR5011-BL (2 × 250 µl),"Prestained, single blue chromophore",1,10,11,unknown,,,,,https://accuris-usa.com/Products/smartcheck-protein-markers/,Accuris_PR5000_series_Brochure.pdf
Accuris,accuris-usa.com,SmartCheck™ All Blue Regular Range Plus Protein Marker,PR5011-BL (2 × 250 µl),"Prestained, single blue chromophore",2,15,11,unknown,,,,,https://accuris-usa.com/Products/smartcheck-protein-markers/,Accuris_PR5000_series_Brochure.pdf
Accuris,accuris-usa.com,SmartCheck™ All Blue Regular Range Plus Protein Marker,PR5011-BL (2 × 250 µl),"Prestained, single blue chromophore",3,20,11,unknown,,,,,https://accuris-usa.com/Products/smartcheck-protein-markers/,Accuris_PR5000_series_Brochure.pdf
Accuris,accuris-usa.com,SmartCheck™ All Blue Regular Range Plus Protein Marker,PR5011-BL (2 × 250 µl),"Prestained, single blue chromophore",4,25,11,unknown,,,,,https://accuris-usa.com/Products/smartcheck-protein-markers/,Accuris_PR5000_series_Brochure.pdf
Accuris,accuris-usa.com,SmartCheck™ All Blue Regular Range Plus Protein Marker,PR5011-BL (2 × 250 µl),"Prestained, single blue chromophore",5,35,11,unknown,,,,,https://accuris-usa.com/Products/smartcheck-protein-markers/,Accuris_PR5000_series_Brochure.pdf
Accuris,accuris-usa.com,SmartCheck™ All Blue Regular Range Plus Protein Marker,PR5011-BL (2 × 250 µl),"Prestained, single blue chromophore",6,40,11,unknown,,,,,https://accuris-usa.com/Products/smartcheck-protein-markers/,Accuris_PR5000_series_Brochure.pdf
Accuris,accuris-usa.com,SmartCheck™ All Blue Regular Range Plus Protein Marker,PR5011-BL (2 × 250 µl),"Prestained, single blue chromophore",7,55,11,unknown,,,,,https://accuris-usa.com/Products/smartcheck-protein-markers/,Accuris_PR5000_series_Brochure.pdf
Accuris,accuris-usa.com,SmartCheck™ All Blue Regular Range Plus Protein Marker,PR5011-BL (2 × 250 µl),"Prestained, single blue chromophore",8,70,11,unknown,,,,,https://accuris-usa.com/Products/smartcheck-protein-markers/,Accuris_PR5000_series_Brochure.pdf
Accuris,accuris-usa.com,SmartCheck™ All Blue Regular Range Plus Protein Marker,PR5011-BL (2 × 250 µl),"Prestained, single blue chromophore",9,100,11,unknown,,,,,https://accuris-usa.com/Products/smartcheck-protein-markers/,Accuris_PR5000_series_Brochure.pdf
Accuris,accuris-usa.com,SmartCheck™ All Blue Regular Range Plus Protein Marker,PR5011-BL (2 × 250 µl),"Prestained, single blue chromophore",10,130,11,unknown,,,,,https://accuris-usa.com/Products/smartcheck-protein-markers/,Accuris_PR5000_series_Brochure.pdf
Accuris,accuris-usa.com,SmartCheck™ All Blue Regular Range Plus Protein Marker,PR5011-BL (2 × 250 µl),"Prestained, single blue chromophore",11,180,11,unknown,,,,,https://accuris-usa.com/Products/smartcheck-protein-markers/,Accuris_PR5000_series_Brochure.pdf
Accuris,accuris-usa.com,SmartCheck™ All Blue Regular Range Protein Marker,PR5010-BL (2 × 250 µl),"Prestained, single blue chromophore",1,10,10,unknown,,,,,https://accuris-usa.com/Products/smartcheck-protein-markers/,Accuris_PR5000_series_Brochure.pdf
Accuris,accuris-usa.com,SmartCheck™ All Blue Regular Range Protein Marker,PR5010-BL (2 × 250 µl),"Prestained, single blue chromophore",2,15,10,unknown,,,,,https://accuris-usa.com/Products/smartcheck-protein-markers/,Accuris_PR5000_series_Brochure.pdf
Accuris,accuris-usa.com,SmartCheck™ All Blue Regular Range Protein Marker,PR5010-BL (2 × 250 µl),"Prestained, single blue chromophore",3,25,10,unknown,,,,,https://accuris-usa.com/Products/smartcheck-protein-markers/,Accuris_PR5000_series_Brochure.pdf
Accuris,accuris-usa.com,SmartCheck™ All Blue Regular Range Protein Marker,PR5010-BL (2 × 250 µl),"Prestained, single blue chromophore",4,35,10,unknown,,,,,https://accuris-usa.com/Products/smartcheck-protein-markers/,Accuris_PR5000_series_Brochure.pdf
Accuris,accuris-usa.com,SmartCheck™ All Blue Regular Range Protein Marker,PR5010-BL (2 × 250 µl),"Prestained, single blue chromophore",5,40,10,unknown,,,,,https://accuris-usa.com/Products/smartcheck-protein-markers/,Accuris_PR5000_series_Brochure.pdf
Accuris,accuris-usa.com,SmartCheck™ All Blue Regular Range Protein Marker,PR5010-BL (2 × 250 µl),"Prestained, single blue chromophore",6,55,10,unknown,,,,,https://accuris-usa.com/Products/smartcheck-protein-markers/,Accuris_PR5000_series_Brochure.pdf
Accuris,accuris-usa.com,SmartCheck™ All Blue Regular Range Protein Marker,PR5010-BL (2 × 250 µl),"Prestained, single blue chromophore",7,70,10,unknown,,,,,https://accuris-usa.com/Products/smartcheck-protein-markers/,Accuris_PR5000_series_Brochure.pdf
Accuris,accuris-usa.com,SmartCheck™ All Blue Regular Range Protein Marker,PR5010-BL (2 × 250 µl),"Prestained, single blue chromophore",8,100,10,unknown,,,,,https://accuris-usa.com/Products/smartcheck-protein-markers/,Accuris_PR5000_series_Brochure.pdf
Accuris,accuris-usa.com,SmartCheck™ All Blue Regular Range Protein Marker,PR5010-BL (2 × 250 µl),"Prestained, single blue chromophore",9,130,10,unknown,,,,,https://accuris-usa.com/Products/smartcheck-protein-markers/,Accuris_PR5000_series_Brochure.pdf
Accuris,accuris-usa.com,SmartCheck™ All Blue Regular Range Protein Marker,PR5010-BL (2 × 250 µl),"Prestained, single blue chromophore",10,180,10,unknown,,,,,https://accuris-usa.com/Products/smartcheck-protein-markers/,Accuris_PR5000_series_Brochure.pdf
Azura-Genomics,azuragenomics.com,PureView™ Prestained Protein Ladder,"AZ-1141 (1 × 500 µl), AZ-1142 (2 × 500 µl), AZ-1142-2 (4 × 500 µl)","Ready-to-use prestained protein ladder, three-color (tricolor) protein standard",1,5,12,unknown,,,,,https://www.azuragenomics.com/products/pureview-prestained-protein-ladder,"Azura_PureView_AZ1141_manual.pdf, Azura_ladders_product_sheet.pdf"
Azura-Genomics,azuragenomics.com,PureView™ Prestained Protein Ladder,"AZ-1141 (1 × 500 µl), AZ-1142 (2 × 500 µl), AZ-1142-2 (4 × 500 µl)","Ready-to-use prestained protein ladder, three-color (tricolor) protein standard",2,10,12,unknown,,,,,https://www.azuragenomics.com/products/pureview-prestained-protein-ladder,"Azura_PureView_AZ1141_manual.pdf, Azura_ladders_product_sheet.pdf"
Azura-Genomics,azuragenomics.com,PureView™ Prestained Protein Ladder,"AZ-1141 (1 × 500 µl), AZ-1142 (2 × 500 µl), AZ-1142-2 (4 × 500 µl)","Ready-to-use prestained protein ladder, three-color (tricolor) protein standard",3,15,12,unknown,,,,,https://www.azuragenomics.com/products/pureview-prestained-protein-ladder,"Azura_PureView_AZ1141_manual.pdf, Azura_ladders_product_sheet.pdf"
Azura-Genomics,azuragenomics.com,PureView™ Prestained Protein Ladder,"AZ-1141 (1 × 500 µl), AZ-1142 (2 × 500 µl), AZ-1142-2 (4 × 500 µl)","Ready-to-use prestained protein ladder, three-color (tricolor) protein standard",4,25,12,unknown,,,,,https://www.azuragenomics.com/products/pureview-prestained-protein-ladder,"Azura_PureView_AZ1141_manual.pdf, Azura_ladders_product_sheet.pdf"
Azura-Genomics,azuragenomics.com,PureView™ Prestained Protein Ladder,"AZ-1141 (1 × 500 µl), AZ-1142 (2 × 500 µl), AZ-1142-2 (4 × 500 µl)","Ready-to-use prestained protein ladder, three-color (tricolor) protein standard",5,35,12,unknown,,,,,https://www.azuragenomics.com/products/pureview-prestained-protein-ladder,"Azura_PureView_AZ1141_manual.pdf, Azura_ladders_product_sheet.pdf"
Azura-Genomics,azuragenomics.com,PureView™ Prestained Protein Ladder,"AZ-1141 (1 × 500 µl), AZ-1142 (2 × 500 µl), AZ-1142-2 (4 × 500 µl)","Ready-to-use prestained protein ladder, three-color (tricolor) protein standard",6,40,12,unknown,,,,,https://www.azuragenomics.com/products/pureview-prestained-protein-ladder,"Azura_PureView_AZ1141_manual.pdf, Azura_ladders_product_sheet.pdf"
Azura-Genomics,azuragenomics.com,PureView™ Prestained Protein Ladder,"AZ-1141 (1 × 500 µl), AZ-1142 (2 × 500 µl), AZ-1142-2 (4 × 500 µl)","Ready-to-use prestained protein ladder, three-color (tricolor) protein standard",7,55,12,unknown,,,,,https://www.azuragenomics.com/products/pureview-prestained-protein-ladder,"Azura_PureView_AZ1141_manual.pdf, Azura_ladders_product_sheet.pdf"
Azura-Genomics,azuragenomics.com,PureView™ Prestained Protein Ladder,"AZ-1141 (1 × 500 µl), AZ-1142 (2 × 500 µl), AZ-1142-2 (4 × 500 µl)","Ready-to-use prestained protein ladder, three-color (tricolor) protein standard",8,70,12,unknown,,,,,https://www.azuragenomics.com/products/pureview-prestained-protein-ladder,"Azura_PureView_AZ1141_manual.pdf, Azura_ladders_product_sheet.pdf"
Azura-Genomics,azuragenomics.com,PureView™ Prestained Protein Ladder,"AZ-1141 (1 × 500 µl), AZ-1142 (2 × 500 µl), AZ-1142-2 (4 × 500 µl)","Ready-to-use prestained protein ladder, three-color (tricolor) protein standard",9,100,12,unknown,,,,,https://www.azuragenomics.com/products/pureview-prestained-protein-ladder,"Azura_PureView_AZ1141_manual.pdf, Azura_ladders_product_sheet.pdf"
Azura-Genomics,azuragenomics.com,PureView™ Prestained Protein Ladder,"AZ-1141 (1 × 500 µl), AZ-1142 (2 × 500 µl), AZ-1142-2 (4 × 500 µl)","Ready-to-use prestained protein ladder, three-color (tricolor) protein standard",10,130,12,unknown,,,,,https://www.azuragenomics.com/products/pureview-prestained-protein-ladder,"Azura_PureView_AZ1141_manual.pdf, Azura_ladders_product_sheet.pdf"
Azura-Genomics,azuragenomics.com,PureView™ Prestained Protein Ladder,"AZ-1141 (1 × 500 µl), AZ-1142 (2 × 500 µl), AZ-1142-2 (4 × 500 µl)","Ready-to-use prestained protein ladder, three-color (tricolor) protein standard",11,180,12,unknown,,,,,https://www.azuragenomics.com/products/pureview-prestained-protein-ladder,"Azura_PureView_AZ1141_manual.pdf, Azura_ladders_product_sheet.pdf"
Azura-Genomics,azuragenomics.com,PureView™ Prestained Protein Ladder,"AZ-1141 (1 × 500 µl), AZ-1142 (2 × 500 µl), AZ-1142-2 (4 × 500 µl)","Ready-to-use prestained protein ladder, three-color (tricolor) protein standard",12,245,12,unknown,,,,,https://www.azuragenomics.com/products/pureview-prestained-protein-ladder,"Azura_PureView_AZ1141_manual.pdf, Azura_ladders_product_sheet.pdf"
Bio-Rad,https://www.bio-rad.com,Precision Plus Protein All Blue Standards,1610373 (also 1610374 value pack / 1610393 mini-pack family),Prestained (All Blue; 10 blue-stained recombinant proteins),1,10,10,blue,#2563eb,1,false,protein-bio-rad-precision-plus-protein-all-blue-standards,https://www.bio-rad.com/en-us/sku/1610373-precision-plus-protein-all-blue-standards,pdfs/BioRad_AllBlue_1610373_manual.pdf ✓ (downloaded via browser)
Bio-Rad,https://www.bio-rad.com,Precision Plus Protein All Blue Standards,1610373 (also 1610374 value pack / 1610393 mini-pack family),Prestained (All Blue; 10 blue-stained recombinant proteins),2,15,10,blue,#2563eb,1,false,protein-bio-rad-precision-plus-protein-all-blue-standards,https://www.bio-rad.com/en-us/sku/1610373-precision-plus-protein-all-blue-standards,pdfs/BioRad_AllBlue_1610373_manual.pdf ✓ (downloaded via browser)
Bio-Rad,https://www.bio-rad.com,Precision Plus Protein All Blue Standards,1610373 (also 1610374 value pack / 1610393 mini-pack family),Prestained (All Blue; 10 blue-stained recombinant proteins),3,20,10,blue,#2563eb,1,false,protein-bio-rad-precision-plus-protein-all-blue-standards,https://www.bio-rad.com/en-us/sku/1610373-precision-plus-protein-all-blue-standards,pdfs/BioRad_AllBlue_1610373_manual.pdf ✓ (downloaded via browser)
Bio-Rad,https://www.bio-rad.com,Precision Plus Protein All Blue Standards,1610373 (also 1610374 value pack / 1610393 mini-pack family),Prestained (All Blue; 10 blue-stained recombinant proteins),4,25,10,blue,#2563eb,1,false,protein-bio-rad-precision-plus-protein-all-blue-standards,https://www.bio-rad.com/en-us/sku/1610373-precision-plus-protein-all-blue-standards,pdfs/BioRad_AllBlue_1610373_manual.pdf ✓ (downloaded via browser)
Bio-Rad,https://www.bio-rad.com,Precision Plus Protein All Blue Standards,1610373 (also 1610374 value pack / 1610393 mini-pack family),Prestained (All Blue; 10 blue-stained recombinant proteins),5,37,10,blue,#2563eb,1,false,protein-bio-rad-precision-plus-protein-all-blue-standards,https://www.bio-rad.com/en-us/sku/1610373-precision-plus-protein-all-blue-standards,pdfs/BioRad_AllBlue_1610373_manual.pdf ✓ (downloaded via browser)
Bio-Rad,https://www.bio-rad.com,Precision Plus Protein All Blue Standards,1610373 (also 1610374 value pack / 1610393 mini-pack family),Prestained (All Blue; 10 blue-stained recombinant proteins),6,50,10,blue,#2563eb,1,false,protein-bio-rad-precision-plus-protein-all-blue-standards,https://www.bio-rad.com/en-us/sku/1610373-precision-plus-protein-all-blue-standards,pdfs/BioRad_AllBlue_1610373_manual.pdf ✓ (downloaded via browser)
Bio-Rad,https://www.bio-rad.com,Precision Plus Protein All Blue Standards,1610373 (also 1610374 value pack / 1610393 mini-pack family),Prestained (All Blue; 10 blue-stained recombinant proteins),7,75,10,blue,#2563eb,1,false,protein-bio-rad-precision-plus-protein-all-blue-standards,https://www.bio-rad.com/en-us/sku/1610373-precision-plus-protein-all-blue-standards,pdfs/BioRad_AllBlue_1610373_manual.pdf ✓ (downloaded via browser)
Bio-Rad,https://www.bio-rad.com,Precision Plus Protein All Blue Standards,1610373 (also 1610374 value pack / 1610393 mini-pack family),Prestained (All Blue; 10 blue-stained recombinant proteins),8,100,10,blue,#2563eb,1,false,protein-bio-rad-precision-plus-protein-all-blue-standards,https://www.bio-rad.com/en-us/sku/1610373-precision-plus-protein-all-blue-standards,pdfs/BioRad_AllBlue_1610373_manual.pdf ✓ (downloaded via browser)
Bio-Rad,https://www.bio-rad.com,Precision Plus Protein All Blue Standards,1610373 (also 1610374 value pack / 1610393 mini-pack family),Prestained (All Blue; 10 blue-stained recombinant proteins),9,150,10,blue,#2563eb,1,false,protein-bio-rad-precision-plus-protein-all-blue-standards,https://www.bio-rad.com/en-us/sku/1610373-precision-plus-protein-all-blue-standards,pdfs/BioRad_AllBlue_1610373_manual.pdf ✓ (downloaded via browser)
Bio-Rad,https://www.bio-rad.com,Precision Plus Protein All Blue Standards,1610373 (also 1610374 value pack / 1610393 mini-pack family),Prestained (All Blue; 10 blue-stained recombinant proteins),10,250,10,blue,#2563eb,1,false,protein-bio-rad-precision-plus-protein-all-blue-standards,https://www.bio-rad.com/en-us/sku/1610373-precision-plus-protein-all-blue-standards,pdfs/BioRad_AllBlue_1610373_manual.pdf ✓ (downloaded via browser)
Bio-Rad,https://www.bio-rad.com,Precision Plus Protein Dual Color Standards,1610374,Prestained Dual Color (8 blue + 2 pink reference bands),1,10,10,blue,#2563eb,1,false,protein-bio-rad-precision-plus-protein-dual-color-standards,https://www.bio-rad.com/en-us/sku/1610374-precision-plus-protein-dual-color-standards,- Instruction Manual https://www.bio-rad.com/webroot/web/pdf/lsr/literature/4110025.pdf (403 — not saved)
Bio-Rad,https://www.bio-rad.com,Precision Plus Protein Dual Color Standards,1610374,Prestained Dual Color (8 blue + 2 pink reference bands),2,15,10,blue,#2563eb,1,false,protein-bio-rad-precision-plus-protein-dual-color-standards,https://www.bio-rad.com/en-us/sku/1610374-precision-plus-protein-dual-color-standards,- Instruction Manual https://www.bio-rad.com/webroot/web/pdf/lsr/literature/4110025.pdf (403 — not saved)
Bio-Rad,https://www.bio-rad.com,Precision Plus Protein Dual Color Standards,1610374,Prestained Dual Color (8 blue + 2 pink reference bands),3,20,10,blue,#2563eb,1,false,protein-bio-rad-precision-plus-protein-dual-color-standards,https://www.bio-rad.com/en-us/sku/1610374-precision-plus-protein-dual-color-standards,- Instruction Manual https://www.bio-rad.com/webroot/web/pdf/lsr/literature/4110025.pdf (403 — not saved)
Bio-Rad,https://www.bio-rad.com,Precision Plus Protein Dual Color Standards,1610374,Prestained Dual Color (8 blue + 2 pink reference bands),4,25,10,pink,#ec4899,1.55,true,protein-bio-rad-precision-plus-protein-dual-color-standards,https://www.bio-rad.com/en-us/sku/1610374-precision-plus-protein-dual-color-standards,- Instruction Manual https://www.bio-rad.com/webroot/web/pdf/lsr/literature/4110025.pdf (403 — not saved)
Bio-Rad,https://www.bio-rad.com,Precision Plus Protein Dual Color Standards,1610374,Prestained Dual Color (8 blue + 2 pink reference bands),5,37,10,blue,#2563eb,1,false,protein-bio-rad-precision-plus-protein-dual-color-standards,https://www.bio-rad.com/en-us/sku/1610374-precision-plus-protein-dual-color-standards,- Instruction Manual https://www.bio-rad.com/webroot/web/pdf/lsr/literature/4110025.pdf (403 — not saved)
Bio-Rad,https://www.bio-rad.com,Precision Plus Protein Dual Color Standards,1610374,Prestained Dual Color (8 blue + 2 pink reference bands),6,50,10,blue,#2563eb,1,false,protein-bio-rad-precision-plus-protein-dual-color-standards,https://www.bio-rad.com/en-us/sku/1610374-precision-plus-protein-dual-color-standards,- Instruction Manual https://www.bio-rad.com/webroot/web/pdf/lsr/literature/4110025.pdf (403 — not saved)
Bio-Rad,https://www.bio-rad.com,Precision Plus Protein Dual Color Standards,1610374,Prestained Dual Color (8 blue + 2 pink reference bands),7,75,10,pink,#ec4899,1.55,true,protein-bio-rad-precision-plus-protein-dual-color-standards,https://www.bio-rad.com/en-us/sku/1610374-precision-plus-protein-dual-color-standards,- Instruction Manual https://www.bio-rad.com/webroot/web/pdf/lsr/literature/4110025.pdf (403 — not saved)
Bio-Rad,https://www.bio-rad.com,Precision Plus Protein Dual Color Standards,1610374,Prestained Dual Color (8 blue + 2 pink reference bands),8,100,10,blue,#2563eb,1,false,protein-bio-rad-precision-plus-protein-dual-color-standards,https://www.bio-rad.com/en-us/sku/1610374-precision-plus-protein-dual-color-standards,- Instruction Manual https://www.bio-rad.com/webroot/web/pdf/lsr/literature/4110025.pdf (403 — not saved)
Bio-Rad,https://www.bio-rad.com,Precision Plus Protein Dual Color Standards,1610374,Prestained Dual Color (8 blue + 2 pink reference bands),9,150,10,blue,#2563eb,1,false,protein-bio-rad-precision-plus-protein-dual-color-standards,https://www.bio-rad.com/en-us/sku/1610374-precision-plus-protein-dual-color-standards,- Instruction Manual https://www.bio-rad.com/webroot/web/pdf/lsr/literature/4110025.pdf (403 — not saved)
Bio-Rad,https://www.bio-rad.com,Precision Plus Protein Dual Color Standards,1610374,Prestained Dual Color (8 blue + 2 pink reference bands),10,250,10,blue,#2563eb,1,false,protein-bio-rad-precision-plus-protein-dual-color-standards,https://www.bio-rad.com/en-us/sku/1610374-precision-plus-protein-dual-color-standards,- Instruction Manual https://www.bio-rad.com/webroot/web/pdf/lsr/literature/4110025.pdf (403 — not saved)
Bio-Rad,https://www.bio-rad.com,Precision Plus Protein Unstained Standards (Strep-tagged),1610363,"Unstained (recombinant, Strep-tag affinity handle)",1,10,10,gray,#334155,1,false,protein-bio-rad-precision-plus-protein-unstained-standards-strep-tagged,https://www.bio-rad.com/en-us/sku/1610363-precision-plus-protein-unstained-standards,- Instruction Manual https://www.bio-rad.com/webroot/web/pdf/lsr/literature/Bulletin_4110023.pdf (403 — not saved)
Bio-Rad,https://www.bio-rad.com,Precision Plus Protein Unstained Standards (Strep-tagged),1610363,"Unstained (recombinant, Strep-tag affinity handle)",2,15,10,gray,#334155,1,false,protein-bio-rad-precision-plus-protein-unstained-standards-strep-tagged,https://www.bio-rad.com/en-us/sku/1610363-precision-plus-protein-unstained-standards,- Instruction Manual https://www.bio-rad.com/webroot/web/pdf/lsr/literature/Bulletin_4110023.pdf (403 — not saved)
Bio-Rad,https://www.bio-rad.com,Precision Plus Protein Unstained Standards (Strep-tagged),1610363,"Unstained (recombinant, Strep-tag affinity handle)",3,20,10,gray,#334155,1,false,protein-bio-rad-precision-plus-protein-unstained-standards-strep-tagged,https://www.bio-rad.com/en-us/sku/1610363-precision-plus-protein-unstained-standards,- Instruction Manual https://www.bio-rad.com/webroot/web/pdf/lsr/literature/Bulletin_4110023.pdf (403 — not saved)
Bio-Rad,https://www.bio-rad.com,Precision Plus Protein Unstained Standards (Strep-tagged),1610363,"Unstained (recombinant, Strep-tag affinity handle)",4,25,10,gray,#334155,1,false,protein-bio-rad-precision-plus-protein-unstained-standards-strep-tagged,https://www.bio-rad.com/en-us/sku/1610363-precision-plus-protein-unstained-standards,- Instruction Manual https://www.bio-rad.com/webroot/web/pdf/lsr/literature/Bulletin_4110023.pdf (403 — not saved)
Bio-Rad,https://www.bio-rad.com,Precision Plus Protein Unstained Standards (Strep-tagged),1610363,"Unstained (recombinant, Strep-tag affinity handle)",5,37,10,gray,#334155,1,false,protein-bio-rad-precision-plus-protein-unstained-standards-strep-tagged,https://www.bio-rad.com/en-us/sku/1610363-precision-plus-protein-unstained-standards,- Instruction Manual https://www.bio-rad.com/webroot/web/pdf/lsr/literature/Bulletin_4110023.pdf (403 — not saved)
Bio-Rad,https://www.bio-rad.com,Precision Plus Protein Unstained Standards (Strep-tagged),1610363,"Unstained (recombinant, Strep-tag affinity handle)",6,50,10,gray,#334155,1,false,protein-bio-rad-precision-plus-protein-unstained-standards-strep-tagged,https://www.bio-rad.com/en-us/sku/1610363-precision-plus-protein-unstained-standards,- Instruction Manual https://www.bio-rad.com/webroot/web/pdf/lsr/literature/Bulletin_4110023.pdf (403 — not saved)
Bio-Rad,https://www.bio-rad.com,Precision Plus Protein Unstained Standards (Strep-tagged),1610363,"Unstained (recombinant, Strep-tag affinity handle)",7,75,10,gray,#334155,1,false,protein-bio-rad-precision-plus-protein-unstained-standards-strep-tagged,https://www.bio-rad.com/en-us/sku/1610363-precision-plus-protein-unstained-standards,- Instruction Manual https://www.bio-rad.com/webroot/web/pdf/lsr/literature/Bulletin_4110023.pdf (403 — not saved)
Bio-Rad,https://www.bio-rad.com,Precision Plus Protein Unstained Standards (Strep-tagged),1610363,"Unstained (recombinant, Strep-tag affinity handle)",8,100,10,gray,#334155,1,false,protein-bio-rad-precision-plus-protein-unstained-standards-strep-tagged,https://www.bio-rad.com/en-us/sku/1610363-precision-plus-protein-unstained-standards,- Instruction Manual https://www.bio-rad.com/webroot/web/pdf/lsr/literature/Bulletin_4110023.pdf (403 — not saved)
Bio-Rad,https://www.bio-rad.com,Precision Plus Protein Unstained Standards (Strep-tagged),1610363,"Unstained (recombinant, Strep-tag affinity handle)",9,150,10,gray,#334155,1,false,protein-bio-rad-precision-plus-protein-unstained-standards-strep-tagged,https://www.bio-rad.com/en-us/sku/1610363-precision-plus-protein-unstained-standards,- Instruction Manual https://www.bio-rad.com/webroot/web/pdf/lsr/literature/Bulletin_4110023.pdf (403 — not saved)
Bio-Rad,https://www.bio-rad.com,Precision Plus Protein Unstained Standards (Strep-tagged),1610363,"Unstained (recombinant, Strep-tag affinity handle)",10,250,10,gray,#334155,1,false,protein-bio-rad-precision-plus-protein-unstained-standards-strep-tagged,https://www.bio-rad.com/en-us/sku/1610363-precision-plus-protein-unstained-standards,- Instruction Manual https://www.bio-rad.com/webroot/web/pdf/lsr/literature/Bulletin_4110023.pdf (403 — not saved)
Bio-Rad,https://www.bio-rad.com,Precision Plus Protein WesternC Blotting Standards,1610376,Western blotting standard (combination of stained Dual Color + unstained Strep-tag proteins; for chemiluminescent/fluorescent western visualization with StrepTactin-HRP),1,10,10,gray,#334155,1,false,protein-bio-rad-precision-plus-protein-westernc-blotting-standards,https://www.bio-rad.com/en-us/sku/1610376-precision-plus-protein-westernc-standards,- Instruction Manual (standards) https://www.bio-rad.com/webroot/web/pdf/lsr/literature/10008761.pdf (403 — not saved)
Bio-Rad,https://www.bio-rad.com,Precision Plus Protein WesternC Blotting Standards,1610376,Western blotting standard (combination of stained Dual Color + unstained Strep-tag proteins; for chemiluminescent/fluorescent western visualization with StrepTactin-HRP),2,15,10,gray,#334155,1,false,protein-bio-rad-precision-plus-protein-westernc-blotting-standards,https://www.bio-rad.com/en-us/sku/1610376-precision-plus-protein-westernc-standards,- Instruction Manual (standards) https://www.bio-rad.com/webroot/web/pdf/lsr/literature/10008761.pdf (403 — not saved)
Bio-Rad,https://www.bio-rad.com,Precision Plus Protein WesternC Blotting Standards,1610376,Western blotting standard (combination of stained Dual Color + unstained Strep-tag proteins; for chemiluminescent/fluorescent western visualization with StrepTactin-HRP),3,20,10,gray,#334155,1,false,protein-bio-rad-precision-plus-protein-westernc-blotting-standards,https://www.bio-rad.com/en-us/sku/1610376-precision-plus-protein-westernc-standards,- Instruction Manual (standards) https://www.bio-rad.com/webroot/web/pdf/lsr/literature/10008761.pdf (403 — not saved)
Bio-Rad,https://www.bio-rad.com,Precision Plus Protein WesternC Blotting Standards,1610376,Western blotting standard (combination of stained Dual Color + unstained Strep-tag proteins; for chemiluminescent/fluorescent western visualization with StrepTactin-HRP),4,25,10,gray,#334155,1,false,protein-bio-rad-precision-plus-protein-westernc-blotting-standards,https://www.bio-rad.com/en-us/sku/1610376-precision-plus-protein-westernc-standards,- Instruction Manual (standards) https://www.bio-rad.com/webroot/web/pdf/lsr/literature/10008761.pdf (403 — not saved)
Bio-Rad,https://www.bio-rad.com,Precision Plus Protein WesternC Blotting Standards,1610376,Western blotting standard (combination of stained Dual Color + unstained Strep-tag proteins; for chemiluminescent/fluorescent western visualization with StrepTactin-HRP),5,37,10,gray,#334155,1,false,protein-bio-rad-precision-plus-protein-westernc-blotting-standards,https://www.bio-rad.com/en-us/sku/1610376-precision-plus-protein-westernc-standards,- Instruction Manual (standards) https://www.bio-rad.com/webroot/web/pdf/lsr/literature/10008761.pdf (403 — not saved)
Bio-Rad,https://www.bio-rad.com,Precision Plus Protein WesternC Blotting Standards,1610376,Western blotting standard (combination of stained Dual Color + unstained Strep-tag proteins; for chemiluminescent/fluorescent western visualization with StrepTactin-HRP),6,50,10,gray,#334155,1,false,protein-bio-rad-precision-plus-protein-westernc-blotting-standards,https://www.bio-rad.com/en-us/sku/1610376-precision-plus-protein-westernc-standards,- Instruction Manual (standards) https://www.bio-rad.com/webroot/web/pdf/lsr/literature/10008761.pdf (403 — not saved)
Bio-Rad,https://www.bio-rad.com,Precision Plus Protein WesternC Blotting Standards,1610376,Western blotting standard (combination of stained Dual Color + unstained Strep-tag proteins; for chemiluminescent/fluorescent western visualization with StrepTactin-HRP),7,75,10,gray,#334155,1,false,protein-bio-rad-precision-plus-protein-westernc-blotting-standards,https://www.bio-rad.com/en-us/sku/1610376-precision-plus-protein-westernc-standards,- Instruction Manual (standards) https://www.bio-rad.com/webroot/web/pdf/lsr/literature/10008761.pdf (403 — not saved)
Bio-Rad,https://www.bio-rad.com,Precision Plus Protein WesternC Blotting Standards,1610376,Western blotting standard (combination of stained Dual Color + unstained Strep-tag proteins; for chemiluminescent/fluorescent western visualization with StrepTactin-HRP),8,100,10,gray,#334155,1,false,protein-bio-rad-precision-plus-protein-westernc-blotting-standards,https://www.bio-rad.com/en-us/sku/1610376-precision-plus-protein-westernc-standards,- Instruction Manual (standards) https://www.bio-rad.com/webroot/web/pdf/lsr/literature/10008761.pdf (403 — not saved)
Bio-Rad,https://www.bio-rad.com,Precision Plus Protein WesternC Blotting Standards,1610376,Western blotting standard (combination of stained Dual Color + unstained Strep-tag proteins; for chemiluminescent/fluorescent western visualization with StrepTactin-HRP),9,150,10,gray,#334155,1,false,protein-bio-rad-precision-plus-protein-westernc-blotting-standards,https://www.bio-rad.com/en-us/sku/1610376-precision-plus-protein-westernc-standards,- Instruction Manual (standards) https://www.bio-rad.com/webroot/web/pdf/lsr/literature/10008761.pdf (403 — not saved)
Bio-Rad,https://www.bio-rad.com,Precision Plus Protein WesternC Blotting Standards,1610376,Western blotting standard (combination of stained Dual Color + unstained Strep-tag proteins; for chemiluminescent/fluorescent western visualization with StrepTactin-HRP),10,250,10,gray,#334155,1,false,protein-bio-rad-precision-plus-protein-westernc-blotting-standards,https://www.bio-rad.com/en-us/sku/1610376-precision-plus-protein-westernc-standards,- Instruction Manual (standards) https://www.bio-rad.com/webroot/web/pdf/lsr/literature/10008761.pdf (403 — not saved)
Bio-Rad,https://www.bio-rad.com,Precision Plus Protein Kaleidoscope Standards,1610395 (value pack; also 1610393 single),Prestained Kaleidoscope (multicolored recombinant proteins),1,10,10,blue,#2563eb,1,false,protein-bio-rad-precision-plus-protein-kaleidoscope-standards,https://www.bio-rad.com/en-us/sku/1610395-precision-plus-protein-kaleidoscope-prestained-standards,Instruction Manual https://www.bio-rad.com/webroot/web/pdf/lsr/literature/4110182.pdf (403 — not saved)
Bio-Rad,https://www.bio-rad.com,Precision Plus Protein Kaleidoscope Standards,1610395 (value pack; also 1610393 single),Prestained Kaleidoscope (multicolored recombinant proteins),2,15,10,blue,#2563eb,1,false,protein-bio-rad-precision-plus-protein-kaleidoscope-standards,https://www.bio-rad.com/en-us/sku/1610395-precision-plus-protein-kaleidoscope-prestained-standards,Instruction Manual https://www.bio-rad.com/webroot/web/pdf/lsr/literature/4110182.pdf (403 — not saved)
Bio-Rad,https://www.bio-rad.com,Precision Plus Protein Kaleidoscope Standards,1610395 (value pack; also 1610393 single),Prestained Kaleidoscope (multicolored recombinant proteins),3,20,10,blue,#2563eb,1,false,protein-bio-rad-precision-plus-protein-kaleidoscope-standards,https://www.bio-rad.com/en-us/sku/1610395-precision-plus-protein-kaleidoscope-prestained-standards,Instruction Manual https://www.bio-rad.com/webroot/web/pdf/lsr/literature/4110182.pdf (403 — not saved)
Bio-Rad,https://www.bio-rad.com,Precision Plus Protein Kaleidoscope Standards,1610395 (value pack; also 1610393 single),Prestained Kaleidoscope (multicolored recombinant proteins),4,25,10,blue,#2563eb,1,false,protein-bio-rad-precision-plus-protein-kaleidoscope-standards,https://www.bio-rad.com/en-us/sku/1610395-precision-plus-protein-kaleidoscope-prestained-standards,Instruction Manual https://www.bio-rad.com/webroot/web/pdf/lsr/literature/4110182.pdf (403 — not saved)
Bio-Rad,https://www.bio-rad.com,Precision Plus Protein Kaleidoscope Standards,1610395 (value pack; also 1610393 single),Prestained Kaleidoscope (multicolored recombinant proteins),5,37,10,blue,#2563eb,1,false,protein-bio-rad-precision-plus-protein-kaleidoscope-standards,https://www.bio-rad.com/en-us/sku/1610395-precision-plus-protein-kaleidoscope-prestained-standards,Instruction Manual https://www.bio-rad.com/webroot/web/pdf/lsr/literature/4110182.pdf (403 — not saved)
Bio-Rad,https://www.bio-rad.com,Precision Plus Protein Kaleidoscope Standards,1610395 (value pack; also 1610393 single),Prestained Kaleidoscope (multicolored recombinant proteins),6,50,10,blue,#2563eb,1,false,protein-bio-rad-precision-plus-protein-kaleidoscope-standards,https://www.bio-rad.com/en-us/sku/1610395-precision-plus-protein-kaleidoscope-prestained-standards,Instruction Manual https://www.bio-rad.com/webroot/web/pdf/lsr/literature/4110182.pdf (403 — not saved)
Bio-Rad,https://www.bio-rad.com,Precision Plus Protein Kaleidoscope Standards,1610395 (value pack; also 1610393 single),Prestained Kaleidoscope (multicolored recombinant proteins),7,75,10,blue,#2563eb,1,false,protein-bio-rad-precision-plus-protein-kaleidoscope-standards,https://www.bio-rad.com/en-us/sku/1610395-precision-plus-protein-kaleidoscope-prestained-standards,Instruction Manual https://www.bio-rad.com/webroot/web/pdf/lsr/literature/4110182.pdf (403 — not saved)
Bio-Rad,https://www.bio-rad.com,Precision Plus Protein Kaleidoscope Standards,1610395 (value pack; also 1610393 single),Prestained Kaleidoscope (multicolored recombinant proteins),8,100,10,blue,#2563eb,1,false,protein-bio-rad-precision-plus-protein-kaleidoscope-standards,https://www.bio-rad.com/en-us/sku/1610395-precision-plus-protein-kaleidoscope-prestained-standards,Instruction Manual https://www.bio-rad.com/webroot/web/pdf/lsr/literature/4110182.pdf (403 — not saved)
Bio-Rad,https://www.bio-rad.com,Precision Plus Protein Kaleidoscope Standards,1610395 (value pack; also 1610393 single),Prestained Kaleidoscope (multicolored recombinant proteins),9,150,10,blue,#2563eb,1,false,protein-bio-rad-precision-plus-protein-kaleidoscope-standards,https://www.bio-rad.com/en-us/sku/1610395-precision-plus-protein-kaleidoscope-prestained-standards,Instruction Manual https://www.bio-rad.com/webroot/web/pdf/lsr/literature/4110182.pdf (403 — not saved)
Bio-Rad,https://www.bio-rad.com,Precision Plus Protein Kaleidoscope Standards,1610395 (value pack; also 1610393 single),Prestained Kaleidoscope (multicolored recombinant proteins),10,250,10,blue,#2563eb,1,false,protein-bio-rad-precision-plus-protein-kaleidoscope-standards,https://www.bio-rad.com/en-us/sku/1610395-precision-plus-protein-kaleidoscope-prestained-standards,Instruction Manual https://www.bio-rad.com/webroot/web/pdf/lsr/literature/4110182.pdf (403 — not saved)
Bio-Rad,https://www.bio-rad.com,"Silver Stain SDS-PAGE Standards (Low Range), natural",1610314,Unstained natural proteins (for silver stain / Coomassie; broad-use SDS-PAGE),1,14.4,6,gray,#334155,1,false,protein-bio-rad-silver-stain-sds-page-standards-low-range-natural,https://www.bio-rad.com/en-us/sku/1610314,not enumerated
Bio-Rad,https://www.bio-rad.com,"Silver Stain SDS-PAGE Standards (Low Range), natural",1610314,Unstained natural proteins (for silver stain / Coomassie; broad-use SDS-PAGE),2,21.5,6,gray,#334155,1,false,protein-bio-rad-silver-stain-sds-page-standards-low-range-natural,https://www.bio-rad.com/en-us/sku/1610314,not enumerated
Bio-Rad,https://www.bio-rad.com,"Silver Stain SDS-PAGE Standards (Low Range), natural",1610314,Unstained natural proteins (for silver stain / Coomassie; broad-use SDS-PAGE),3,31,6,gray,#334155,1,false,protein-bio-rad-silver-stain-sds-page-standards-low-range-natural,https://www.bio-rad.com/en-us/sku/1610314,not enumerated
Bio-Rad,https://www.bio-rad.com,"Silver Stain SDS-PAGE Standards (Low Range), natural",1610314,Unstained natural proteins (for silver stain / Coomassie; broad-use SDS-PAGE),4,45,6,gray,#334155,1,false,protein-bio-rad-silver-stain-sds-page-standards-low-range-natural,https://www.bio-rad.com/en-us/sku/1610314,not enumerated
Bio-Rad,https://www.bio-rad.com,"Silver Stain SDS-PAGE Standards (Low Range), natural",1610314,Unstained natural proteins (for silver stain / Coomassie; broad-use SDS-PAGE),5,66.2,6,gray,#334155,1,false,protein-bio-rad-silver-stain-sds-page-standards-low-range-natural,https://www.bio-rad.com/en-us/sku/1610314,not enumerated
Bio-Rad,https://www.bio-rad.com,"Silver Stain SDS-PAGE Standards (Low Range), natural",1610314,Unstained natural proteins (for silver stain / Coomassie; broad-use SDS-PAGE),6,97.4,6,gray,#334155,1,false,protein-bio-rad-silver-stain-sds-page-standards-low-range-natural,https://www.bio-rad.com/en-us/sku/1610314,not enumerated
Bioneer,bioneer.com (English catalog: eng.bioneer.com / US shop: us.bioneer.com),AccuLadder™ 3-color Prestained Protein size marker (Broad),D-2030 (500 µl),"Prestained, three-color (25 kDa = green, 75 kDa = red, other 10 bands blue)",1,11,11,unknown,,,,,https://eng.bioneer.com/20-d-2030.html,Bioneer_D2030_manual.pdf (https://eng.bioneer.com/literatures/manual/LaddersandMarkers/PM_Prestained_protein_marker_EN.pdf)
Bioneer,bioneer.com (English catalog: eng.bioneer.com / US shop: us.bioneer.com),AccuLadder™ 3-color Prestained Protein size marker (Broad),D-2030 (500 µl),"Prestained, three-color (25 kDa = green, 75 kDa = red, other 10 bands blue)",2,17,11,unknown,,,,,https://eng.bioneer.com/20-d-2030.html,Bioneer_D2030_manual.pdf (https://eng.bioneer.com/literatures/manual/LaddersandMarkers/PM_Prestained_protein_marker_EN.pdf)
Bioneer,bioneer.com (English catalog: eng.bioneer.com / US shop: us.bioneer.com),AccuLadder™ 3-color Prestained Protein size marker (Broad),D-2030 (500 µl),"Prestained, three-color (25 kDa = green, 75 kDa = red, other 10 bands blue)",3,25,11,unknown,,,,,https://eng.bioneer.com/20-d-2030.html,Bioneer_D2030_manual.pdf (https://eng.bioneer.com/literatures/manual/LaddersandMarkers/PM_Prestained_protein_marker_EN.pdf)
Bioneer,bioneer.com (English catalog: eng.bioneer.com / US shop: us.bioneer.com),AccuLadder™ 3-color Prestained Protein size marker (Broad),D-2030 (500 µl),"Prestained, three-color (25 kDa = green, 75 kDa = red, other 10 bands blue)",4,35,11,unknown,,,,,https://eng.bioneer.com/20-d-2030.html,Bioneer_D2030_manual.pdf (https://eng.bioneer.com/literatures/manual/LaddersandMarkers/PM_Prestained_protein_marker_EN.pdf)
Bioneer,bioneer.com (English catalog: eng.bioneer.com / US shop: us.bioneer.com),AccuLadder™ 3-color Prestained Protein size marker (Broad),D-2030 (500 µl),"Prestained, three-color (25 kDa = green, 75 kDa = red, other 10 bands blue)",5,48,11,unknown,,,,,https://eng.bioneer.com/20-d-2030.html,Bioneer_D2030_manual.pdf (https://eng.bioneer.com/literatures/manual/LaddersandMarkers/PM_Prestained_protein_marker_EN.pdf)
Bioneer,bioneer.com (English catalog: eng.bioneer.com / US shop: us.bioneer.com),AccuLadder™ 3-color Prestained Protein size marker (Broad),D-2030 (500 µl),"Prestained, three-color (25 kDa = green, 75 kDa = red, other 10 bands blue)",6,63,11,unknown,,,,,https://eng.bioneer.com/20-d-2030.html,Bioneer_D2030_manual.pdf (https://eng.bioneer.com/literatures/manual/LaddersandMarkers/PM_Prestained_protein_marker_EN.pdf)
Bioneer,bioneer.com (English catalog: eng.bioneer.com / US shop: us.bioneer.com),AccuLadder™ 3-color Prestained Protein size marker (Broad),D-2030 (500 µl),"Prestained, three-color (25 kDa = green, 75 kDa = red, other 10 bands blue)",7,75,11,unknown,,,,,https://eng.bioneer.com/20-d-2030.html,Bioneer_D2030_manual.pdf (https://eng.bioneer.com/literatures/manual/LaddersandMarkers/PM_Prestained_protein_marker_EN.pdf)
Bioneer,bioneer.com (English catalog: eng.bioneer.com / US shop: us.bioneer.com),AccuLadder™ 3-color Prestained Protein size marker (Broad),D-2030 (500 µl),"Prestained, three-color (25 kDa = green, 75 kDa = red, other 10 bands blue)",8,100,11,unknown,,,,,https://eng.bioneer.com/20-d-2030.html,Bioneer_D2030_manual.pdf (https://eng.bioneer.com/literatures/manual/LaddersandMarkers/PM_Prestained_protein_marker_EN.pdf)
Bioneer,bioneer.com (English catalog: eng.bioneer.com / US shop: us.bioneer.com),AccuLadder™ 3-color Prestained Protein size marker (Broad),D-2030 (500 µl),"Prestained, three-color (25 kDa = green, 75 kDa = red, other 10 bands blue)",9,135,11,unknown,,,,,https://eng.bioneer.com/20-d-2030.html,Bioneer_D2030_manual.pdf (https://eng.bioneer.com/literatures/manual/LaddersandMarkers/PM_Prestained_protein_marker_EN.pdf)
Bioneer,bioneer.com (English catalog: eng.bioneer.com / US shop: us.bioneer.com),AccuLadder™ 3-color Prestained Protein size marker (Broad),D-2030 (500 µl),"Prestained, three-color (25 kDa = green, 75 kDa = red, other 10 bands blue)",10,180,11,unknown,,,,,https://eng.bioneer.com/20-d-2030.html,Bioneer_D2030_manual.pdf (https://eng.bioneer.com/literatures/manual/LaddersandMarkers/PM_Prestained_protein_marker_EN.pdf)
Bioneer,bioneer.com (English catalog: eng.bioneer.com / US shop: us.bioneer.com),AccuLadder™ 3-color Prestained Protein size marker (Broad),D-2030 (500 µl),"Prestained, three-color (25 kDa = green, 75 kDa = red, other 10 bands blue)",11,245,11,unknown,,,,,https://eng.bioneer.com/20-d-2030.html,Bioneer_D2030_manual.pdf (https://eng.bioneer.com/literatures/manual/LaddersandMarkers/PM_Prestained_protein_marker_EN.pdf)
Biotium,biotium.com,Peacock™ Prestained Protein Marker,"21530-50uL (50 µl), 21530-500uL (500 µl)","Prestained, three-color protein ladder",1,10,10,unknown,,,,,https://biotium.com/product/peacock-prestained-protein-marker/,- PDF: Biotium_Peacock_21530_PI.pdf
Biotium,biotium.com,Peacock™ Prestained Protein Marker,"21530-50uL (50 µl), 21530-500uL (500 µl)","Prestained, three-color protein ladder",2,15,10,unknown,,,,,https://biotium.com/product/peacock-prestained-protein-marker/,- PDF: Biotium_Peacock_21530_PI.pdf
Biotium,biotium.com,Peacock™ Prestained Protein Marker,"21530-50uL (50 µl), 21530-500uL (500 µl)","Prestained, three-color protein ladder",3,25,10,unknown,,,,,https://biotium.com/product/peacock-prestained-protein-marker/,- PDF: Biotium_Peacock_21530_PI.pdf
Biotium,biotium.com,Peacock™ Prestained Protein Marker,"21530-50uL (50 µl), 21530-500uL (500 µl)","Prestained, three-color protein ladder",4,35,10,unknown,,,,,https://biotium.com/product/peacock-prestained-protein-marker/,- PDF: Biotium_Peacock_21530_PI.pdf
Biotium,biotium.com,Peacock™ Prestained Protein Marker,"21530-50uL (50 µl), 21530-500uL (500 µl)","Prestained, three-color protein ladder",5,40,10,unknown,,,,,https://biotium.com/product/peacock-prestained-protein-marker/,- PDF: Biotium_Peacock_21530_PI.pdf
Biotium,biotium.com,Peacock™ Prestained Protein Marker,"21530-50uL (50 µl), 21530-500uL (500 µl)","Prestained, three-color protein ladder",6,55,10,unknown,,,,,https://biotium.com/product/peacock-prestained-protein-marker/,- PDF: Biotium_Peacock_21530_PI.pdf
Biotium,biotium.com,Peacock™ Prestained Protein Marker,"21530-50uL (50 µl), 21530-500uL (500 µl)","Prestained, three-color protein ladder",7,72,10,unknown,,,,,https://biotium.com/product/peacock-prestained-protein-marker/,- PDF: Biotium_Peacock_21530_PI.pdf
Biotium,biotium.com,Peacock™ Prestained Protein Marker,"21530-50uL (50 µl), 21530-500uL (500 µl)","Prestained, three-color protein ladder",8,100,10,unknown,,,,,https://biotium.com/product/peacock-prestained-protein-marker/,- PDF: Biotium_Peacock_21530_PI.pdf
Biotium,biotium.com,Peacock™ Prestained Protein Marker,"21530-50uL (50 µl), 21530-500uL (500 µl)","Prestained, three-color protein ladder",9,130,10,unknown,,,,,https://biotium.com/product/peacock-prestained-protein-marker/,- PDF: Biotium_Peacock_21530_PI.pdf
Biotium,biotium.com,Peacock™ Prestained Protein Marker,"21530-50uL (50 µl), 21530-500uL (500 µl)","Prestained, three-color protein ladder",10,180,10,unknown,,,,,https://biotium.com/product/peacock-prestained-protein-marker/,- PDF: Biotium_Peacock_21530_PI.pdf
Biotium,biotium.com,Peacock™ Plus Prestained Protein Marker,"21531-50uL (50 µl), 21531-500uL (500 µl)","Prestained, three-color protein ladder",1,8,12,unknown,,,,,https://biotium.com/product/peacock-plus-prestained-protein-marker/,- PDF: Biotium_PeacockPlus_21531_PI.pdf
Biotium,biotium.com,Peacock™ Plus Prestained Protein Marker,"21531-50uL (50 µl), 21531-500uL (500 µl)","Prestained, three-color protein ladder",2,10,12,unknown,,,,,https://biotium.com/product/peacock-plus-prestained-protein-marker/,- PDF: Biotium_PeacockPlus_21531_PI.pdf
Biotium,biotium.com,Peacock™ Plus Prestained Protein Marker,"21531-50uL (50 µl), 21531-500uL (500 µl)","Prestained, three-color protein ladder",3,15,12,unknown,,,,,https://biotium.com/product/peacock-plus-prestained-protein-marker/,- PDF: Biotium_PeacockPlus_21531_PI.pdf
Biotium,biotium.com,Peacock™ Plus Prestained Protein Marker,"21531-50uL (50 µl), 21531-500uL (500 µl)","Prestained, three-color protein ladder",4,25,12,unknown,,,,,https://biotium.com/product/peacock-plus-prestained-protein-marker/,- PDF: Biotium_PeacockPlus_21531_PI.pdf
Biotium,biotium.com,Peacock™ Plus Prestained Protein Marker,"21531-50uL (50 µl), 21531-500uL (500 µl)","Prestained, three-color protein ladder",5,35,12,unknown,,,,,https://biotium.com/product/peacock-plus-prestained-protein-marker/,- PDF: Biotium_PeacockPlus_21531_PI.pdf
Biotium,biotium.com,Peacock™ Plus Prestained Protein Marker,"21531-50uL (50 µl), 21531-500uL (500 µl)","Prestained, three-color protein ladder",6,40,12,unknown,,,,,https://biotium.com/product/peacock-plus-prestained-protein-marker/,- PDF: Biotium_PeacockPlus_21531_PI.pdf
Biotium,biotium.com,Peacock™ Plus Prestained Protein Marker,"21531-50uL (50 µl), 21531-500uL (500 µl)","Prestained, three-color protein ladder",7,55,12,unknown,,,,,https://biotium.com/product/peacock-plus-prestained-protein-marker/,- PDF: Biotium_PeacockPlus_21531_PI.pdf
Biotium,biotium.com,Peacock™ Plus Prestained Protein Marker,"21531-50uL (50 µl), 21531-500uL (500 µl)","Prestained, three-color protein ladder",8,70,12,unknown,,,,,https://biotium.com/product/peacock-plus-prestained-protein-marker/,- PDF: Biotium_PeacockPlus_21531_PI.pdf
Biotium,biotium.com,Peacock™ Plus Prestained Protein Marker,"21531-50uL (50 µl), 21531-500uL (500 µl)","Prestained, three-color protein ladder",9,100,12,unknown,,,,,https://biotium.com/product/peacock-plus-prestained-protein-marker/,- PDF: Biotium_PeacockPlus_21531_PI.pdf
Biotium,biotium.com,Peacock™ Plus Prestained Protein Marker,"21531-50uL (50 µl), 21531-500uL (500 µl)","Prestained, three-color protein ladder",10,130,12,unknown,,,,,https://biotium.com/product/peacock-plus-prestained-protein-marker/,- PDF: Biotium_PeacockPlus_21531_PI.pdf
Biotium,biotium.com,Peacock™ Plus Prestained Protein Marker,"21531-50uL (50 µl), 21531-500uL (500 µl)","Prestained, three-color protein ladder",11,180,12,unknown,,,,,https://biotium.com/product/peacock-plus-prestained-protein-marker/,- PDF: Biotium_PeacockPlus_21531_PI.pdf
Biotium,biotium.com,Peacock™ Plus Prestained Protein Marker,"21531-50uL (50 µl), 21531-500uL (500 µl)","Prestained, three-color protein ladder",12,245,12,unknown,,,,,https://biotium.com/product/peacock-plus-prestained-protein-marker/,- PDF: Biotium_PeacockPlus_21531_PI.pdf
Biozym,biozym.com,TriColor Protein Ladder (10 - 180 kDa),350900201,Prestained (tricolor),1,10,10,unknown,,,,,https://www.biozym.com/biochemikalien/proteinbiologie/protein-marker/tricolor-protein-ladder-10-180-kda,
Biozym,biozym.com,TriColor Protein Ladder (10 - 180 kDa),350900201,Prestained (tricolor),2,15,10,unknown,,,,,https://www.biozym.com/biochemikalien/proteinbiologie/protein-marker/tricolor-protein-ladder-10-180-kda,
Biozym,biozym.com,TriColor Protein Ladder (10 - 180 kDa),350900201,Prestained (tricolor),3,25,10,unknown,,,,,https://www.biozym.com/biochemikalien/proteinbiologie/protein-marker/tricolor-protein-ladder-10-180-kda,
Biozym,biozym.com,TriColor Protein Ladder (10 - 180 kDa),350900201,Prestained (tricolor),4,35,10,unknown,,,,,https://www.biozym.com/biochemikalien/proteinbiologie/protein-marker/tricolor-protein-ladder-10-180-kda,
Biozym,biozym.com,TriColor Protein Ladder (10 - 180 kDa),350900201,Prestained (tricolor),5,40,10,unknown,,,,,https://www.biozym.com/biochemikalien/proteinbiologie/protein-marker/tricolor-protein-ladder-10-180-kda,
Biozym,biozym.com,TriColor Protein Ladder (10 - 180 kDa),350900201,Prestained (tricolor),6,55,10,unknown,,,,,https://www.biozym.com/biochemikalien/proteinbiologie/protein-marker/tricolor-protein-ladder-10-180-kda,
Biozym,biozym.com,TriColor Protein Ladder (10 - 180 kDa),350900201,Prestained (tricolor),7,70,10,unknown,,,,,https://www.biozym.com/biochemikalien/proteinbiologie/protein-marker/tricolor-protein-ladder-10-180-kda,
Biozym,biozym.com,TriColor Protein Ladder (10 - 180 kDa),350900201,Prestained (tricolor),8,100,10,unknown,,,,,https://www.biozym.com/biochemikalien/proteinbiologie/protein-marker/tricolor-protein-ladder-10-180-kda,
Biozym,biozym.com,TriColor Protein Ladder (10 - 180 kDa),350900201,Prestained (tricolor),9,130,10,unknown,,,,,https://www.biozym.com/biochemikalien/proteinbiologie/protein-marker/tricolor-protein-ladder-10-180-kda,
Biozym,biozym.com,TriColor Protein Ladder (10 - 180 kDa),350900201,Prestained (tricolor),10,180,10,unknown,,,,,https://www.biozym.com/biochemikalien/proteinbiologie/protein-marker/tricolor-protein-ladder-10-180-kda,
Biozym,biozym.com,TriColor Broad Protein Ladder (3.5 - 245 kDa),350900101,Prestained (tricolor),1,3.5,13,unknown,,,,,https://www.biozym.com/biochemikalien/proteinbiologie/protein-marker/tricolor-broad-protein-ladder-3.5-245-kda,
Biozym,biozym.com,TriColor Broad Protein Ladder (3.5 - 245 kDa),350900101,Prestained (tricolor),2,5,13,unknown,,,,,https://www.biozym.com/biochemikalien/proteinbiologie/protein-marker/tricolor-broad-protein-ladder-3.5-245-kda,
Biozym,biozym.com,TriColor Broad Protein Ladder (3.5 - 245 kDa),350900101,Prestained (tricolor),3,10,13,unknown,,,,,https://www.biozym.com/biochemikalien/proteinbiologie/protein-marker/tricolor-broad-protein-ladder-3.5-245-kda,
Biozym,biozym.com,TriColor Broad Protein Ladder (3.5 - 245 kDa),350900101,Prestained (tricolor),4,15,13,unknown,,,,,https://www.biozym.com/biochemikalien/proteinbiologie/protein-marker/tricolor-broad-protein-ladder-3.5-245-kda,
Biozym,biozym.com,TriColor Broad Protein Ladder (3.5 - 245 kDa),350900101,Prestained (tricolor),5,25,13,unknown,,,,,https://www.biozym.com/biochemikalien/proteinbiologie/protein-marker/tricolor-broad-protein-ladder-3.5-245-kda,
Biozym,biozym.com,TriColor Broad Protein Ladder (3.5 - 245 kDa),350900101,Prestained (tricolor),6,35,13,unknown,,,,,https://www.biozym.com/biochemikalien/proteinbiologie/protein-marker/tricolor-broad-protein-ladder-3.5-245-kda,
Biozym,biozym.com,TriColor Broad Protein Ladder (3.5 - 245 kDa),350900101,Prestained (tricolor),7,40,13,unknown,,,,,https://www.biozym.com/biochemikalien/proteinbiologie/protein-marker/tricolor-broad-protein-ladder-3.5-245-kda,
Biozym,biozym.com,TriColor Broad Protein Ladder (3.5 - 245 kDa),350900101,Prestained (tricolor),8,55,13,unknown,,,,,https://www.biozym.com/biochemikalien/proteinbiologie/protein-marker/tricolor-broad-protein-ladder-3.5-245-kda,
Biozym,biozym.com,TriColor Broad Protein Ladder (3.5 - 245 kDa),350900101,Prestained (tricolor),9,70,13,unknown,,,,,https://www.biozym.com/biochemikalien/proteinbiologie/protein-marker/tricolor-broad-protein-ladder-3.5-245-kda,
Biozym,biozym.com,TriColor Broad Protein Ladder (3.5 - 245 kDa),350900101,Prestained (tricolor),10,100,13,unknown,,,,,https://www.biozym.com/biochemikalien/proteinbiologie/protein-marker/tricolor-broad-protein-ladder-3.5-245-kda,
Biozym,biozym.com,TriColor Broad Protein Ladder (3.5 - 245 kDa),350900101,Prestained (tricolor),11,130,13,unknown,,,,,https://www.biozym.com/biochemikalien/proteinbiologie/protein-marker/tricolor-broad-protein-ladder-3.5-245-kda,
Biozym,biozym.com,TriColor Broad Protein Ladder (3.5 - 245 kDa),350900101,Prestained (tricolor),12,180,13,unknown,,,,,https://www.biozym.com/biochemikalien/proteinbiologie/protein-marker/tricolor-broad-protein-ladder-3.5-245-kda,
Biozym,biozym.com,TriColor Broad Protein Ladder (3.5 - 245 kDa),350900101,Prestained (tricolor),13,245,13,unknown,,,,,https://www.biozym.com/biochemikalien/proteinbiologie/protein-marker/tricolor-broad-protein-ladder-3.5-245-kda,
Biozym,biozym.com,ProSieve QuadColor Protein Marker (4.6 - 300 kDa),830537 (Biozym) / 00191770 (Lonza),Prestained (quadcolor),1,4.6,12,unknown,,,,,https://www.biozym.com/biochemikalien/proteinbiologie/protein-marker/prosieve-quadcolor-protein-marker-4.6-300-kda,
Biozym,biozym.com,ProSieve QuadColor Protein Marker (4.6 - 300 kDa),830537 (Biozym) / 00191770 (Lonza),Prestained (quadcolor),2,10,12,unknown,,,,,https://www.biozym.com/biochemikalien/proteinbiologie/protein-marker/prosieve-quadcolor-protein-marker-4.6-300-kda,
Biozym,biozym.com,ProSieve QuadColor Protein Marker (4.6 - 300 kDa),830537 (Biozym) / 00191770 (Lonza),Prestained (quadcolor),3,15,12,unknown,,,,,https://www.biozym.com/biochemikalien/proteinbiologie/protein-marker/prosieve-quadcolor-protein-marker-4.6-300-kda,
Biozym,biozym.com,ProSieve QuadColor Protein Marker (4.6 - 300 kDa),830537 (Biozym) / 00191770 (Lonza),Prestained (quadcolor),4,25,12,unknown,,,,,https://www.biozym.com/biochemikalien/proteinbiologie/protein-marker/prosieve-quadcolor-protein-marker-4.6-300-kda,
Biozym,biozym.com,ProSieve QuadColor Protein Marker (4.6 - 300 kDa),830537 (Biozym) / 00191770 (Lonza),Prestained (quadcolor),5,40,12,unknown,,,,,https://www.biozym.com/biochemikalien/proteinbiologie/protein-marker/prosieve-quadcolor-protein-marker-4.6-300-kda,
Biozym,biozym.com,ProSieve QuadColor Protein Marker (4.6 - 300 kDa),830537 (Biozym) / 00191770 (Lonza),Prestained (quadcolor),6,55,12,unknown,,,,,https://www.biozym.com/biochemikalien/proteinbiologie/protein-marker/prosieve-quadcolor-protein-marker-4.6-300-kda,
Biozym,biozym.com,ProSieve QuadColor Protein Marker (4.6 - 300 kDa),830537 (Biozym) / 00191770 (Lonza),Prestained (quadcolor),7,70,12,unknown,,,,,https://www.biozym.com/biochemikalien/proteinbiologie/protein-marker/prosieve-quadcolor-protein-marker-4.6-300-kda,
Biozym,biozym.com,ProSieve QuadColor Protein Marker (4.6 - 300 kDa),830537 (Biozym) / 00191770 (Lonza),Prestained (quadcolor),8,100,12,unknown,,,,,https://www.biozym.com/biochemikalien/proteinbiologie/protein-marker/prosieve-quadcolor-protein-marker-4.6-300-kda,
Biozym,biozym.com,ProSieve QuadColor Protein Marker (4.6 - 300 kDa),830537 (Biozym) / 00191770 (Lonza),Prestained (quadcolor),9,140,12,unknown,,,,,https://www.biozym.com/biochemikalien/proteinbiologie/protein-marker/prosieve-quadcolor-protein-marker-4.6-300-kda,
Biozym,biozym.com,ProSieve QuadColor Protein Marker (4.6 - 300 kDa),830537 (Biozym) / 00191770 (Lonza),Prestained (quadcolor),10,170,12,unknown,,,,,https://www.biozym.com/biochemikalien/proteinbiologie/protein-marker/prosieve-quadcolor-protein-marker-4.6-300-kda,
Biozym,biozym.com,ProSieve QuadColor Protein Marker (4.6 - 300 kDa),830537 (Biozym) / 00191770 (Lonza),Prestained (quadcolor),11,250,12,unknown,,,,,https://www.biozym.com/biochemikalien/proteinbiologie/protein-marker/prosieve-quadcolor-protein-marker-4.6-300-kda,
Biozym,biozym.com,ProSieve QuadColor Protein Marker (4.6 - 300 kDa),830537 (Biozym) / 00191770 (Lonza),Prestained (quadcolor),12,300,12,unknown,,,,,https://www.biozym.com/biochemikalien/proteinbiologie/protein-marker/prosieve-quadcolor-protein-marker-4.6-300-kda,
Carl_Roth,carlroth.com,PiNK Plus Prestained Protein Ladder,**1GG5.1**,"**Prestained, multicolor** (pink/blue multicolor)",1,10,10,unknown,,,,,https://www.carlroth.com/com/en/protein-markers-prestained/pink-plus-prestained-protein-ladder/p/1gg5.1,`CarlRoth_PinkPlus_1GG5_Spec.pdf`
Carl_Roth,carlroth.com,PiNK Plus Prestained Protein Ladder,**1GG5.1**,"**Prestained, multicolor** (pink/blue multicolor)",2,15,10,unknown,,,,,https://www.carlroth.com/com/en/protein-markers-prestained/pink-plus-prestained-protein-ladder/p/1gg5.1,`CarlRoth_PinkPlus_1GG5_Spec.pdf`
Carl_Roth,carlroth.com,PiNK Plus Prestained Protein Ladder,**1GG5.1**,"**Prestained, multicolor** (pink/blue multicolor)",3,25,10,unknown,,,,,https://www.carlroth.com/com/en/protein-markers-prestained/pink-plus-prestained-protein-ladder/p/1gg5.1,`CarlRoth_PinkPlus_1GG5_Spec.pdf`
Carl_Roth,carlroth.com,PiNK Plus Prestained Protein Ladder,**1GG5.1**,"**Prestained, multicolor** (pink/blue multicolor)",4,35,10,unknown,,,,,https://www.carlroth.com/com/en/protein-markers-prestained/pink-plus-prestained-protein-ladder/p/1gg5.1,`CarlRoth_PinkPlus_1GG5_Spec.pdf`
Carl_Roth,carlroth.com,PiNK Plus Prestained Protein Ladder,**1GG5.1**,"**Prestained, multicolor** (pink/blue multicolor)",5,40,10,unknown,,,,,https://www.carlroth.com/com/en/protein-markers-prestained/pink-plus-prestained-protein-ladder/p/1gg5.1,`CarlRoth_PinkPlus_1GG5_Spec.pdf`
Carl_Roth,carlroth.com,PiNK Plus Prestained Protein Ladder,**1GG5.1**,"**Prestained, multicolor** (pink/blue multicolor)",6,55,10,unknown,,,,,https://www.carlroth.com/com/en/protein-markers-prestained/pink-plus-prestained-protein-ladder/p/1gg5.1,`CarlRoth_PinkPlus_1GG5_Spec.pdf`
Carl_Roth,carlroth.com,PiNK Plus Prestained Protein Ladder,**1GG5.1**,"**Prestained, multicolor** (pink/blue multicolor)",7,70,10,unknown,,,,,https://www.carlroth.com/com/en/protein-markers-prestained/pink-plus-prestained-protein-ladder/p/1gg5.1,`CarlRoth_PinkPlus_1GG5_Spec.pdf`
Carl_Roth,carlroth.com,PiNK Plus Prestained Protein Ladder,**1GG5.1**,"**Prestained, multicolor** (pink/blue multicolor)",8,90,10,unknown,,,,,https://www.carlroth.com/com/en/protein-markers-prestained/pink-plus-prestained-protein-ladder/p/1gg5.1,`CarlRoth_PinkPlus_1GG5_Spec.pdf`
Carl_Roth,carlroth.com,PiNK Plus Prestained Protein Ladder,**1GG5.1**,"**Prestained, multicolor** (pink/blue multicolor)",9,130,10,unknown,,,,,https://www.carlroth.com/com/en/protein-markers-prestained/pink-plus-prestained-protein-ladder/p/1gg5.1,`CarlRoth_PinkPlus_1GG5_Spec.pdf`
Carl_Roth,carlroth.com,PiNK Plus Prestained Protein Ladder,**1GG5.1**,"**Prestained, multicolor** (pink/blue multicolor)",10,175,10,unknown,,,,,https://www.carlroth.com/com/en/protein-markers-prestained/pink-plus-prestained-protein-ladder/p/1gg5.1,`CarlRoth_PinkPlus_1GG5_Spec.pdf`
Carl_Roth,carlroth.com,BlueRAY Prestained Protein Ladder,**1GG6.1**,"**Prestained, three-color** (blue + green ref @25 kDa + red ref @75 kDa)",1,10,10,unknown,,,,,https://www.carlroth.com/com/en/protein-markers-prestained/blueray-prestained-protein-ladder/p/1gg6.1,`CarlRoth_BlueRay_1GG6_Spec.pdf`
Carl_Roth,carlroth.com,BlueRAY Prestained Protein Ladder,**1GG6.1**,"**Prestained, three-color** (blue + green ref @25 kDa + red ref @75 kDa)",2,15,10,unknown,,,,,https://www.carlroth.com/com/en/protein-markers-prestained/blueray-prestained-protein-ladder/p/1gg6.1,`CarlRoth_BlueRay_1GG6_Spec.pdf`
Carl_Roth,carlroth.com,BlueRAY Prestained Protein Ladder,**1GG6.1**,"**Prestained, three-color** (blue + green ref @25 kDa + red ref @75 kDa)",3,25,10,unknown,,,,,https://www.carlroth.com/com/en/protein-markers-prestained/blueray-prestained-protein-ladder/p/1gg6.1,`CarlRoth_BlueRay_1GG6_Spec.pdf`
Carl_Roth,carlroth.com,BlueRAY Prestained Protein Ladder,**1GG6.1**,"**Prestained, three-color** (blue + green ref @25 kDa + red ref @75 kDa)",4,35,10,unknown,,,,,https://www.carlroth.com/com/en/protein-markers-prestained/blueray-prestained-protein-ladder/p/1gg6.1,`CarlRoth_BlueRay_1GG6_Spec.pdf`
Carl_Roth,carlroth.com,BlueRAY Prestained Protein Ladder,**1GG6.1**,"**Prestained, three-color** (blue + green ref @25 kDa + red ref @75 kDa)",5,40,10,unknown,,,,,https://www.carlroth.com/com/en/protein-markers-prestained/blueray-prestained-protein-ladder/p/1gg6.1,`CarlRoth_BlueRay_1GG6_Spec.pdf`
Carl_Roth,carlroth.com,BlueRAY Prestained Protein Ladder,**1GG6.1**,"**Prestained, three-color** (blue + green ref @25 kDa + red ref @75 kDa)",6,55,10,unknown,,,,,https://www.carlroth.com/com/en/protein-markers-prestained/blueray-prestained-protein-ladder/p/1gg6.1,`CarlRoth_BlueRay_1GG6_Spec.pdf`
Carl_Roth,carlroth.com,BlueRAY Prestained Protein Ladder,**1GG6.1**,"**Prestained, three-color** (blue + green ref @25 kDa + red ref @75 kDa)",7,70,10,unknown,,,,,https://www.carlroth.com/com/en/protein-markers-prestained/blueray-prestained-protein-ladder/p/1gg6.1,`CarlRoth_BlueRay_1GG6_Spec.pdf`
Carl_Roth,carlroth.com,BlueRAY Prestained Protein Ladder,**1GG6.1**,"**Prestained, three-color** (blue + green ref @25 kDa + red ref @75 kDa)",8,100,10,unknown,,,,,https://www.carlroth.com/com/en/protein-markers-prestained/blueray-prestained-protein-ladder/p/1gg6.1,`CarlRoth_BlueRay_1GG6_Spec.pdf`
Carl_Roth,carlroth.com,BlueRAY Prestained Protein Ladder,**1GG6.1**,"**Prestained, three-color** (blue + green ref @25 kDa + red ref @75 kDa)",9,130,10,unknown,,,,,https://www.carlroth.com/com/en/protein-markers-prestained/blueray-prestained-protein-ladder/p/1gg6.1,`CarlRoth_BlueRay_1GG6_Spec.pdf`
Carl_Roth,carlroth.com,BlueRAY Prestained Protein Ladder,**1GG6.1**,"**Prestained, three-color** (blue + green ref @25 kDa + red ref @75 kDa)",10,180,10,unknown,,,,,https://www.carlroth.com/com/en/protein-markers-prestained/blueray-prestained-protein-ladder/p/1gg6.1,`CarlRoth_BlueRay_1GG6_Spec.pdf`
Carl_Roth,carlroth.com,BLUeye Prestained Protein Ladder,**1GG7.1**,"**Prestained, three-color** (blue + green ref @25 kDa + red ref @75 kDa)",1,10,11,unknown,,,,,https://www.carlroth.com/com/en/protein-markers-prestained/blueye-prestained-protein-ladder/p/1gg7.1,`CarlRoth_BlueEye_1GG7_Spec.pdf`
Carl_Roth,carlroth.com,BLUeye Prestained Protein Ladder,**1GG7.1**,"**Prestained, three-color** (blue + green ref @25 kDa + red ref @75 kDa)",2,15,11,unknown,,,,,https://www.carlroth.com/com/en/protein-markers-prestained/blueye-prestained-protein-ladder/p/1gg7.1,`CarlRoth_BlueEye_1GG7_Spec.pdf`
Carl_Roth,carlroth.com,BLUeye Prestained Protein Ladder,**1GG7.1**,"**Prestained, three-color** (blue + green ref @25 kDa + red ref @75 kDa)",3,25,11,unknown,,,,,https://www.carlroth.com/com/en/protein-markers-prestained/blueye-prestained-protein-ladder/p/1gg7.1,`CarlRoth_BlueEye_1GG7_Spec.pdf`
Carl_Roth,carlroth.com,BLUeye Prestained Protein Ladder,**1GG7.1**,"**Prestained, three-color** (blue + green ref @25 kDa + red ref @75 kDa)",4,35,11,unknown,,,,,https://www.carlroth.com/com/en/protein-markers-prestained/blueye-prestained-protein-ladder/p/1gg7.1,`CarlRoth_BlueEye_1GG7_Spec.pdf`
Carl_Roth,carlroth.com,BLUeye Prestained Protein Ladder,**1GG7.1**,"**Prestained, three-color** (blue + green ref @25 kDa + red ref @75 kDa)",5,40,11,unknown,,,,,https://www.carlroth.com/com/en/protein-markers-prestained/blueye-prestained-protein-ladder/p/1gg7.1,`CarlRoth_BlueEye_1GG7_Spec.pdf`
Carl_Roth,carlroth.com,BLUeye Prestained Protein Ladder,**1GG7.1**,"**Prestained, three-color** (blue + green ref @25 kDa + red ref @75 kDa)",6,55,11,unknown,,,,,https://www.carlroth.com/com/en/protein-markers-prestained/blueye-prestained-protein-ladder/p/1gg7.1,`CarlRoth_BlueEye_1GG7_Spec.pdf`
Carl_Roth,carlroth.com,BLUeye Prestained Protein Ladder,**1GG7.1**,"**Prestained, three-color** (blue + green ref @25 kDa + red ref @75 kDa)",7,70,11,unknown,,,,,https://www.carlroth.com/com/en/protein-markers-prestained/blueye-prestained-protein-ladder/p/1gg7.1,`CarlRoth_BlueEye_1GG7_Spec.pdf`
Carl_Roth,carlroth.com,BLUeye Prestained Protein Ladder,**1GG7.1**,"**Prestained, three-color** (blue + green ref @25 kDa + red ref @75 kDa)",8,100,11,unknown,,,,,https://www.carlroth.com/com/en/protein-markers-prestained/blueye-prestained-protein-ladder/p/1gg7.1,`CarlRoth_BlueEye_1GG7_Spec.pdf`
Carl_Roth,carlroth.com,BLUeye Prestained Protein Ladder,**1GG7.1**,"**Prestained, three-color** (blue + green ref @25 kDa + red ref @75 kDa)",9,130,11,unknown,,,,,https://www.carlroth.com/com/en/protein-markers-prestained/blueye-prestained-protein-ladder/p/1gg7.1,`CarlRoth_BlueEye_1GG7_Spec.pdf`
Carl_Roth,carlroth.com,BLUeye Prestained Protein Ladder,**1GG7.1**,"**Prestained, three-color** (blue + green ref @25 kDa + red ref @75 kDa)",10,180,11,unknown,,,,,https://www.carlroth.com/com/en/protein-markers-prestained/blueye-prestained-protein-ladder/p/1gg7.1,`CarlRoth_BlueEye_1GG7_Spec.pdf`
Carl_Roth,carlroth.com,BLUeye Prestained Protein Ladder,**1GG7.1**,"**Prestained, three-color** (blue + green ref @25 kDa + red ref @75 kDa)",11,245,11,unknown,,,,,https://www.carlroth.com/com/en/protein-markers-prestained/blueye-prestained-protein-ladder/p/1gg7.1,`CarlRoth_BlueEye_1GG7_Spec.pdf`
Carl_Roth,carlroth.com,BLUelf Prestained Protein Ladder,**1GG8.1**,"**Prestained, three-color** (blue + green ref @25 kDa + red ref @75 kDa)",1,5,12,unknown,,,,,https://www.carlroth.com/com/en/protein-markers-prestained/bluelf-prestained-protein-ladder/p/1gg8.1,`CarlRoth_BlueElf_1GG8_Spec.pdf`
Carl_Roth,carlroth.com,BLUelf Prestained Protein Ladder,**1GG8.1**,"**Prestained, three-color** (blue + green ref @25 kDa + red ref @75 kDa)",2,10,12,unknown,,,,,https://www.carlroth.com/com/en/protein-markers-prestained/bluelf-prestained-protein-ladder/p/1gg8.1,`CarlRoth_BlueElf_1GG8_Spec.pdf`
Carl_Roth,carlroth.com,BLUelf Prestained Protein Ladder,**1GG8.1**,"**Prestained, three-color** (blue + green ref @25 kDa + red ref @75 kDa)",3,15,12,unknown,,,,,https://www.carlroth.com/com/en/protein-markers-prestained/bluelf-prestained-protein-ladder/p/1gg8.1,`CarlRoth_BlueElf_1GG8_Spec.pdf`
Carl_Roth,carlroth.com,BLUelf Prestained Protein Ladder,**1GG8.1**,"**Prestained, three-color** (blue + green ref @25 kDa + red ref @75 kDa)",4,25,12,unknown,,,,,https://www.carlroth.com/com/en/protein-markers-prestained/bluelf-prestained-protein-ladder/p/1gg8.1,`CarlRoth_BlueElf_1GG8_Spec.pdf`
Carl_Roth,carlroth.com,BLUelf Prestained Protein Ladder,**1GG8.1**,"**Prestained, three-color** (blue + green ref @25 kDa + red ref @75 kDa)",5,35,12,unknown,,,,,https://www.carlroth.com/com/en/protein-markers-prestained/bluelf-prestained-protein-ladder/p/1gg8.1,`CarlRoth_BlueElf_1GG8_Spec.pdf`
Carl_Roth,carlroth.com,BLUelf Prestained Protein Ladder,**1GG8.1**,"**Prestained, three-color** (blue + green ref @25 kDa + red ref @75 kDa)",6,40,12,unknown,,,,,https://www.carlroth.com/com/en/protein-markers-prestained/bluelf-prestained-protein-ladder/p/1gg8.1,`CarlRoth_BlueElf_1GG8_Spec.pdf`
Carl_Roth,carlroth.com,BLUelf Prestained Protein Ladder,**1GG8.1**,"**Prestained, three-color** (blue + green ref @25 kDa + red ref @75 kDa)",7,55,12,unknown,,,,,https://www.carlroth.com/com/en/protein-markers-prestained/bluelf-prestained-protein-ladder/p/1gg8.1,`CarlRoth_BlueElf_1GG8_Spec.pdf`
Carl_Roth,carlroth.com,BLUelf Prestained Protein Ladder,**1GG8.1**,"**Prestained, three-color** (blue + green ref @25 kDa + red ref @75 kDa)",8,70,12,unknown,,,,,https://www.carlroth.com/com/en/protein-markers-prestained/bluelf-prestained-protein-ladder/p/1gg8.1,`CarlRoth_BlueElf_1GG8_Spec.pdf`
Carl_Roth,carlroth.com,BLUelf Prestained Protein Ladder,**1GG8.1**,"**Prestained, three-color** (blue + green ref @25 kDa + red ref @75 kDa)",9,100,12,unknown,,,,,https://www.carlroth.com/com/en/protein-markers-prestained/bluelf-prestained-protein-ladder/p/1gg8.1,`CarlRoth_BlueElf_1GG8_Spec.pdf`
Carl_Roth,carlroth.com,BLUelf Prestained Protein Ladder,**1GG8.1**,"**Prestained, three-color** (blue + green ref @25 kDa + red ref @75 kDa)",10,130,12,unknown,,,,,https://www.carlroth.com/com/en/protein-markers-prestained/bluelf-prestained-protein-ladder/p/1gg8.1,`CarlRoth_BlueElf_1GG8_Spec.pdf`
Carl_Roth,carlroth.com,BLUelf Prestained Protein Ladder,**1GG8.1**,"**Prestained, three-color** (blue + green ref @25 kDa + red ref @75 kDa)",11,180,12,unknown,,,,,https://www.carlroth.com/com/en/protein-markers-prestained/bluelf-prestained-protein-ladder/p/1gg8.1,`CarlRoth_BlueElf_1GG8_Spec.pdf`
Carl_Roth,carlroth.com,BLUelf Prestained Protein Ladder,**1GG8.1**,"**Prestained, three-color** (blue + green ref @25 kDa + red ref @75 kDa)",12,245,12,unknown,,,,,https://www.carlroth.com/com/en/protein-markers-prestained/bluelf-prestained-protein-ladder/p/1gg8.1,`CarlRoth_BlueElf_1GG8_Spec.pdf`
Carl_Roth,carlroth.com,BlueAQUA Prestained Protein Ladder,**1GG9.1**,"**Prestained, single-color (all blue)** — enhanced-intensity reference",1,10,10,unknown,,,,,https://www.carlroth.com/com/en/protein-markers-prestained/blueaqua-prestained-protein-ladder/p/1gg9.1,`CarlRoth_BlueAqua_1GG9_Spec.pdf`
Carl_Roth,carlroth.com,BlueAQUA Prestained Protein Ladder,**1GG9.1**,"**Prestained, single-color (all blue)** — enhanced-intensity reference",2,15,10,unknown,,,,,https://www.carlroth.com/com/en/protein-markers-prestained/blueaqua-prestained-protein-ladder/p/1gg9.1,`CarlRoth_BlueAqua_1GG9_Spec.pdf`
Carl_Roth,carlroth.com,BlueAQUA Prestained Protein Ladder,**1GG9.1**,"**Prestained, single-color (all blue)** — enhanced-intensity reference",3,25,10,unknown,,,,,https://www.carlroth.com/com/en/protein-markers-prestained/blueaqua-prestained-protein-ladder/p/1gg9.1,`CarlRoth_BlueAqua_1GG9_Spec.pdf`
Carl_Roth,carlroth.com,BlueAQUA Prestained Protein Ladder,**1GG9.1**,"**Prestained, single-color (all blue)** — enhanced-intensity reference",4,35,10,unknown,,,,,https://www.carlroth.com/com/en/protein-markers-prestained/blueaqua-prestained-protein-ladder/p/1gg9.1,`CarlRoth_BlueAqua_1GG9_Spec.pdf`
Carl_Roth,carlroth.com,BlueAQUA Prestained Protein Ladder,**1GG9.1**,"**Prestained, single-color (all blue)** — enhanced-intensity reference",5,40,10,unknown,,,,,https://www.carlroth.com/com/en/protein-markers-prestained/blueaqua-prestained-protein-ladder/p/1gg9.1,`CarlRoth_BlueAqua_1GG9_Spec.pdf`
Carl_Roth,carlroth.com,BlueAQUA Prestained Protein Ladder,**1GG9.1**,"**Prestained, single-color (all blue)** — enhanced-intensity reference",6,55,10,unknown,,,,,https://www.carlroth.com/com/en/protein-markers-prestained/blueaqua-prestained-protein-ladder/p/1gg9.1,`CarlRoth_BlueAqua_1GG9_Spec.pdf`
Carl_Roth,carlroth.com,BlueAQUA Prestained Protein Ladder,**1GG9.1**,"**Prestained, single-color (all blue)** — enhanced-intensity reference",7,72,10,unknown,,,,,https://www.carlroth.com/com/en/protein-markers-prestained/blueaqua-prestained-protein-ladder/p/1gg9.1,`CarlRoth_BlueAqua_1GG9_Spec.pdf`
Carl_Roth,carlroth.com,BlueAQUA Prestained Protein Ladder,**1GG9.1**,"**Prestained, single-color (all blue)** — enhanced-intensity reference",8,100,10,unknown,,,,,https://www.carlroth.com/com/en/protein-markers-prestained/blueaqua-prestained-protein-ladder/p/1gg9.1,`CarlRoth_BlueAqua_1GG9_Spec.pdf`
Carl_Roth,carlroth.com,BlueAQUA Prestained Protein Ladder,**1GG9.1**,"**Prestained, single-color (all blue)** — enhanced-intensity reference",9,130,10,unknown,,,,,https://www.carlroth.com/com/en/protein-markers-prestained/blueaqua-prestained-protein-ladder/p/1gg9.1,`CarlRoth_BlueAqua_1GG9_Spec.pdf`
Carl_Roth,carlroth.com,BlueAQUA Prestained Protein Ladder,**1GG9.1**,"**Prestained, single-color (all blue)** — enhanced-intensity reference",10,180,10,unknown,,,,,https://www.carlroth.com/com/en/protein-markers-prestained/blueaqua-prestained-protein-ladder/p/1gg9.1,`CarlRoth_BlueAqua_1GG9_Spec.pdf`
Dongsheng_GDSBio,gdsbio.cn,15-180KD Prestained Protein Ladder,D1011-A (250 µl) / D1011-B,"Prestained, multi-color (blue + orange)",1,15,8,blue,#2563eb,1,false,protein-dongsheng-gdsbio-15-180kd-prestained-protein-ladder,https://gdsbio.cn/product/product-22457-103642,GDSBio_D1011_15-180KD.pdf (https://gdsbio.cn/wp-content/uploads/2025/03/D1011-A15-180KDPrestainedProteinLadderV1.0.pdf)
Dongsheng_GDSBio,gdsbio.cn,15-180KD Prestained Protein Ladder,D1011-A (250 µl) / D1011-B,"Prestained, multi-color (blue + orange)",2,25,8,blue,#2563eb,1,false,protein-dongsheng-gdsbio-15-180kd-prestained-protein-ladder,https://gdsbio.cn/product/product-22457-103642,GDSBio_D1011_15-180KD.pdf (https://gdsbio.cn/wp-content/uploads/2025/03/D1011-A15-180KDPrestainedProteinLadderV1.0.pdf)
Dongsheng_GDSBio,gdsbio.cn,15-180KD Prestained Protein Ladder,D1011-A (250 µl) / D1011-B,"Prestained, multi-color (blue + orange)",3,35,8,blue,#2563eb,1,false,protein-dongsheng-gdsbio-15-180kd-prestained-protein-ladder,https://gdsbio.cn/product/product-22457-103642,GDSBio_D1011_15-180KD.pdf (https://gdsbio.cn/wp-content/uploads/2025/03/D1011-A15-180KDPrestainedProteinLadderV1.0.pdf)
Dongsheng_GDSBio,gdsbio.cn,15-180KD Prestained Protein Ladder,D1011-A (250 µl) / D1011-B,"Prestained, multi-color (blue + orange)",4,40,8,blue,#2563eb,1,false,protein-dongsheng-gdsbio-15-180kd-prestained-protein-ladder,https://gdsbio.cn/product/product-22457-103642,GDSBio_D1011_15-180KD.pdf (https://gdsbio.cn/wp-content/uploads/2025/03/D1011-A15-180KDPrestainedProteinLadderV1.0.pdf)
Dongsheng_GDSBio,gdsbio.cn,15-180KD Prestained Protein Ladder,D1011-A (250 µl) / D1011-B,"Prestained, multi-color (blue + orange)",5,55,8,blue,#2563eb,1,false,protein-dongsheng-gdsbio-15-180kd-prestained-protein-ladder,https://gdsbio.cn/product/product-22457-103642,GDSBio_D1011_15-180KD.pdf (https://gdsbio.cn/wp-content/uploads/2025/03/D1011-A15-180KDPrestainedProteinLadderV1.0.pdf)
Dongsheng_GDSBio,gdsbio.cn,15-180KD Prestained Protein Ladder,D1011-A (250 µl) / D1011-B,"Prestained, multi-color (blue + orange)",6,70,8,blue,#2563eb,1,false,protein-dongsheng-gdsbio-15-180kd-prestained-protein-ladder,https://gdsbio.cn/product/product-22457-103642,GDSBio_D1011_15-180KD.pdf (https://gdsbio.cn/wp-content/uploads/2025/03/D1011-A15-180KDPrestainedProteinLadderV1.0.pdf)
Dongsheng_GDSBio,gdsbio.cn,15-180KD Prestained Protein Ladder,D1011-A (250 µl) / D1011-B,"Prestained, multi-color (blue + orange)",7,100,8,blue,#2563eb,1,false,protein-dongsheng-gdsbio-15-180kd-prestained-protein-ladder,https://gdsbio.cn/product/product-22457-103642,GDSBio_D1011_15-180KD.pdf (https://gdsbio.cn/wp-content/uploads/2025/03/D1011-A15-180KDPrestainedProteinLadderV1.0.pdf)
Dongsheng_GDSBio,gdsbio.cn,15-180KD Prestained Protein Ladder,D1011-A (250 µl) / D1011-B,"Prestained, multi-color (blue + orange)",8,180,8,blue,#2563eb,1,false,protein-dongsheng-gdsbio-15-180kd-prestained-protein-ladder,https://gdsbio.cn/product/product-22457-103642,GDSBio_D1011_15-180KD.pdf (https://gdsbio.cn/wp-content/uploads/2025/03/D1011-A15-180KDPrestainedProteinLadderV1.0.pdf)
Dongsheng_GDSBio,gdsbio.cn,10-250KD Prestained Protein Ladder,D1012-A / D1012-B,"Prestained, multi-color (blue + orange + green)",1,10,10,blue,#2563eb,1,false,protein-dongsheng-gdsbio-10-250kd-prestained-protein-ladder,https://gdsbio.cn/product/product-22457-103645,GDSBio_D1012_10-250KD.pdf (https://gdsbio.cn/wp-content/uploads/2025/03/D1012-AD1012-B10-250KDPrestainedProteinLadderV1.0.pdf)
Dongsheng_GDSBio,gdsbio.cn,10-250KD Prestained Protein Ladder,D1012-A / D1012-B,"Prestained, multi-color (blue + orange + green)",2,15,10,blue,#2563eb,1,false,protein-dongsheng-gdsbio-10-250kd-prestained-protein-ladder,https://gdsbio.cn/product/product-22457-103645,GDSBio_D1012_10-250KD.pdf (https://gdsbio.cn/wp-content/uploads/2025/03/D1012-AD1012-B10-250KDPrestainedProteinLadderV1.0.pdf)
Dongsheng_GDSBio,gdsbio.cn,10-250KD Prestained Protein Ladder,D1012-A / D1012-B,"Prestained, multi-color (blue + orange + green)",3,25,10,blue,#2563eb,1,false,protein-dongsheng-gdsbio-10-250kd-prestained-protein-ladder,https://gdsbio.cn/product/product-22457-103645,GDSBio_D1012_10-250KD.pdf (https://gdsbio.cn/wp-content/uploads/2025/03/D1012-AD1012-B10-250KDPrestainedProteinLadderV1.0.pdf)
Dongsheng_GDSBio,gdsbio.cn,10-250KD Prestained Protein Ladder,D1012-A / D1012-B,"Prestained, multi-color (blue + orange + green)",4,35,10,blue,#2563eb,1,false,protein-dongsheng-gdsbio-10-250kd-prestained-protein-ladder,https://gdsbio.cn/product/product-22457-103645,GDSBio_D1012_10-250KD.pdf (https://gdsbio.cn/wp-content/uploads/2025/03/D1012-AD1012-B10-250KDPrestainedProteinLadderV1.0.pdf)
Dongsheng_GDSBio,gdsbio.cn,10-250KD Prestained Protein Ladder,D1012-A / D1012-B,"Prestained, multi-color (blue + orange + green)",5,40,10,blue,#2563eb,1,false,protein-dongsheng-gdsbio-10-250kd-prestained-protein-ladder,https://gdsbio.cn/product/product-22457-103645,GDSBio_D1012_10-250KD.pdf (https://gdsbio.cn/wp-content/uploads/2025/03/D1012-AD1012-B10-250KDPrestainedProteinLadderV1.0.pdf)
Dongsheng_GDSBio,gdsbio.cn,10-250KD Prestained Protein Ladder,D1012-A / D1012-B,"Prestained, multi-color (blue + orange + green)",6,55,10,blue,#2563eb,1,false,protein-dongsheng-gdsbio-10-250kd-prestained-protein-ladder,https://gdsbio.cn/product/product-22457-103645,GDSBio_D1012_10-250KD.pdf (https://gdsbio.cn/wp-content/uploads/2025/03/D1012-AD1012-B10-250KDPrestainedProteinLadderV1.0.pdf)
Dongsheng_GDSBio,gdsbio.cn,10-250KD Prestained Protein Ladder,D1012-A / D1012-B,"Prestained, multi-color (blue + orange + green)",7,70,10,blue,#2563eb,1,false,protein-dongsheng-gdsbio-10-250kd-prestained-protein-ladder,https://gdsbio.cn/product/product-22457-103645,GDSBio_D1012_10-250KD.pdf (https://gdsbio.cn/wp-content/uploads/2025/03/D1012-AD1012-B10-250KDPrestainedProteinLadderV1.0.pdf)
Dongsheng_GDSBio,gdsbio.cn,10-250KD Prestained Protein Ladder,D1012-A / D1012-B,"Prestained, multi-color (blue + orange + green)",8,100,10,blue,#2563eb,1,false,protein-dongsheng-gdsbio-10-250kd-prestained-protein-ladder,https://gdsbio.cn/product/product-22457-103645,GDSBio_D1012_10-250KD.pdf (https://gdsbio.cn/wp-content/uploads/2025/03/D1012-AD1012-B10-250KDPrestainedProteinLadderV1.0.pdf)
Dongsheng_GDSBio,gdsbio.cn,10-250KD Prestained Protein Ladder,D1012-A / D1012-B,"Prestained, multi-color (blue + orange + green)",9,150,10,blue,#2563eb,1,false,protein-dongsheng-gdsbio-10-250kd-prestained-protein-ladder,https://gdsbio.cn/product/product-22457-103645,GDSBio_D1012_10-250KD.pdf (https://gdsbio.cn/wp-content/uploads/2025/03/D1012-AD1012-B10-250KDPrestainedProteinLadderV1.0.pdf)
Dongsheng_GDSBio,gdsbio.cn,10-250KD Prestained Protein Ladder,D1012-A / D1012-B,"Prestained, multi-color (blue + orange + green)",10,250,10,blue,#2563eb,1,false,protein-dongsheng-gdsbio-10-250kd-prestained-protein-ladder,https://gdsbio.cn/product/product-22457-103645,GDSBio_D1012_10-250KD.pdf (https://gdsbio.cn/wp-content/uploads/2025/03/D1012-AD1012-B10-250KDPrestainedProteinLadderV1.0.pdf)
Dongsheng_GDSBio,gdsbio.cn,10-180KD Prestained Protein Ladder,D1013-A / D1013-B,"Prestained, multi-color (blue + orange + green)",1,10,10,blue,#2563eb,1,false,protein-dongsheng-gdsbio-10-180kd-prestained-protein-ladder,https://gdsbio.cn/product/product-22457-103646,GDSBio_D1013_10-180KD.pdf (https://gdsbio.cn/wp-content/uploads/2025/03/D1013-AD1013-B10-180KDPrestainedProteinLadderV1.0.pdf)
Dongsheng_GDSBio,gdsbio.cn,10-180KD Prestained Protein Ladder,D1013-A / D1013-B,"Prestained, multi-color (blue + orange + green)",2,15,10,blue,#2563eb,1,false,protein-dongsheng-gdsbio-10-180kd-prestained-protein-ladder,https://gdsbio.cn/product/product-22457-103646,GDSBio_D1013_10-180KD.pdf (https://gdsbio.cn/wp-content/uploads/2025/03/D1013-AD1013-B10-180KDPrestainedProteinLadderV1.0.pdf)
Dongsheng_GDSBio,gdsbio.cn,10-180KD Prestained Protein Ladder,D1013-A / D1013-B,"Prestained, multi-color (blue + orange + green)",3,25,10,blue,#2563eb,1,false,protein-dongsheng-gdsbio-10-180kd-prestained-protein-ladder,https://gdsbio.cn/product/product-22457-103646,GDSBio_D1013_10-180KD.pdf (https://gdsbio.cn/wp-content/uploads/2025/03/D1013-AD1013-B10-180KDPrestainedProteinLadderV1.0.pdf)
Dongsheng_GDSBio,gdsbio.cn,10-180KD Prestained Protein Ladder,D1013-A / D1013-B,"Prestained, multi-color (blue + orange + green)",4,35,10,blue,#2563eb,1,false,protein-dongsheng-gdsbio-10-180kd-prestained-protein-ladder,https://gdsbio.cn/product/product-22457-103646,GDSBio_D1013_10-180KD.pdf (https://gdsbio.cn/wp-content/uploads/2025/03/D1013-AD1013-B10-180KDPrestainedProteinLadderV1.0.pdf)
Dongsheng_GDSBio,gdsbio.cn,10-180KD Prestained Protein Ladder,D1013-A / D1013-B,"Prestained, multi-color (blue + orange + green)",5,40,10,blue,#2563eb,1,false,protein-dongsheng-gdsbio-10-180kd-prestained-protein-ladder,https://gdsbio.cn/product/product-22457-103646,GDSBio_D1013_10-180KD.pdf (https://gdsbio.cn/wp-content/uploads/2025/03/D1013-AD1013-B10-180KDPrestainedProteinLadderV1.0.pdf)
Dongsheng_GDSBio,gdsbio.cn,10-180KD Prestained Protein Ladder,D1013-A / D1013-B,"Prestained, multi-color (blue + orange + green)",6,55,10,blue,#2563eb,1,false,protein-dongsheng-gdsbio-10-180kd-prestained-protein-ladder,https://gdsbio.cn/product/product-22457-103646,GDSBio_D1013_10-180KD.pdf (https://gdsbio.cn/wp-content/uploads/2025/03/D1013-AD1013-B10-180KDPrestainedProteinLadderV1.0.pdf)
Dongsheng_GDSBio,gdsbio.cn,10-180KD Prestained Protein Ladder,D1013-A / D1013-B,"Prestained, multi-color (blue + orange + green)",7,70,10,blue,#2563eb,1,false,protein-dongsheng-gdsbio-10-180kd-prestained-protein-ladder,https://gdsbio.cn/product/product-22457-103646,GDSBio_D1013_10-180KD.pdf (https://gdsbio.cn/wp-content/uploads/2025/03/D1013-AD1013-B10-180KDPrestainedProteinLadderV1.0.pdf)
Dongsheng_GDSBio,gdsbio.cn,10-180KD Prestained Protein Ladder,D1013-A / D1013-B,"Prestained, multi-color (blue + orange + green)",8,100,10,blue,#2563eb,1,false,protein-dongsheng-gdsbio-10-180kd-prestained-protein-ladder,https://gdsbio.cn/product/product-22457-103646,GDSBio_D1013_10-180KD.pdf (https://gdsbio.cn/wp-content/uploads/2025/03/D1013-AD1013-B10-180KDPrestainedProteinLadderV1.0.pdf)
Dongsheng_GDSBio,gdsbio.cn,10-180KD Prestained Protein Ladder,D1013-A / D1013-B,"Prestained, multi-color (blue + orange + green)",9,130,10,blue,#2563eb,1,false,protein-dongsheng-gdsbio-10-180kd-prestained-protein-ladder,https://gdsbio.cn/product/product-22457-103646,GDSBio_D1013_10-180KD.pdf (https://gdsbio.cn/wp-content/uploads/2025/03/D1013-AD1013-B10-180KDPrestainedProteinLadderV1.0.pdf)
Dongsheng_GDSBio,gdsbio.cn,10-180KD Prestained Protein Ladder,D1013-A / D1013-B,"Prestained, multi-color (blue + orange + green)",10,180,10,blue,#2563eb,1,false,protein-dongsheng-gdsbio-10-180kd-prestained-protein-ladder,https://gdsbio.cn/product/product-22457-103646,GDSBio_D1013_10-180KD.pdf (https://gdsbio.cn/wp-content/uploads/2025/03/D1013-AD1013-B10-180KDPrestainedProteinLadderV1.0.pdf)
Dongsheng_GDSBio,gdsbio.cn,10-250KD 预染显影蛋白Marker (Prestained + Western-Blot Developable Protein Marker),D1014-A / D1014-B,"Hybrid — 10 prestained bands (blue/orange/green) + 2 unstained IgG-binding bands (30, 80 kDa) detectable by Western Blot chemiluminescence and Coomassie staining",1,10,12,blue,#2563eb,1,false,protein-dongsheng-gdsbio-10-250kd-marker-prestained-western-blot-developable-protein-marker,https://gdsbio.cn/product/product-22457-103647,GDSBio_D1014_10-250KD_WB.pdf (https://gdsbio.cn/wp-content/uploads/2025/03/D1014-AD1014-B10-250KDMarkerV1.0.pdf)
Dongsheng_GDSBio,gdsbio.cn,10-250KD 预染显影蛋白Marker (Prestained + Western-Blot Developable Protein Marker),D1014-A / D1014-B,"Hybrid — 10 prestained bands (blue/orange/green) + 2 unstained IgG-binding bands (30, 80 kDa) detectable by Western Blot chemiluminescence and Coomassie staining",2,15,12,blue,#2563eb,1,false,protein-dongsheng-gdsbio-10-250kd-marker-prestained-western-blot-developable-protein-marker,https://gdsbio.cn/product/product-22457-103647,GDSBio_D1014_10-250KD_WB.pdf (https://gdsbio.cn/wp-content/uploads/2025/03/D1014-AD1014-B10-250KDMarkerV1.0.pdf)
Dongsheng_GDSBio,gdsbio.cn,10-250KD 预染显影蛋白Marker (Prestained + Western-Blot Developable Protein Marker),D1014-A / D1014-B,"Hybrid — 10 prestained bands (blue/orange/green) + 2 unstained IgG-binding bands (30, 80 kDa) detectable by Western Blot chemiluminescence and Coomassie staining",3,25,12,blue,#2563eb,1,false,protein-dongsheng-gdsbio-10-250kd-marker-prestained-western-blot-developable-protein-marker,https://gdsbio.cn/product/product-22457-103647,GDSBio_D1014_10-250KD_WB.pdf (https://gdsbio.cn/wp-content/uploads/2025/03/D1014-AD1014-B10-250KDMarkerV1.0.pdf)
Dongsheng_GDSBio,gdsbio.cn,10-250KD 预染显影蛋白Marker (Prestained + Western-Blot Developable Protein Marker),D1014-A / D1014-B,"Hybrid — 10 prestained bands (blue/orange/green) + 2 unstained IgG-binding bands (30, 80 kDa) detectable by Western Blot chemiluminescence and Coomassie staining",4,30,12,blue,#2563eb,1,false,protein-dongsheng-gdsbio-10-250kd-marker-prestained-western-blot-developable-protein-marker,https://gdsbio.cn/product/product-22457-103647,GDSBio_D1014_10-250KD_WB.pdf (https://gdsbio.cn/wp-content/uploads/2025/03/D1014-AD1014-B10-250KDMarkerV1.0.pdf)
Dongsheng_GDSBio,gdsbio.cn,10-250KD 预染显影蛋白Marker (Prestained + Western-Blot Developable Protein Marker),D1014-A / D1014-B,"Hybrid — 10 prestained bands (blue/orange/green) + 2 unstained IgG-binding bands (30, 80 kDa) detectable by Western Blot chemiluminescence and Coomassie staining",5,35,12,blue,#2563eb,1,false,protein-dongsheng-gdsbio-10-250kd-marker-prestained-western-blot-developable-protein-marker,https://gdsbio.cn/product/product-22457-103647,GDSBio_D1014_10-250KD_WB.pdf (https://gdsbio.cn/wp-content/uploads/2025/03/D1014-AD1014-B10-250KDMarkerV1.0.pdf)
Dongsheng_GDSBio,gdsbio.cn,10-250KD 预染显影蛋白Marker (Prestained + Western-Blot Developable Protein Marker),D1014-A / D1014-B,"Hybrid — 10 prestained bands (blue/orange/green) + 2 unstained IgG-binding bands (30, 80 kDa) detectable by Western Blot chemiluminescence and Coomassie staining",6,40,12,blue,#2563eb,1,false,protein-dongsheng-gdsbio-10-250kd-marker-prestained-western-blot-developable-protein-marker,https://gdsbio.cn/product/product-22457-103647,GDSBio_D1014_10-250KD_WB.pdf (https://gdsbio.cn/wp-content/uploads/2025/03/D1014-AD1014-B10-250KDMarkerV1.0.pdf)
Dongsheng_GDSBio,gdsbio.cn,10-250KD 预染显影蛋白Marker (Prestained + Western-Blot Developable Protein Marker),D1014-A / D1014-B,"Hybrid — 10 prestained bands (blue/orange/green) + 2 unstained IgG-binding bands (30, 80 kDa) detectable by Western Blot chemiluminescence and Coomassie staining",7,55,12,blue,#2563eb,1,false,protein-dongsheng-gdsbio-10-250kd-marker-prestained-western-blot-developable-protein-marker,https://gdsbio.cn/product/product-22457-103647,GDSBio_D1014_10-250KD_WB.pdf (https://gdsbio.cn/wp-content/uploads/2025/03/D1014-AD1014-B10-250KDMarkerV1.0.pdf)
Dongsheng_GDSBio,gdsbio.cn,10-250KD 预染显影蛋白Marker (Prestained + Western-Blot Developable Protein Marker),D1014-A / D1014-B,"Hybrid — 10 prestained bands (blue/orange/green) + 2 unstained IgG-binding bands (30, 80 kDa) detectable by Western Blot chemiluminescence and Coomassie staining",8,70,12,blue,#2563eb,1,false,protein-dongsheng-gdsbio-10-250kd-marker-prestained-western-blot-developable-protein-marker,https://gdsbio.cn/product/product-22457-103647,GDSBio_D1014_10-250KD_WB.pdf (https://gdsbio.cn/wp-content/uploads/2025/03/D1014-AD1014-B10-250KDMarkerV1.0.pdf)
Dongsheng_GDSBio,gdsbio.cn,10-250KD 预染显影蛋白Marker (Prestained + Western-Blot Developable Protein Marker),D1014-A / D1014-B,"Hybrid — 10 prestained bands (blue/orange/green) + 2 unstained IgG-binding bands (30, 80 kDa) detectable by Western Blot chemiluminescence and Coomassie staining",9,80,12,blue,#2563eb,1,false,protein-dongsheng-gdsbio-10-250kd-marker-prestained-western-blot-developable-protein-marker,https://gdsbio.cn/product/product-22457-103647,GDSBio_D1014_10-250KD_WB.pdf (https://gdsbio.cn/wp-content/uploads/2025/03/D1014-AD1014-B10-250KDMarkerV1.0.pdf)
Dongsheng_GDSBio,gdsbio.cn,10-250KD 预染显影蛋白Marker (Prestained + Western-Blot Developable Protein Marker),D1014-A / D1014-B,"Hybrid — 10 prestained bands (blue/orange/green) + 2 unstained IgG-binding bands (30, 80 kDa) detectable by Western Blot chemiluminescence and Coomassie staining",10,100,12,blue,#2563eb,1,false,protein-dongsheng-gdsbio-10-250kd-marker-prestained-western-blot-developable-protein-marker,https://gdsbio.cn/product/product-22457-103647,GDSBio_D1014_10-250KD_WB.pdf (https://gdsbio.cn/wp-content/uploads/2025/03/D1014-AD1014-B10-250KDMarkerV1.0.pdf)
Dongsheng_GDSBio,gdsbio.cn,10-250KD 预染显影蛋白Marker (Prestained + Western-Blot Developable Protein Marker),D1014-A / D1014-B,"Hybrid — 10 prestained bands (blue/orange/green) + 2 unstained IgG-binding bands (30, 80 kDa) detectable by Western Blot chemiluminescence and Coomassie staining",11,150,12,blue,#2563eb,1,false,protein-dongsheng-gdsbio-10-250kd-marker-prestained-western-blot-developable-protein-marker,https://gdsbio.cn/product/product-22457-103647,GDSBio_D1014_10-250KD_WB.pdf (https://gdsbio.cn/wp-content/uploads/2025/03/D1014-AD1014-B10-250KDMarkerV1.0.pdf)
Dongsheng_GDSBio,gdsbio.cn,10-250KD 预染显影蛋白Marker (Prestained + Western-Blot Developable Protein Marker),D1014-A / D1014-B,"Hybrid — 10 prestained bands (blue/orange/green) + 2 unstained IgG-binding bands (30, 80 kDa) detectable by Western Blot chemiluminescence and Coomassie staining",12,250,12,blue,#2563eb,1,false,protein-dongsheng-gdsbio-10-250kd-marker-prestained-western-blot-developable-protein-marker,https://gdsbio.cn/product/product-22457-103647,GDSBio_D1014_10-250KD_WB.pdf (https://gdsbio.cn/wp-content/uploads/2025/03/D1014-AD1014-B10-250KDMarkerV1.0.pdf)
EURx,eurx.com.pl,Perfect™ Tricolor Protein Ladder,E3210 / E3210-01 (50 loadings),"Prestained, three-color (25 kDa = green, 75 kDa = orange, others blue)",1,11,12,blue,#2563eb,1,false,protein-eurx-perfecttm-tricolor-protein-ladder,https://eurx.com.pl/product/e3210/,EURx_E3210_Tricolor.pdf (https://eurx.com.pl/docs/specs/en/e3210.pdf)
EURx,eurx.com.pl,Perfect™ Tricolor Protein Ladder,E3210 / E3210-01 (50 loadings),"Prestained, three-color (25 kDa = green, 75 kDa = orange, others blue)",2,17,12,blue,#2563eb,1,false,protein-eurx-perfecttm-tricolor-protein-ladder,https://eurx.com.pl/product/e3210/,EURx_E3210_Tricolor.pdf (https://eurx.com.pl/docs/specs/en/e3210.pdf)
EURx,eurx.com.pl,Perfect™ Tricolor Protein Ladder,E3210 / E3210-01 (50 loadings),"Prestained, three-color (25 kDa = green, 75 kDa = orange, others blue)",3,20,12,blue,#2563eb,1,false,protein-eurx-perfecttm-tricolor-protein-ladder,https://eurx.com.pl/product/e3210/,EURx_E3210_Tricolor.pdf (https://eurx.com.pl/docs/specs/en/e3210.pdf)
EURx,eurx.com.pl,Perfect™ Tricolor Protein Ladder,E3210 / E3210-01 (50 loadings),"Prestained, three-color (25 kDa = green, 75 kDa = orange, others blue)",4,25,12,green,#16a34a,1.55,true,protein-eurx-perfecttm-tricolor-protein-ladder,https://eurx.com.pl/product/e3210/,EURx_E3210_Tricolor.pdf (https://eurx.com.pl/docs/specs/en/e3210.pdf)
EURx,eurx.com.pl,Perfect™ Tricolor Protein Ladder,E3210 / E3210-01 (50 loadings),"Prestained, three-color (25 kDa = green, 75 kDa = orange, others blue)",5,35,12,blue,#2563eb,1,false,protein-eurx-perfecttm-tricolor-protein-ladder,https://eurx.com.pl/product/e3210/,EURx_E3210_Tricolor.pdf (https://eurx.com.pl/docs/specs/en/e3210.pdf)
EURx,eurx.com.pl,Perfect™ Tricolor Protein Ladder,E3210 / E3210-01 (50 loadings),"Prestained, three-color (25 kDa = green, 75 kDa = orange, others blue)",6,48,12,blue,#2563eb,1,false,protein-eurx-perfecttm-tricolor-protein-ladder,https://eurx.com.pl/product/e3210/,EURx_E3210_Tricolor.pdf (https://eurx.com.pl/docs/specs/en/e3210.pdf)
EURx,eurx.com.pl,Perfect™ Tricolor Protein Ladder,E3210 / E3210-01 (50 loadings),"Prestained, three-color (25 kDa = green, 75 kDa = orange, others blue)",7,63,12,blue,#2563eb,1,false,protein-eurx-perfecttm-tricolor-protein-ladder,https://eurx.com.pl/product/e3210/,EURx_E3210_Tricolor.pdf (https://eurx.com.pl/docs/specs/en/e3210.pdf)
EURx,eurx.com.pl,Perfect™ Tricolor Protein Ladder,E3210 / E3210-01 (50 loadings),"Prestained, three-color (25 kDa = green, 75 kDa = orange, others blue)",8,75,12,orange,#f97316,1.55,true,protein-eurx-perfecttm-tricolor-protein-ladder,https://eurx.com.pl/product/e3210/,EURx_E3210_Tricolor.pdf (https://eurx.com.pl/docs/specs/en/e3210.pdf)
EURx,eurx.com.pl,Perfect™ Tricolor Protein Ladder,E3210 / E3210-01 (50 loadings),"Prestained, three-color (25 kDa = green, 75 kDa = orange, others blue)",9,100,12,blue,#2563eb,1,false,protein-eurx-perfecttm-tricolor-protein-ladder,https://eurx.com.pl/product/e3210/,EURx_E3210_Tricolor.pdf (https://eurx.com.pl/docs/specs/en/e3210.pdf)
EURx,eurx.com.pl,Perfect™ Tricolor Protein Ladder,E3210 / E3210-01 (50 loadings),"Prestained, three-color (25 kDa = green, 75 kDa = orange, others blue)",10,135,12,blue,#2563eb,1,false,protein-eurx-perfecttm-tricolor-protein-ladder,https://eurx.com.pl/product/e3210/,EURx_E3210_Tricolor.pdf (https://eurx.com.pl/docs/specs/en/e3210.pdf)
EURx,eurx.com.pl,Perfect™ Tricolor Protein Ladder,E3210 / E3210-01 (50 loadings),"Prestained, three-color (25 kDa = green, 75 kDa = orange, others blue)",11,180,12,blue,#2563eb,1,false,protein-eurx-perfecttm-tricolor-protein-ladder,https://eurx.com.pl/product/e3210/,EURx_E3210_Tricolor.pdf (https://eurx.com.pl/docs/specs/en/e3210.pdf)
EURx,eurx.com.pl,Perfect™ Tricolor Protein Ladder,E3210 / E3210-01 (50 loadings),"Prestained, three-color (25 kDa = green, 75 kDa = orange, others blue)",12,245,12,blue,#2563eb,1,false,protein-eurx-perfecttm-tricolor-protein-ladder,https://eurx.com.pl/product/e3210/,EURx_E3210_Tricolor.pdf (https://eurx.com.pl/docs/specs/en/e3210.pdf)
EURx,eurx.com.pl,Perfect™ Rainbow Protein Ladder (prestained),E3212 / E3212-01 (50 loadings),"Prestained, multi-color (15 kDa = yellow, 25 kDa = green, 80 kDa = red, 250 kDa = purple, others blue)",1,5,13,blue,#2563eb,1,false,protein-eurx-perfecttm-rainbow-protein-ladder-prestained,https://eurx.com.pl/product/e3212/,EURx_E3212_Rainbow.pdf (https://eurx.com.pl/docs/specs/en/e3212.pdf)
EURx,eurx.com.pl,Perfect™ Rainbow Protein Ladder (prestained),E3212 / E3212-01 (50 loadings),"Prestained, multi-color (15 kDa = yellow, 25 kDa = green, 80 kDa = red, 250 kDa = purple, others blue)",2,11,13,blue,#2563eb,1,false,protein-eurx-perfecttm-rainbow-protein-ladder-prestained,https://eurx.com.pl/product/e3212/,EURx_E3212_Rainbow.pdf (https://eurx.com.pl/docs/specs/en/e3212.pdf)
EURx,eurx.com.pl,Perfect™ Rainbow Protein Ladder (prestained),E3212 / E3212-01 (50 loadings),"Prestained, multi-color (15 kDa = yellow, 25 kDa = green, 80 kDa = red, 250 kDa = purple, others blue)",3,15,13,yellow,#eab308,1.55,true,protein-eurx-perfecttm-rainbow-protein-ladder-prestained,https://eurx.com.pl/product/e3212/,EURx_E3212_Rainbow.pdf (https://eurx.com.pl/docs/specs/en/e3212.pdf)
EURx,eurx.com.pl,Perfect™ Rainbow Protein Ladder (prestained),E3212 / E3212-01 (50 loadings),"Prestained, multi-color (15 kDa = yellow, 25 kDa = green, 80 kDa = red, 250 kDa = purple, others blue)",4,20,13,blue,#2563eb,1,false,protein-eurx-perfecttm-rainbow-protein-ladder-prestained,https://eurx.com.pl/product/e3212/,EURx_E3212_Rainbow.pdf (https://eurx.com.pl/docs/specs/en/e3212.pdf)
EURx,eurx.com.pl,Perfect™ Rainbow Protein Ladder (prestained),E3212 / E3212-01 (50 loadings),"Prestained, multi-color (15 kDa = yellow, 25 kDa = green, 80 kDa = red, 250 kDa = purple, others blue)",5,25,13,green,#16a34a,1.55,true,protein-eurx-perfecttm-rainbow-protein-ladder-prestained,https://eurx.com.pl/product/e3212/,EURx_E3212_Rainbow.pdf (https://eurx.com.pl/docs/specs/en/e3212.pdf)
EURx,eurx.com.pl,Perfect™ Rainbow Protein Ladder (prestained),E3212 / E3212-01 (50 loadings),"Prestained, multi-color (15 kDa = yellow, 25 kDa = green, 80 kDa = red, 250 kDa = purple, others blue)",6,36,13,blue,#2563eb,1,false,protein-eurx-perfecttm-rainbow-protein-ladder-prestained,https://eurx.com.pl/product/e3212/,EURx_E3212_Rainbow.pdf (https://eurx.com.pl/docs/specs/en/e3212.pdf)
EURx,eurx.com.pl,Perfect™ Rainbow Protein Ladder (prestained),E3212 / E3212-01 (50 loadings),"Prestained, multi-color (15 kDa = yellow, 25 kDa = green, 80 kDa = red, 250 kDa = purple, others blue)",7,50,13,blue,#2563eb,1,false,protein-eurx-perfecttm-rainbow-protein-ladder-prestained,https://eurx.com.pl/product/e3212/,EURx_E3212_Rainbow.pdf (https://eurx.com.pl/docs/specs/en/e3212.pdf)
EURx,eurx.com.pl,Perfect™ Rainbow Protein Ladder (prestained),E3212 / E3212-01 (50 loadings),"Prestained, multi-color (15 kDa = yellow, 25 kDa = green, 80 kDa = red, 250 kDa = purple, others blue)",8,58,13,blue,#2563eb,1,false,protein-eurx-perfecttm-rainbow-protein-ladder-prestained,https://eurx.com.pl/product/e3212/,EURx_E3212_Rainbow.pdf (https://eurx.com.pl/docs/specs/en/e3212.pdf)
EURx,eurx.com.pl,Perfect™ Rainbow Protein Ladder (prestained),E3212 / E3212-01 (50 loadings),"Prestained, multi-color (15 kDa = yellow, 25 kDa = green, 80 kDa = red, 250 kDa = purple, others blue)",9,80,13,red,#dc2626,1.55,true,protein-eurx-perfecttm-rainbow-protein-ladder-prestained,https://eurx.com.pl/product/e3212/,EURx_E3212_Rainbow.pdf (https://eurx.com.pl/docs/specs/en/e3212.pdf)
EURx,eurx.com.pl,Perfect™ Rainbow Protein Ladder (prestained),E3212 / E3212-01 (50 loadings),"Prestained, multi-color (15 kDa = yellow, 25 kDa = green, 80 kDa = red, 250 kDa = purple, others blue)",10,110,13,blue,#2563eb,1,false,protein-eurx-perfecttm-rainbow-protein-ladder-prestained,https://eurx.com.pl/product/e3212/,EURx_E3212_Rainbow.pdf (https://eurx.com.pl/docs/specs/en/e3212.pdf)
EURx,eurx.com.pl,Perfect™ Rainbow Protein Ladder (prestained),E3212 / E3212-01 (50 loadings),"Prestained, multi-color (15 kDa = yellow, 25 kDa = green, 80 kDa = red, 250 kDa = purple, others blue)",11,135,13,blue,#2563eb,1,false,protein-eurx-perfecttm-rainbow-protein-ladder-prestained,https://eurx.com.pl/product/e3212/,EURx_E3212_Rainbow.pdf (https://eurx.com.pl/docs/specs/en/e3212.pdf)
EURx,eurx.com.pl,Perfect™ Rainbow Protein Ladder (prestained),E3212 / E3212-01 (50 loadings),"Prestained, multi-color (15 kDa = yellow, 25 kDa = green, 80 kDa = red, 250 kDa = purple, others blue)",12,180,13,blue,#2563eb,1,false,protein-eurx-perfecttm-rainbow-protein-ladder-prestained,https://eurx.com.pl/product/e3212/,EURx_E3212_Rainbow.pdf (https://eurx.com.pl/docs/specs/en/e3212.pdf)
EURx,eurx.com.pl,Perfect™ Rainbow Protein Ladder (prestained),E3212 / E3212-01 (50 loadings),"Prestained, multi-color (15 kDa = yellow, 25 kDa = green, 80 kDa = red, 250 kDa = purple, others blue)",13,250,13,purple,#9333ea,1.55,true,protein-eurx-perfecttm-rainbow-protein-ladder-prestained,https://eurx.com.pl/product/e3212/,EURx_E3212_Rainbow.pdf (https://eurx.com.pl/docs/specs/en/e3212.pdf)
EURx,eurx.com.pl,Perfect™ Amber Protein Ladder (prestained),E3214 / E3214-01 (100 loadings),"Prestained, multi-color (15 kDa = yellow, 25 kDa = green, 75 kDa = purple, 255 kDa = orange, others blue)",1,11,12,blue,#2563eb,1,false,protein-eurx-perfecttm-amber-protein-ladder-prestained,https://eurx.com.pl/product/e3214/,EURx_E3214_Amber.pdf (https://eurx.com.pl/docs/specs/en/e3214.pdf)
EURx,eurx.com.pl,Perfect™ Amber Protein Ladder (prestained),E3214 / E3214-01 (100 loadings),"Prestained, multi-color (15 kDa = yellow, 25 kDa = green, 75 kDa = purple, 255 kDa = orange, others blue)",2,15,12,yellow,#eab308,1.55,true,protein-eurx-perfecttm-amber-protein-ladder-prestained,https://eurx.com.pl/product/e3214/,EURx_E3214_Amber.pdf (https://eurx.com.pl/docs/specs/en/e3214.pdf)
EURx,eurx.com.pl,Perfect™ Amber Protein Ladder (prestained),E3214 / E3214-01 (100 loadings),"Prestained, multi-color (15 kDa = yellow, 25 kDa = green, 75 kDa = purple, 255 kDa = orange, others blue)",3,20,12,blue,#2563eb,1,false,protein-eurx-perfecttm-amber-protein-ladder-prestained,https://eurx.com.pl/product/e3214/,EURx_E3214_Amber.pdf (https://eurx.com.pl/docs/specs/en/e3214.pdf)
EURx,eurx.com.pl,Perfect™ Amber Protein Ladder (prestained),E3214 / E3214-01 (100 loadings),"Prestained, multi-color (15 kDa = yellow, 25 kDa = green, 75 kDa = purple, 255 kDa = orange, others blue)",4,25,12,green,#16a34a,1.55,true,protein-eurx-perfecttm-amber-protein-ladder-prestained,https://eurx.com.pl/product/e3214/,EURx_E3214_Amber.pdf (https://eurx.com.pl/docs/specs/en/e3214.pdf)
EURx,eurx.com.pl,Perfect™ Amber Protein Ladder (prestained),E3214 / E3214-01 (100 loadings),"Prestained, multi-color (15 kDa = yellow, 25 kDa = green, 75 kDa = purple, 255 kDa = orange, others blue)",5,36,12,blue,#2563eb,1,false,protein-eurx-perfecttm-amber-protein-ladder-prestained,https://eurx.com.pl/product/e3214/,EURx_E3214_Amber.pdf (https://eurx.com.pl/docs/specs/en/e3214.pdf)
EURx,eurx.com.pl,Perfect™ Amber Protein Ladder (prestained),E3214 / E3214-01 (100 loadings),"Prestained, multi-color (15 kDa = yellow, 25 kDa = green, 75 kDa = purple, 255 kDa = orange, others blue)",6,50,12,blue,#2563eb,1,false,protein-eurx-perfecttm-amber-protein-ladder-prestained,https://eurx.com.pl/product/e3214/,EURx_E3214_Amber.pdf (https://eurx.com.pl/docs/specs/en/e3214.pdf)
EURx,eurx.com.pl,Perfect™ Amber Protein Ladder (prestained),E3214 / E3214-01 (100 loadings),"Prestained, multi-color (15 kDa = yellow, 25 kDa = green, 75 kDa = purple, 255 kDa = orange, others blue)",7,58,12,blue,#2563eb,1,false,protein-eurx-perfecttm-amber-protein-ladder-prestained,https://eurx.com.pl/product/e3214/,EURx_E3214_Amber.pdf (https://eurx.com.pl/docs/specs/en/e3214.pdf)
EURx,eurx.com.pl,Perfect™ Amber Protein Ladder (prestained),E3214 / E3214-01 (100 loadings),"Prestained, multi-color (15 kDa = yellow, 25 kDa = green, 75 kDa = purple, 255 kDa = orange, others blue)",8,75,12,purple,#9333ea,1.55,true,protein-eurx-perfecttm-amber-protein-ladder-prestained,https://eurx.com.pl/product/e3214/,EURx_E3214_Amber.pdf (https://eurx.com.pl/docs/specs/en/e3214.pdf)
EURx,eurx.com.pl,Perfect™ Amber Protein Ladder (prestained),E3214 / E3214-01 (100 loadings),"Prestained, multi-color (15 kDa = yellow, 25 kDa = green, 75 kDa = purple, 255 kDa = orange, others blue)",9,110,12,blue,#2563eb,1,false,protein-eurx-perfecttm-amber-protein-ladder-prestained,https://eurx.com.pl/product/e3214/,EURx_E3214_Amber.pdf (https://eurx.com.pl/docs/specs/en/e3214.pdf)
EURx,eurx.com.pl,Perfect™ Amber Protein Ladder (prestained),E3214 / E3214-01 (100 loadings),"Prestained, multi-color (15 kDa = yellow, 25 kDa = green, 75 kDa = purple, 255 kDa = orange, others blue)",10,115,12,blue,#2563eb,1,false,protein-eurx-perfecttm-amber-protein-ladder-prestained,https://eurx.com.pl/product/e3214/,EURx_E3214_Amber.pdf (https://eurx.com.pl/docs/specs/en/e3214.pdf)
EURx,eurx.com.pl,Perfect™ Amber Protein Ladder (prestained),E3214 / E3214-01 (100 loadings),"Prestained, multi-color (15 kDa = yellow, 25 kDa = green, 75 kDa = purple, 255 kDa = orange, others blue)",11,180,12,blue,#2563eb,1,false,protein-eurx-perfecttm-amber-protein-ladder-prestained,https://eurx.com.pl/product/e3214/,EURx_E3214_Amber.pdf (https://eurx.com.pl/docs/specs/en/e3214.pdf)
EURx,eurx.com.pl,Perfect™ Amber Protein Ladder (prestained),E3214 / E3214-01 (100 loadings),"Prestained, multi-color (15 kDa = yellow, 25 kDa = green, 75 kDa = purple, 255 kDa = orange, others blue)",12,255,12,orange,#f97316,1.55,true,protein-eurx-perfecttm-amber-protein-ladder-prestained,https://eurx.com.pl/product/e3214/,EURx_E3214_Amber.pdf (https://eurx.com.pl/docs/specs/en/e3214.pdf)
Epizyme,epizyme.cn,三色预染蛋白Marker 10 kDa~180 kDa (Tri-Color Prestained),WJ107 / WJ107L,"Prestained, three-color",1,10,10,green,#16a34a,1.55,true,protein-epizyme-wj107,https://www.epizyme.cn/Products/Details/25016,pdfs/Epizyme_WJ107_manual.pdf
Epizyme,epizyme.cn,三色预染蛋白Marker 10 kDa~180 kDa (Tri-Color Prestained),WJ107 / WJ107L,"Prestained, three-color",2,15,10,blue,#2563eb,1,false,protein-epizyme-wj107,https://www.epizyme.cn/Products/Details/25016,pdfs/Epizyme_WJ107_manual.pdf
Epizyme,epizyme.cn,三色预染蛋白Marker 10 kDa~180 kDa (Tri-Color Prestained),WJ107 / WJ107L,"Prestained, three-color",3,25,10,blue,#2563eb,1,false,protein-epizyme-wj107,https://www.epizyme.cn/Products/Details/25016,pdfs/Epizyme_WJ107_manual.pdf
Epizyme,epizyme.cn,三色预染蛋白Marker 10 kDa~180 kDa (Tri-Color Prestained),WJ107 / WJ107L,"Prestained, three-color",4,35,10,blue,#2563eb,1,false,protein-epizyme-wj107,https://www.epizyme.cn/Products/Details/25016,pdfs/Epizyme_WJ107_manual.pdf
Epizyme,epizyme.cn,三色预染蛋白Marker 10 kDa~180 kDa (Tri-Color Prestained),WJ107 / WJ107L,"Prestained, three-color",5,40,10,blue,#2563eb,1,false,protein-epizyme-wj107,https://www.epizyme.cn/Products/Details/25016,pdfs/Epizyme_WJ107_manual.pdf
Epizyme,epizyme.cn,三色预染蛋白Marker 10 kDa~180 kDa (Tri-Color Prestained),WJ107 / WJ107L,"Prestained, three-color",6,55,10,blue,#2563eb,1,false,protein-epizyme-wj107,https://www.epizyme.cn/Products/Details/25016,pdfs/Epizyme_WJ107_manual.pdf
Epizyme,epizyme.cn,三色预染蛋白Marker 10 kDa~180 kDa (Tri-Color Prestained),WJ107 / WJ107L,"Prestained, three-color",7,70,10,red,#dc2626,1.55,true,protein-epizyme-wj107,https://www.epizyme.cn/Products/Details/25016,pdfs/Epizyme_WJ107_manual.pdf
Epizyme,epizyme.cn,三色预染蛋白Marker 10 kDa~180 kDa (Tri-Color Prestained),WJ107 / WJ107L,"Prestained, three-color",8,100,10,blue,#2563eb,1,false,protein-epizyme-wj107,https://www.epizyme.cn/Products/Details/25016,pdfs/Epizyme_WJ107_manual.pdf
Epizyme,epizyme.cn,三色预染蛋白Marker 10 kDa~180 kDa (Tri-Color Prestained),WJ107 / WJ107L,"Prestained, three-color",9,130,10,blue,#2563eb,1,false,protein-epizyme-wj107,https://www.epizyme.cn/Products/Details/25016,pdfs/Epizyme_WJ107_manual.pdf
Epizyme,epizyme.cn,三色预染蛋白Marker 10 kDa~180 kDa (Tri-Color Prestained),WJ107 / WJ107L,"Prestained, three-color",10,180,10,blue,#2563eb,1,false,protein-epizyme-wj107,https://www.epizyme.cn/Products/Details/25016,pdfs/Epizyme_WJ107_manual.pdf
Epizyme,epizyme.cn,双色预染蛋白Marker 15 kDa~150 kDa (Dual-Color Prestained),WJ101 / WJ101L,"Prestained, dual-color",1,15,9,blue,#2563eb,1,false,protein-epizyme-wj101,https://www.epizyme.cn/Products/Details/1070,pdfs/Epizyme_WJ101_manual.pdf
Epizyme,epizyme.cn,双色预染蛋白Marker 15 kDa~150 kDa (Dual-Color Prestained),WJ101 / WJ101L,"Prestained, dual-color",2,20,9,blue,#2563eb,1,false,protein-epizyme-wj101,https://www.epizyme.cn/Products/Details/1070,pdfs/Epizyme_WJ101_manual.pdf
Epizyme,epizyme.cn,双色预染蛋白Marker 15 kDa~150 kDa (Dual-Color Prestained),WJ101 / WJ101L,"Prestained, dual-color",3,25,9,red,#dc2626,1.55,true,protein-epizyme-wj101,https://www.epizyme.cn/Products/Details/1070,pdfs/Epizyme_WJ101_manual.pdf
Epizyme,epizyme.cn,双色预染蛋白Marker 15 kDa~150 kDa (Dual-Color Prestained),WJ101 / WJ101L,"Prestained, dual-color",4,35,9,blue,#2563eb,1,false,protein-epizyme-wj101,https://www.epizyme.cn/Products/Details/1070,pdfs/Epizyme_WJ101_manual.pdf
Epizyme,epizyme.cn,双色预染蛋白Marker 15 kDa~150 kDa (Dual-Color Prestained),WJ101 / WJ101L,"Prestained, dual-color",5,40,9,blue,#2563eb,1,false,protein-epizyme-wj101,https://www.epizyme.cn/Products/Details/1070,pdfs/Epizyme_WJ101_manual.pdf
Epizyme,epizyme.cn,双色预染蛋白Marker 15 kDa~150 kDa (Dual-Color Prestained),WJ101 / WJ101L,"Prestained, dual-color",6,50,9,blue,#2563eb,1,false,protein-epizyme-wj101,https://www.epizyme.cn/Products/Details/1070,pdfs/Epizyme_WJ101_manual.pdf
Epizyme,epizyme.cn,双色预染蛋白Marker 15 kDa~150 kDa (Dual-Color Prestained),WJ101 / WJ101L,"Prestained, dual-color",7,70,9,red,#dc2626,1.55,true,protein-epizyme-wj101,https://www.epizyme.cn/Products/Details/1070,pdfs/Epizyme_WJ101_manual.pdf
Epizyme,epizyme.cn,双色预染蛋白Marker 15 kDa~150 kDa (Dual-Color Prestained),WJ101 / WJ101L,"Prestained, dual-color",8,100,9,blue,#2563eb,1,false,protein-epizyme-wj101,https://www.epizyme.cn/Products/Details/1070,pdfs/Epizyme_WJ101_manual.pdf
Epizyme,epizyme.cn,双色预染蛋白Marker 15 kDa~150 kDa (Dual-Color Prestained),WJ101 / WJ101L,"Prestained, dual-color",9,150,9,blue,#2563eb,1,false,protein-epizyme-wj101,https://www.epizyme.cn/Products/Details/1070,pdfs/Epizyme_WJ101_manual.pdf
Epizyme,epizyme.cn,双色预染蛋白Marker 10 kDa~250 kDa (Dual-Color Prestained),WJ102 / WJ102L,"Prestained, dual-color",1,10,11,blue,#2563eb,1,false,protein-epizyme-wj102,https://www.epizyme.cn/Products/Details/1071,说明书 171527059154.pdf (与WJ101同册)
Epizyme,epizyme.cn,双色预染蛋白Marker 10 kDa~250 kDa (Dual-Color Prestained),WJ102 / WJ102L,"Prestained, dual-color",2,15,11,blue,#2563eb,1,false,protein-epizyme-wj102,https://www.epizyme.cn/Products/Details/1071,说明书 171527059154.pdf (与WJ101同册)
Epizyme,epizyme.cn,双色预染蛋白Marker 10 kDa~250 kDa (Dual-Color Prestained),WJ102 / WJ102L,"Prestained, dual-color",3,20,11,blue,#2563eb,1,false,protein-epizyme-wj102,https://www.epizyme.cn/Products/Details/1071,说明书 171527059154.pdf (与WJ101同册)
Epizyme,epizyme.cn,双色预染蛋白Marker 10 kDa~250 kDa (Dual-Color Prestained),WJ102 / WJ102L,"Prestained, dual-color",4,25,11,red,#dc2626,1.55,true,protein-epizyme-wj102,https://www.epizyme.cn/Products/Details/1071,说明书 171527059154.pdf (与WJ101同册)
Epizyme,epizyme.cn,双色预染蛋白Marker 10 kDa~250 kDa (Dual-Color Prestained),WJ102 / WJ102L,"Prestained, dual-color",5,35,11,blue,#2563eb,1,false,protein-epizyme-wj102,https://www.epizyme.cn/Products/Details/1071,说明书 171527059154.pdf (与WJ101同册)
Epizyme,epizyme.cn,双色预染蛋白Marker 10 kDa~250 kDa (Dual-Color Prestained),WJ102 / WJ102L,"Prestained, dual-color",6,40,11,blue,#2563eb,1,false,protein-epizyme-wj102,https://www.epizyme.cn/Products/Details/1071,说明书 171527059154.pdf (与WJ101同册)
Epizyme,epizyme.cn,双色预染蛋白Marker 10 kDa~250 kDa (Dual-Color Prestained),WJ102 / WJ102L,"Prestained, dual-color",7,50,11,blue,#2563eb,1,false,protein-epizyme-wj102,https://www.epizyme.cn/Products/Details/1071,说明书 171527059154.pdf (与WJ101同册)
Epizyme,epizyme.cn,双色预染蛋白Marker 10 kDa~250 kDa (Dual-Color Prestained),WJ102 / WJ102L,"Prestained, dual-color",8,70,11,red,#dc2626,1.55,true,protein-epizyme-wj102,https://www.epizyme.cn/Products/Details/1071,说明书 171527059154.pdf (与WJ101同册)
Epizyme,epizyme.cn,双色预染蛋白Marker 10 kDa~250 kDa (Dual-Color Prestained),WJ102 / WJ102L,"Prestained, dual-color",9,100,11,blue,#2563eb,1,false,protein-epizyme-wj102,https://www.epizyme.cn/Products/Details/1071,说明书 171527059154.pdf (与WJ101同册)
Epizyme,epizyme.cn,双色预染蛋白Marker 10 kDa~250 kDa (Dual-Color Prestained),WJ102 / WJ102L,"Prestained, dual-color",10,150,11,blue,#2563eb,1,false,protein-epizyme-wj102,https://www.epizyme.cn/Products/Details/1071,说明书 171527059154.pdf (与WJ101同册)
Epizyme,epizyme.cn,双色预染蛋白Marker 10 kDa~250 kDa (Dual-Color Prestained),WJ102 / WJ102L,"Prestained, dual-color",11,250,11,blue,#2563eb,1,false,protein-epizyme-wj102,https://www.epizyme.cn/Products/Details/1071,说明书 171527059154.pdf (与WJ101同册)
Epizyme,epizyme.cn,三色预染蛋白Marker 10 kDa~250 kDa (Tri-Color Prestained),WJ103 / WJ103L,"Prestained, three-color",1,10,11,blue,#2563eb,1,false,protein-epizyme-wj103,https://www.epizyme.cn/Products/Details/1073,说明书 171527059154.pdf (与WJ101同册)
Epizyme,epizyme.cn,三色预染蛋白Marker 10 kDa~250 kDa (Tri-Color Prestained),WJ103 / WJ103L,"Prestained, three-color",2,15,11,blue,#2563eb,1,false,protein-epizyme-wj103,https://www.epizyme.cn/Products/Details/1073,说明书 171527059154.pdf (与WJ101同册)
Epizyme,epizyme.cn,三色预染蛋白Marker 10 kDa~250 kDa (Tri-Color Prestained),WJ103 / WJ103L,"Prestained, three-color",3,20,11,blue,#2563eb,1,false,protein-epizyme-wj103,https://www.epizyme.cn/Products/Details/1073,说明书 171527059154.pdf (与WJ101同册)
Epizyme,epizyme.cn,三色预染蛋白Marker 10 kDa~250 kDa (Tri-Color Prestained),WJ103 / WJ103L,"Prestained, three-color",4,25,11,green,#16a34a,1.55,true,protein-epizyme-wj103,https://www.epizyme.cn/Products/Details/1073,说明书 171527059154.pdf (与WJ101同册)
Epizyme,epizyme.cn,三色预染蛋白Marker 10 kDa~250 kDa (Tri-Color Prestained),WJ103 / WJ103L,"Prestained, three-color",5,35,11,blue,#2563eb,1,false,protein-epizyme-wj103,https://www.epizyme.cn/Products/Details/1073,说明书 171527059154.pdf (与WJ101同册)
Epizyme,epizyme.cn,三色预染蛋白Marker 10 kDa~250 kDa (Tri-Color Prestained),WJ103 / WJ103L,"Prestained, three-color",6,40,11,blue,#2563eb,1,false,protein-epizyme-wj103,https://www.epizyme.cn/Products/Details/1073,说明书 171527059154.pdf (与WJ101同册)
Epizyme,epizyme.cn,三色预染蛋白Marker 10 kDa~250 kDa (Tri-Color Prestained),WJ103 / WJ103L,"Prestained, three-color",7,50,11,blue,#2563eb,1,false,protein-epizyme-wj103,https://www.epizyme.cn/Products/Details/1073,说明书 171527059154.pdf (与WJ101同册)
Epizyme,epizyme.cn,三色预染蛋白Marker 10 kDa~250 kDa (Tri-Color Prestained),WJ103 / WJ103L,"Prestained, three-color",8,70,11,red,#dc2626,1.55,true,protein-epizyme-wj103,https://www.epizyme.cn/Products/Details/1073,说明书 171527059154.pdf (与WJ101同册)
Epizyme,epizyme.cn,三色预染蛋白Marker 10 kDa~250 kDa (Tri-Color Prestained),WJ103 / WJ103L,"Prestained, three-color",9,100,11,blue,#2563eb,1,false,protein-epizyme-wj103,https://www.epizyme.cn/Products/Details/1073,说明书 171527059154.pdf (与WJ101同册)
Epizyme,epizyme.cn,三色预染蛋白Marker 10 kDa~250 kDa (Tri-Color Prestained),WJ103 / WJ103L,"Prestained, three-color",10,150,11,blue,#2563eb,1,false,protein-epizyme-wj103,https://www.epizyme.cn/Products/Details/1073,说明书 171527059154.pdf (与WJ101同册)
Epizyme,epizyme.cn,三色预染蛋白Marker 10 kDa~250 kDa (Tri-Color Prestained),WJ103 / WJ103L,"Prestained, three-color",11,250,11,blue,#2563eb,1,false,protein-epizyme-wj103,https://www.epizyme.cn/Products/Details/1073,说明书 171527059154.pdf (与WJ101同册)
Epizyme,epizyme.cn,双色预染蛋白Marker 10kDa~250kDa (近红外荧光成像),WJ106 / WJ106L,"Prestained, dual-color, NIR",1,10,11,blue,#2563eb,1,false,protein-epizyme-wj106,https://www.epizyme.cn/Products/Details/1072,说明书 171527059154.pdf (与WJ101同册)
Epizyme,epizyme.cn,双色预染蛋白Marker 10kDa~250kDa (近红外荧光成像),WJ106 / WJ106L,"Prestained, dual-color, NIR",2,15,11,blue,#2563eb,1,false,protein-epizyme-wj106,https://www.epizyme.cn/Products/Details/1072,说明书 171527059154.pdf (与WJ101同册)
Epizyme,epizyme.cn,双色预染蛋白Marker 10kDa~250kDa (近红外荧光成像),WJ106 / WJ106L,"Prestained, dual-color, NIR",3,20,11,blue,#2563eb,1,false,protein-epizyme-wj106,https://www.epizyme.cn/Products/Details/1072,说明书 171527059154.pdf (与WJ101同册)
Epizyme,epizyme.cn,双色预染蛋白Marker 10kDa~250kDa (近红外荧光成像),WJ106 / WJ106L,"Prestained, dual-color, NIR",4,25,11,green,#16a34a,1.55,true,protein-epizyme-wj106,https://www.epizyme.cn/Products/Details/1072,说明书 171527059154.pdf (与WJ101同册)
Epizyme,epizyme.cn,双色预染蛋白Marker 10kDa~250kDa (近红外荧光成像),WJ106 / WJ106L,"Prestained, dual-color, NIR",5,35,11,blue,#2563eb,1,false,protein-epizyme-wj106,https://www.epizyme.cn/Products/Details/1072,说明书 171527059154.pdf (与WJ101同册)
Epizyme,epizyme.cn,双色预染蛋白Marker 10kDa~250kDa (近红外荧光成像),WJ106 / WJ106L,"Prestained, dual-color, NIR",6,40,11,blue,#2563eb,1,false,protein-epizyme-wj106,https://www.epizyme.cn/Products/Details/1072,说明书 171527059154.pdf (与WJ101同册)
Epizyme,epizyme.cn,双色预染蛋白Marker 10kDa~250kDa (近红外荧光成像),WJ106 / WJ106L,"Prestained, dual-color, NIR",7,50,11,blue,#2563eb,1,false,protein-epizyme-wj106,https://www.epizyme.cn/Products/Details/1072,说明书 171527059154.pdf (与WJ101同册)
Epizyme,epizyme.cn,双色预染蛋白Marker 10kDa~250kDa (近红外荧光成像),WJ106 / WJ106L,"Prestained, dual-color, NIR",8,70,11,green,#16a34a,1.55,true,protein-epizyme-wj106,https://www.epizyme.cn/Products/Details/1072,说明书 171527059154.pdf (与WJ101同册)
Epizyme,epizyme.cn,双色预染蛋白Marker 10kDa~250kDa (近红外荧光成像),WJ106 / WJ106L,"Prestained, dual-color, NIR",9,100,11,blue,#2563eb,1,false,protein-epizyme-wj106,https://www.epizyme.cn/Products/Details/1072,说明书 171527059154.pdf (与WJ101同册)
Epizyme,epizyme.cn,双色预染蛋白Marker 10kDa~250kDa (近红外荧光成像),WJ106 / WJ106L,"Prestained, dual-color, NIR",10,150,11,blue,#2563eb,1,false,protein-epizyme-wj106,https://www.epizyme.cn/Products/Details/1072,说明书 171527059154.pdf (与WJ101同册)
Epizyme,epizyme.cn,双色预染蛋白Marker 10kDa~250kDa (近红外荧光成像),WJ106 / WJ106L,"Prestained, dual-color, NIR",11,250,11,blue,#2563eb,1,false,protein-epizyme-wj106,https://www.epizyme.cn/Products/Details/1072,说明书 171527059154.pdf (与WJ101同册)
Epizyme,epizyme.cn,双色预染低分子量蛋白分子量标准 1.2~40 kDa (Tricine),WJ402 / WJ402L,"Prestained, dual-color, low-MW",1,1.2,7,blue,#2563eb,1,false,protein-epizyme-wj402,https://www.epizyme.cn/Products/Details/26632,pdfs/Epizyme_WJ402_manual.pdf
Epizyme,epizyme.cn,双色预染低分子量蛋白分子量标准 1.2~40 kDa (Tricine),WJ402 / WJ402L,"Prestained, dual-color, low-MW",2,4.2,7,blue,#2563eb,1,false,protein-epizyme-wj402,https://www.epizyme.cn/Products/Details/26632,pdfs/Epizyme_WJ402_manual.pdf
Epizyme,epizyme.cn,双色预染低分子量蛋白分子量标准 1.2~40 kDa (Tricine),WJ402 / WJ402L,"Prestained, dual-color, low-MW",3,7.5,7,blue,#2563eb,1,false,protein-epizyme-wj402,https://www.epizyme.cn/Products/Details/26632,pdfs/Epizyme_WJ402_manual.pdf
Epizyme,epizyme.cn,双色预染低分子量蛋白分子量标准 1.2~40 kDa (Tricine),WJ402 / WJ402L,"Prestained, dual-color, low-MW",4,15,7,blue,#2563eb,1,false,protein-epizyme-wj402,https://www.epizyme.cn/Products/Details/26632,pdfs/Epizyme_WJ402_manual.pdf
Epizyme,epizyme.cn,双色预染低分子量蛋白分子量标准 1.2~40 kDa (Tricine),WJ402 / WJ402L,"Prestained, dual-color, low-MW",5,20,7,green,#16a34a,1.55,true,protein-epizyme-wj402,https://www.epizyme.cn/Products/Details/26632,pdfs/Epizyme_WJ402_manual.pdf
Epizyme,epizyme.cn,双色预染低分子量蛋白分子量标准 1.2~40 kDa (Tricine),WJ402 / WJ402L,"Prestained, dual-color, low-MW",6,30,7,blue,#2563eb,1,false,protein-epizyme-wj402,https://www.epizyme.cn/Products/Details/26632,pdfs/Epizyme_WJ402_manual.pdf
Epizyme,epizyme.cn,双色预染低分子量蛋白分子量标准 1.2~40 kDa (Tricine),WJ402 / WJ402L,"Prestained, dual-color, low-MW",7,40,7,blue,#2563eb,1,false,protein-epizyme-wj402,https://www.epizyme.cn/Products/Details/26632,pdfs/Epizyme_WJ402_manual.pdf
Epizyme,epizyme.cn,非预染蛋白Marker (Unstained Protein Ladder),WJ201,Unstained,1,10,10,gray,#334155,1,false,protein-epizyme-wj201,https://www.epizyme.cn/Products/Details/1075,pdfs/Epizyme_WJ201_manual.pdf
Epizyme,epizyme.cn,非预染蛋白Marker (Unstained Protein Ladder),WJ201,Unstained,2,15,10,gray,#334155,1,false,protein-epizyme-wj201,https://www.epizyme.cn/Products/Details/1075,pdfs/Epizyme_WJ201_manual.pdf
Epizyme,epizyme.cn,非预染蛋白Marker (Unstained Protein Ladder),WJ201,Unstained,3,20,10,gray,#334155,1,false,protein-epizyme-wj201,https://www.epizyme.cn/Products/Details/1075,pdfs/Epizyme_WJ201_manual.pdf
Epizyme,epizyme.cn,非预染蛋白Marker (Unstained Protein Ladder),WJ201,Unstained,4,25,10,gray,#334155,1,false,protein-epizyme-wj201,https://www.epizyme.cn/Products/Details/1075,pdfs/Epizyme_WJ201_manual.pdf
Epizyme,epizyme.cn,非预染蛋白Marker (Unstained Protein Ladder),WJ201,Unstained,5,35,10,gray,#334155,1,false,protein-epizyme-wj201,https://www.epizyme.cn/Products/Details/1075,pdfs/Epizyme_WJ201_manual.pdf
Epizyme,epizyme.cn,非预染蛋白Marker (Unstained Protein Ladder),WJ201,Unstained,6,50,10,gray,#334155,1,false,protein-epizyme-wj201,https://www.epizyme.cn/Products/Details/1075,pdfs/Epizyme_WJ201_manual.pdf
Epizyme,epizyme.cn,非预染蛋白Marker (Unstained Protein Ladder),WJ201,Unstained,7,70,10,gray,#334155,1,false,protein-epizyme-wj201,https://www.epizyme.cn/Products/Details/1075,pdfs/Epizyme_WJ201_manual.pdf
Epizyme,epizyme.cn,非预染蛋白Marker (Unstained Protein Ladder),WJ201,Unstained,8,100,10,gray,#334155,1,false,protein-epizyme-wj201,https://www.epizyme.cn/Products/Details/1075,pdfs/Epizyme_WJ201_manual.pdf
Epizyme,epizyme.cn,非预染蛋白Marker (Unstained Protein Ladder),WJ201,Unstained,9,150,10,gray,#334155,1,false,protein-epizyme-wj201,https://www.epizyme.cn/Products/Details/1075,pdfs/Epizyme_WJ201_manual.pdf
Epizyme,epizyme.cn,非预染蛋白Marker (Unstained Protein Ladder),WJ201,Unstained,10,235,10,gray,#334155,1,false,protein-epizyme-wj201,https://www.epizyme.cn/Products/Details/1075,pdfs/Epizyme_WJ201_manual.pdf
FroggaBio,froggabio.com,BLUelf Prestained Protein Ladder (group page),PM008-R500G / PM008-R500M,Prestained,1,10,11,unknown,,,,,https://www.froggabio.com/globalstoreview/bluelf-group.html,
FroggaBio,froggabio.com,BLUelf Prestained Protein Ladder (group page),PM008-R500G / PM008-R500M,Prestained,2,15,11,unknown,,,,,https://www.froggabio.com/globalstoreview/bluelf-group.html,
FroggaBio,froggabio.com,BLUelf Prestained Protein Ladder (group page),PM008-R500G / PM008-R500M,Prestained,3,25,11,unknown,,,,,https://www.froggabio.com/globalstoreview/bluelf-group.html,
FroggaBio,froggabio.com,BLUelf Prestained Protein Ladder (group page),PM008-R500G / PM008-R500M,Prestained,4,35,11,unknown,,,,,https://www.froggabio.com/globalstoreview/bluelf-group.html,
FroggaBio,froggabio.com,BLUelf Prestained Protein Ladder (group page),PM008-R500G / PM008-R500M,Prestained,5,40,11,unknown,,,,,https://www.froggabio.com/globalstoreview/bluelf-group.html,
FroggaBio,froggabio.com,BLUelf Prestained Protein Ladder (group page),PM008-R500G / PM008-R500M,Prestained,6,55,11,unknown,,,,,https://www.froggabio.com/globalstoreview/bluelf-group.html,
FroggaBio,froggabio.com,BLUelf Prestained Protein Ladder (group page),PM008-R500G / PM008-R500M,Prestained,7,70,11,unknown,,,,,https://www.froggabio.com/globalstoreview/bluelf-group.html,
FroggaBio,froggabio.com,BLUelf Prestained Protein Ladder (group page),PM008-R500G / PM008-R500M,Prestained,8,100,11,unknown,,,,,https://www.froggabio.com/globalstoreview/bluelf-group.html,
FroggaBio,froggabio.com,BLUelf Prestained Protein Ladder (group page),PM008-R500G / PM008-R500M,Prestained,9,130,11,unknown,,,,,https://www.froggabio.com/globalstoreview/bluelf-group.html,
FroggaBio,froggabio.com,BLUelf Prestained Protein Ladder (group page),PM008-R500G / PM008-R500M,Prestained,10,180,11,unknown,,,,,https://www.froggabio.com/globalstoreview/bluelf-group.html,
FroggaBio,froggabio.com,BLUelf Prestained Protein Ladder (group page),PM008-R500G / PM008-R500M,Prestained,11,245,11,unknown,,,,,https://www.froggabio.com/globalstoreview/bluelf-group.html,
FroggaBio,froggabio.com,BLUelf Prestained Protein Ladder (500 µl),PM008-R500G,Prestained,1,10,11,unknown,,,,,https://www.froggabio.com/globalstoreview/bluelf-prestained-protein-ladder-pm008-r500g.html,
FroggaBio,froggabio.com,BLUelf Prestained Protein Ladder (500 µl),PM008-R500G,Prestained,2,15,11,unknown,,,,,https://www.froggabio.com/globalstoreview/bluelf-prestained-protein-ladder-pm008-r500g.html,
FroggaBio,froggabio.com,BLUelf Prestained Protein Ladder (500 µl),PM008-R500G,Prestained,3,25,11,unknown,,,,,https://www.froggabio.com/globalstoreview/bluelf-prestained-protein-ladder-pm008-r500g.html,
FroggaBio,froggabio.com,BLUelf Prestained Protein Ladder (500 µl),PM008-R500G,Prestained,4,35,11,unknown,,,,,https://www.froggabio.com/globalstoreview/bluelf-prestained-protein-ladder-pm008-r500g.html,
FroggaBio,froggabio.com,BLUelf Prestained Protein Ladder (500 µl),PM008-R500G,Prestained,5,40,11,unknown,,,,,https://www.froggabio.com/globalstoreview/bluelf-prestained-protein-ladder-pm008-r500g.html,
FroggaBio,froggabio.com,BLUelf Prestained Protein Ladder (500 µl),PM008-R500G,Prestained,6,55,11,unknown,,,,,https://www.froggabio.com/globalstoreview/bluelf-prestained-protein-ladder-pm008-r500g.html,
FroggaBio,froggabio.com,BLUelf Prestained Protein Ladder (500 µl),PM008-R500G,Prestained,7,70,11,unknown,,,,,https://www.froggabio.com/globalstoreview/bluelf-prestained-protein-ladder-pm008-r500g.html,
FroggaBio,froggabio.com,BLUelf Prestained Protein Ladder (500 µl),PM008-R500G,Prestained,8,100,11,unknown,,,,,https://www.froggabio.com/globalstoreview/bluelf-prestained-protein-ladder-pm008-r500g.html,
FroggaBio,froggabio.com,BLUelf Prestained Protein Ladder (500 µl),PM008-R500G,Prestained,9,130,11,unknown,,,,,https://www.froggabio.com/globalstoreview/bluelf-prestained-protein-ladder-pm008-r500g.html,
FroggaBio,froggabio.com,BLUelf Prestained Protein Ladder (500 µl),PM008-R500G,Prestained,10,180,11,unknown,,,,,https://www.froggabio.com/globalstoreview/bluelf-prestained-protein-ladder-pm008-r500g.html,
FroggaBio,froggabio.com,BLUelf Prestained Protein Ladder (500 µl),PM008-R500G,Prestained,11,245,11,unknown,,,,,https://www.froggabio.com/globalstoreview/bluelf-prestained-protein-ladder-pm008-r500g.html,
FroggaBio,froggabio.com,IRIS11 Prestained Protein Ladder,IRIS11,Prestained,1,10,11,unknown,,,,,https://www.froggabio.com/globalstoreview/iris11-prestained-protein-ladder-1.html,
FroggaBio,froggabio.com,IRIS11 Prestained Protein Ladder,IRIS11,Prestained,2,15,11,unknown,,,,,https://www.froggabio.com/globalstoreview/iris11-prestained-protein-ladder-1.html,
FroggaBio,froggabio.com,IRIS11 Prestained Protein Ladder,IRIS11,Prestained,3,25,11,unknown,,,,,https://www.froggabio.com/globalstoreview/iris11-prestained-protein-ladder-1.html,
FroggaBio,froggabio.com,IRIS11 Prestained Protein Ladder,IRIS11,Prestained,4,35,11,unknown,,,,,https://www.froggabio.com/globalstoreview/iris11-prestained-protein-ladder-1.html,
FroggaBio,froggabio.com,IRIS11 Prestained Protein Ladder,IRIS11,Prestained,5,40,11,unknown,,,,,https://www.froggabio.com/globalstoreview/iris11-prestained-protein-ladder-1.html,
FroggaBio,froggabio.com,IRIS11 Prestained Protein Ladder,IRIS11,Prestained,6,55,11,unknown,,,,,https://www.froggabio.com/globalstoreview/iris11-prestained-protein-ladder-1.html,
FroggaBio,froggabio.com,IRIS11 Prestained Protein Ladder,IRIS11,Prestained,7,70,11,unknown,,,,,https://www.froggabio.com/globalstoreview/iris11-prestained-protein-ladder-1.html,
FroggaBio,froggabio.com,IRIS11 Prestained Protein Ladder,IRIS11,Prestained,8,100,11,unknown,,,,,https://www.froggabio.com/globalstoreview/iris11-prestained-protein-ladder-1.html,
FroggaBio,froggabio.com,IRIS11 Prestained Protein Ladder,IRIS11,Prestained,9,130,11,unknown,,,,,https://www.froggabio.com/globalstoreview/iris11-prestained-protein-ladder-1.html,
FroggaBio,froggabio.com,IRIS11 Prestained Protein Ladder,IRIS11,Prestained,10,180,11,unknown,,,,,https://www.froggabio.com/globalstoreview/iris11-prestained-protein-ladder-1.html,
FroggaBio,froggabio.com,IRIS11 Prestained Protein Ladder,IRIS11,Prestained,11,245,11,unknown,,,,,https://www.froggabio.com/globalstoreview/iris11-prestained-protein-ladder-1.html,
G-Biosciences,"gbiosciences.com (A Geno Technology, Inc. brand)",PAGEmark™ Tricolor PLUS Protein Markers,786-419,"Prestained, three-color (Tricolor)",1,5,12,unknown,,,,,https://www.gbiosciences.com/Protein-Markers/PAGEmark-Protein-Markers,"GBiosciences_PAGEmarkTricolorPLUS_786-419_protocol.pdf, GBiosciences_PAGEmarkTricolorPLUS_786-419_SDS.pdf"
G-Biosciences,"gbiosciences.com (A Geno Technology, Inc. brand)",PAGEmark™ Tricolor PLUS Protein Markers,786-419,"Prestained, three-color (Tricolor)",2,10,12,unknown,,,,,https://www.gbiosciences.com/Protein-Markers/PAGEmark-Protein-Markers,"GBiosciences_PAGEmarkTricolorPLUS_786-419_protocol.pdf, GBiosciences_PAGEmarkTricolorPLUS_786-419_SDS.pdf"
G-Biosciences,"gbiosciences.com (A Geno Technology, Inc. brand)",PAGEmark™ Tricolor PLUS Protein Markers,786-419,"Prestained, three-color (Tricolor)",3,15,12,unknown,,,,,https://www.gbiosciences.com/Protein-Markers/PAGEmark-Protein-Markers,"GBiosciences_PAGEmarkTricolorPLUS_786-419_protocol.pdf, GBiosciences_PAGEmarkTricolorPLUS_786-419_SDS.pdf"
G-Biosciences,"gbiosciences.com (A Geno Technology, Inc. brand)",PAGEmark™ Tricolor PLUS Protein Markers,786-419,"Prestained, three-color (Tricolor)",4,25,12,unknown,,,,,https://www.gbiosciences.com/Protein-Markers/PAGEmark-Protein-Markers,"GBiosciences_PAGEmarkTricolorPLUS_786-419_protocol.pdf, GBiosciences_PAGEmarkTricolorPLUS_786-419_SDS.pdf"
G-Biosciences,"gbiosciences.com (A Geno Technology, Inc. brand)",PAGEmark™ Tricolor PLUS Protein Markers,786-419,"Prestained, three-color (Tricolor)",5,35,12,unknown,,,,,https://www.gbiosciences.com/Protein-Markers/PAGEmark-Protein-Markers,"GBiosciences_PAGEmarkTricolorPLUS_786-419_protocol.pdf, GBiosciences_PAGEmarkTricolorPLUS_786-419_SDS.pdf"
G-Biosciences,"gbiosciences.com (A Geno Technology, Inc. brand)",PAGEmark™ Tricolor PLUS Protein Markers,786-419,"Prestained, three-color (Tricolor)",6,40,12,unknown,,,,,https://www.gbiosciences.com/Protein-Markers/PAGEmark-Protein-Markers,"GBiosciences_PAGEmarkTricolorPLUS_786-419_protocol.pdf, GBiosciences_PAGEmarkTricolorPLUS_786-419_SDS.pdf"
G-Biosciences,"gbiosciences.com (A Geno Technology, Inc. brand)",PAGEmark™ Tricolor PLUS Protein Markers,786-419,"Prestained, three-color (Tricolor)",7,55,12,unknown,,,,,https://www.gbiosciences.com/Protein-Markers/PAGEmark-Protein-Markers,"GBiosciences_PAGEmarkTricolorPLUS_786-419_protocol.pdf, GBiosciences_PAGEmarkTricolorPLUS_786-419_SDS.pdf"
G-Biosciences,"gbiosciences.com (A Geno Technology, Inc. brand)",PAGEmark™ Tricolor PLUS Protein Markers,786-419,"Prestained, three-color (Tricolor)",8,70,12,unknown,,,,,https://www.gbiosciences.com/Protein-Markers/PAGEmark-Protein-Markers,"GBiosciences_PAGEmarkTricolorPLUS_786-419_protocol.pdf, GBiosciences_PAGEmarkTricolorPLUS_786-419_SDS.pdf"
G-Biosciences,"gbiosciences.com (A Geno Technology, Inc. brand)",PAGEmark™ Tricolor PLUS Protein Markers,786-419,"Prestained, three-color (Tricolor)",9,100,12,unknown,,,,,https://www.gbiosciences.com/Protein-Markers/PAGEmark-Protein-Markers,"GBiosciences_PAGEmarkTricolorPLUS_786-419_protocol.pdf, GBiosciences_PAGEmarkTricolorPLUS_786-419_SDS.pdf"
G-Biosciences,"gbiosciences.com (A Geno Technology, Inc. brand)",PAGEmark™ Tricolor PLUS Protein Markers,786-419,"Prestained, three-color (Tricolor)",10,130,12,unknown,,,,,https://www.gbiosciences.com/Protein-Markers/PAGEmark-Protein-Markers,"GBiosciences_PAGEmarkTricolorPLUS_786-419_protocol.pdf, GBiosciences_PAGEmarkTricolorPLUS_786-419_SDS.pdf"
G-Biosciences,"gbiosciences.com (A Geno Technology, Inc. brand)",PAGEmark™ Tricolor PLUS Protein Markers,786-419,"Prestained, three-color (Tricolor)",11,180,12,unknown,,,,,https://www.gbiosciences.com/Protein-Markers/PAGEmark-Protein-Markers,"GBiosciences_PAGEmarkTricolorPLUS_786-419_protocol.pdf, GBiosciences_PAGEmarkTricolorPLUS_786-419_SDS.pdf"
G-Biosciences,"gbiosciences.com (A Geno Technology, Inc. brand)",PAGEmark™ Tricolor PLUS Protein Markers,786-419,"Prestained, three-color (Tricolor)",12,245,12,unknown,,,,,https://www.gbiosciences.com/Protein-Markers/PAGEmark-Protein-Markers,"GBiosciences_PAGEmarkTricolorPLUS_786-419_protocol.pdf, GBiosciences_PAGEmarkTricolorPLUS_786-419_SDS.pdf"
G-Biosciences,"gbiosciences.com (A Geno Technology, Inc. brand)",PAGEmark™ Blue PLUS Protein Markers,786-418,Prestained (single blue chromophore),1,10,11,unknown,,,,,https://www.gbiosciences.com/Protein-Markers/PAGEmark-Protein-Markers,"GBiosciences_PAGEmarkBluePLUS_786-418_protocol.pdf, GBiosciences_PAGEmarkBluePLUS_786-418_SDS.pdf"
G-Biosciences,"gbiosciences.com (A Geno Technology, Inc. brand)",PAGEmark™ Blue PLUS Protein Markers,786-418,Prestained (single blue chromophore),2,15,11,unknown,,,,,https://www.gbiosciences.com/Protein-Markers/PAGEmark-Protein-Markers,"GBiosciences_PAGEmarkBluePLUS_786-418_protocol.pdf, GBiosciences_PAGEmarkBluePLUS_786-418_SDS.pdf"
G-Biosciences,"gbiosciences.com (A Geno Technology, Inc. brand)",PAGEmark™ Blue PLUS Protein Markers,786-418,Prestained (single blue chromophore),3,25,11,unknown,,,,,https://www.gbiosciences.com/Protein-Markers/PAGEmark-Protein-Markers,"GBiosciences_PAGEmarkBluePLUS_786-418_protocol.pdf, GBiosciences_PAGEmarkBluePLUS_786-418_SDS.pdf"
G-Biosciences,"gbiosciences.com (A Geno Technology, Inc. brand)",PAGEmark™ Blue PLUS Protein Markers,786-418,Prestained (single blue chromophore),4,35,11,unknown,,,,,https://www.gbiosciences.com/Protein-Markers/PAGEmark-Protein-Markers,"GBiosciences_PAGEmarkBluePLUS_786-418_protocol.pdf, GBiosciences_PAGEmarkBluePLUS_786-418_SDS.pdf"
G-Biosciences,"gbiosciences.com (A Geno Technology, Inc. brand)",PAGEmark™ Blue PLUS Protein Markers,786-418,Prestained (single blue chromophore),5,40,11,unknown,,,,,https://www.gbiosciences.com/Protein-Markers/PAGEmark-Protein-Markers,"GBiosciences_PAGEmarkBluePLUS_786-418_protocol.pdf, GBiosciences_PAGEmarkBluePLUS_786-418_SDS.pdf"
G-Biosciences,"gbiosciences.com (A Geno Technology, Inc. brand)",PAGEmark™ Blue PLUS Protein Markers,786-418,Prestained (single blue chromophore),6,55,11,unknown,,,,,https://www.gbiosciences.com/Protein-Markers/PAGEmark-Protein-Markers,"GBiosciences_PAGEmarkBluePLUS_786-418_protocol.pdf, GBiosciences_PAGEmarkBluePLUS_786-418_SDS.pdf"
G-Biosciences,"gbiosciences.com (A Geno Technology, Inc. brand)",PAGEmark™ Blue PLUS Protein Markers,786-418,Prestained (single blue chromophore),7,70,11,unknown,,,,,https://www.gbiosciences.com/Protein-Markers/PAGEmark-Protein-Markers,"GBiosciences_PAGEmarkBluePLUS_786-418_protocol.pdf, GBiosciences_PAGEmarkBluePLUS_786-418_SDS.pdf"
G-Biosciences,"gbiosciences.com (A Geno Technology, Inc. brand)",PAGEmark™ Blue PLUS Protein Markers,786-418,Prestained (single blue chromophore),8,100,11,unknown,,,,,https://www.gbiosciences.com/Protein-Markers/PAGEmark-Protein-Markers,"GBiosciences_PAGEmarkBluePLUS_786-418_protocol.pdf, GBiosciences_PAGEmarkBluePLUS_786-418_SDS.pdf"
G-Biosciences,"gbiosciences.com (A Geno Technology, Inc. brand)",PAGEmark™ Blue PLUS Protein Markers,786-418,Prestained (single blue chromophore),9,130,11,unknown,,,,,https://www.gbiosciences.com/Protein-Markers/PAGEmark-Protein-Markers,"GBiosciences_PAGEmarkBluePLUS_786-418_protocol.pdf, GBiosciences_PAGEmarkBluePLUS_786-418_SDS.pdf"
G-Biosciences,"gbiosciences.com (A Geno Technology, Inc. brand)",PAGEmark™ Blue PLUS Protein Markers,786-418,Prestained (single blue chromophore),10,180,11,unknown,,,,,https://www.gbiosciences.com/Protein-Markers/PAGEmark-Protein-Markers,"GBiosciences_PAGEmarkBluePLUS_786-418_protocol.pdf, GBiosciences_PAGEmarkBluePLUS_786-418_SDS.pdf"
G-Biosciences,"gbiosciences.com (A Geno Technology, Inc. brand)",PAGEmark™ Blue PLUS Protein Markers,786-418,Prestained (single blue chromophore),11,240,11,unknown,,,,,https://www.gbiosciences.com/Protein-Markers/PAGEmark-Protein-Markers,"GBiosciences_PAGEmarkBluePLUS_786-418_protocol.pdf, GBiosciences_PAGEmarkBluePLUS_786-418_SDS.pdf"
GenDEPOT,www.gendepot.com,Xpert Plus Prestained Protein Marker (P8507-050),P8507-050,"Pre-stained, ready-to-use (3-color: blue chromophore + 2 orange + 1 purple reference bands). Broad range 10–250 kDa.",1,10,11,blue,#2563eb,1,false,protein-gendepot-xpert-plus-prestained-protein-marker-p8507-050,https://gendepot.com/products/xpert-plus-prestained-protein-marker,"GenDEPOT_P8507_Insert.pdf (product insert), GenDEPOT_P8507_SDS.pdf (SDS)"
GenDEPOT,www.gendepot.com,Xpert Plus Prestained Protein Marker (P8507-050),P8507-050,"Pre-stained, ready-to-use (3-color: blue chromophore + 2 orange + 1 purple reference bands). Broad range 10–250 kDa.",2,14,11,blue,#2563eb,1,false,protein-gendepot-xpert-plus-prestained-protein-marker-p8507-050,https://gendepot.com/products/xpert-plus-prestained-protein-marker,"GenDEPOT_P8507_Insert.pdf (product insert), GenDEPOT_P8507_SDS.pdf (SDS)"
GenDEPOT,www.gendepot.com,Xpert Plus Prestained Protein Marker (P8507-050),P8507-050,"Pre-stained, ready-to-use (3-color: blue chromophore + 2 orange + 1 purple reference bands). Broad range 10–250 kDa.",3,18,11,blue,#2563eb,1,false,protein-gendepot-xpert-plus-prestained-protein-marker-p8507-050,https://gendepot.com/products/xpert-plus-prestained-protein-marker,"GenDEPOT_P8507_Insert.pdf (product insert), GenDEPOT_P8507_SDS.pdf (SDS)"
GenDEPOT,www.gendepot.com,Xpert Plus Prestained Protein Marker (P8507-050),P8507-050,"Pre-stained, ready-to-use (3-color: blue chromophore + 2 orange + 1 purple reference bands). Broad range 10–250 kDa.",4,26,11,blue,#2563eb,1,false,protein-gendepot-xpert-plus-prestained-protein-marker-p8507-050,https://gendepot.com/products/xpert-plus-prestained-protein-marker,"GenDEPOT_P8507_Insert.pdf (product insert), GenDEPOT_P8507_SDS.pdf (SDS)"
GenDEPOT,www.gendepot.com,Xpert Plus Prestained Protein Marker (P8507-050),P8507-050,"Pre-stained, ready-to-use (3-color: blue chromophore + 2 orange + 1 purple reference bands). Broad range 10–250 kDa.",5,36,11,blue,#2563eb,1,false,protein-gendepot-xpert-plus-prestained-protein-marker-p8507-050,https://gendepot.com/products/xpert-plus-prestained-protein-marker,"GenDEPOT_P8507_Insert.pdf (product insert), GenDEPOT_P8507_SDS.pdf (SDS)"
GenDEPOT,www.gendepot.com,Xpert Plus Prestained Protein Marker (P8507-050),P8507-050,"Pre-stained, ready-to-use (3-color: blue chromophore + 2 orange + 1 purple reference bands). Broad range 10–250 kDa.",6,49,11,blue,#2563eb,1,false,protein-gendepot-xpert-plus-prestained-protein-marker-p8507-050,https://gendepot.com/products/xpert-plus-prestained-protein-marker,"GenDEPOT_P8507_Insert.pdf (product insert), GenDEPOT_P8507_SDS.pdf (SDS)"
GenDEPOT,www.gendepot.com,Xpert Plus Prestained Protein Marker (P8507-050),P8507-050,"Pre-stained, ready-to-use (3-color: blue chromophore + 2 orange + 1 purple reference bands). Broad range 10–250 kDa.",7,64,11,blue,#2563eb,1,false,protein-gendepot-xpert-plus-prestained-protein-marker-p8507-050,https://gendepot.com/products/xpert-plus-prestained-protein-marker,"GenDEPOT_P8507_Insert.pdf (product insert), GenDEPOT_P8507_SDS.pdf (SDS)"
GenDEPOT,www.gendepot.com,Xpert Plus Prestained Protein Marker (P8507-050),P8507-050,"Pre-stained, ready-to-use (3-color: blue chromophore + 2 orange + 1 purple reference bands). Broad range 10–250 kDa.",8,75,11,blue,#2563eb,1,false,protein-gendepot-xpert-plus-prestained-protein-marker-p8507-050,https://gendepot.com/products/xpert-plus-prestained-protein-marker,"GenDEPOT_P8507_Insert.pdf (product insert), GenDEPOT_P8507_SDS.pdf (SDS)"
GenDEPOT,www.gendepot.com,Xpert Plus Prestained Protein Marker (P8507-050),P8507-050,"Pre-stained, ready-to-use (3-color: blue chromophore + 2 orange + 1 purple reference bands). Broad range 10–250 kDa.",9,110,11,blue,#2563eb,1,false,protein-gendepot-xpert-plus-prestained-protein-marker-p8507-050,https://gendepot.com/products/xpert-plus-prestained-protein-marker,"GenDEPOT_P8507_Insert.pdf (product insert), GenDEPOT_P8507_SDS.pdf (SDS)"
GenDEPOT,www.gendepot.com,Xpert Plus Prestained Protein Marker (P8507-050),P8507-050,"Pre-stained, ready-to-use (3-color: blue chromophore + 2 orange + 1 purple reference bands). Broad range 10–250 kDa.",10,150,11,blue,#2563eb,1,false,protein-gendepot-xpert-plus-prestained-protein-marker-p8507-050,https://gendepot.com/products/xpert-plus-prestained-protein-marker,"GenDEPOT_P8507_Insert.pdf (product insert), GenDEPOT_P8507_SDS.pdf (SDS)"
GenDEPOT,www.gendepot.com,Xpert Plus Prestained Protein Marker (P8507-050),P8507-050,"Pre-stained, ready-to-use (3-color: blue chromophore + 2 orange + 1 purple reference bands). Broad range 10–250 kDa.",11,250,11,blue,#2563eb,1,false,protein-gendepot-xpert-plus-prestained-protein-marker-p8507-050,https://gendepot.com/products/xpert-plus-prestained-protein-marker,"GenDEPOT_P8507_Insert.pdf (product insert), GenDEPOT_P8507_SDS.pdf (SDS)"
GenScript,genscript.com,Broad Multi Color Pre-Stained Protein Standard,"M00624 (also sold as M00624-250, 250 µl size)","Pre-stained, Multicolor (orange / green / blue bands)",1,10,6,unknown,,,,,https://www.genscript.com/molecule/M00624-Broad_Multi_Color_Pre-Stained_Protein_Standard.html,- PDF: GenScript_BroadMultiColor_M00624_manual.pdf
GenScript,genscript.com,Broad Multi Color Pre-Stained Protein Standard,"M00624 (also sold as M00624-250, 250 µl size)","Pre-stained, Multicolor (orange / green / blue bands)",2,270,6,unknown,,,,,https://www.genscript.com/molecule/M00624-Broad_Multi_Color_Pre-Stained_Protein_Standard.html,- PDF: GenScript_BroadMultiColor_M00624_manual.pdf
GenScript,genscript.com,Broad Multi Color Pre-Stained Protein Standard,"M00624 (also sold as M00624-250, 250 µl size)","Pre-stained, Multicolor (orange / green / blue bands)",3,30,6,unknown,,,,,https://www.genscript.com/molecule/M00624-Broad_Multi_Color_Pre-Stained_Protein_Standard.html,- PDF: GenScript_BroadMultiColor_M00624_manual.pdf
GenScript,genscript.com,Broad Multi Color Pre-Stained Protein Standard,"M00624 (also sold as M00624-250, 250 µl size)","Pre-stained, Multicolor (orange / green / blue bands)",4,270,6,unknown,,,,,https://www.genscript.com/molecule/M00624-Broad_Multi_Color_Pre-Stained_Protein_Standard.html,- PDF: GenScript_BroadMultiColor_M00624_manual.pdf
GenScript,genscript.com,Broad Multi Color Pre-Stained Protein Standard,"M00624 (also sold as M00624-250, 250 µl size)","Pre-stained, Multicolor (orange / green / blue bands)",5,50,6,unknown,,,,,https://www.genscript.com/molecule/M00624-Broad_Multi_Color_Pre-Stained_Protein_Standard.html,- PDF: GenScript_BroadMultiColor_M00624_manual.pdf
GenScript,genscript.com,Broad Multi Color Pre-Stained Protein Standard,"M00624 (also sold as M00624-250, 250 µl size)","Pre-stained, Multicolor (orange / green / blue bands)",6,10,6,unknown,,,,,https://www.genscript.com/molecule/M00624-Broad_Multi_Color_Pre-Stained_Protein_Standard.html,- PDF: GenScript_BroadMultiColor_M00624_manual.pdf
GenScript,genscript.com,PAGE-MASTER Protein Standard Plus,"MM1397 (MM1397-500, 500 µl)",Partially pre-stained (2 blue pre-stained reference bands at 15 & 50 kDa + 7 unstained bands),1,10,9,blue,#2563eb,1,false,protein-genscript-page-master-protein-standard-plus,https://www.genscript.com/molecule/MM1397-PAGE_MASTER_Protein_Standard_Plus.html,GenScript_PAGEMasterPlus_MM1397_manual.pdf
GenScript,genscript.com,PAGE-MASTER Protein Standard Plus,"MM1397 (MM1397-500, 500 µl)",Partially pre-stained (2 blue pre-stained reference bands at 15 & 50 kDa + 7 unstained bands),2,15,9,blue,#2563eb,1.55,true,protein-genscript-page-master-protein-standard-plus,https://www.genscript.com/molecule/MM1397-PAGE_MASTER_Protein_Standard_Plus.html,GenScript_PAGEMasterPlus_MM1397_manual.pdf
GenScript,genscript.com,PAGE-MASTER Protein Standard Plus,"MM1397 (MM1397-500, 500 µl)",Partially pre-stained (2 blue pre-stained reference bands at 15 & 50 kDa + 7 unstained bands),3,20,9,blue,#2563eb,1,false,protein-genscript-page-master-protein-standard-plus,https://www.genscript.com/molecule/MM1397-PAGE_MASTER_Protein_Standard_Plus.html,GenScript_PAGEMasterPlus_MM1397_manual.pdf
GenScript,genscript.com,PAGE-MASTER Protein Standard Plus,"MM1397 (MM1397-500, 500 µl)",Partially pre-stained (2 blue pre-stained reference bands at 15 & 50 kDa + 7 unstained bands),4,30,9,blue,#2563eb,1,false,protein-genscript-page-master-protein-standard-plus,https://www.genscript.com/molecule/MM1397-PAGE_MASTER_Protein_Standard_Plus.html,GenScript_PAGEMasterPlus_MM1397_manual.pdf
GenScript,genscript.com,PAGE-MASTER Protein Standard Plus,"MM1397 (MM1397-500, 500 µl)",Partially pre-stained (2 blue pre-stained reference bands at 15 & 50 kDa + 7 unstained bands),5,40,9,blue,#2563eb,1,false,protein-genscript-page-master-protein-standard-plus,https://www.genscript.com/molecule/MM1397-PAGE_MASTER_Protein_Standard_Plus.html,GenScript_PAGEMasterPlus_MM1397_manual.pdf
GenScript,genscript.com,PAGE-MASTER Protein Standard Plus,"MM1397 (MM1397-500, 500 µl)",Partially pre-stained (2 blue pre-stained reference bands at 15 & 50 kDa + 7 unstained bands),6,50,9,blue,#2563eb,1.55,true,protein-genscript-page-master-protein-standard-plus,https://www.genscript.com/molecule/MM1397-PAGE_MASTER_Protein_Standard_Plus.html,GenScript_PAGEMasterPlus_MM1397_manual.pdf
GenScript,genscript.com,PAGE-MASTER Protein Standard Plus,"MM1397 (MM1397-500, 500 µl)",Partially pre-stained (2 blue pre-stained reference bands at 15 & 50 kDa + 7 unstained bands),7,60,9,blue,#2563eb,1,false,protein-genscript-page-master-protein-standard-plus,https://www.genscript.com/molecule/MM1397-PAGE_MASTER_Protein_Standard_Plus.html,GenScript_PAGEMasterPlus_MM1397_manual.pdf
GenScript,genscript.com,PAGE-MASTER Protein Standard Plus,"MM1397 (MM1397-500, 500 µl)",Partially pre-stained (2 blue pre-stained reference bands at 15 & 50 kDa + 7 unstained bands),8,80,9,blue,#2563eb,1,false,protein-genscript-page-master-protein-standard-plus,https://www.genscript.com/molecule/MM1397-PAGE_MASTER_Protein_Standard_Plus.html,GenScript_PAGEMasterPlus_MM1397_manual.pdf
GenScript,genscript.com,PAGE-MASTER Protein Standard Plus,"MM1397 (MM1397-500, 500 µl)",Partially pre-stained (2 blue pre-stained reference bands at 15 & 50 kDa + 7 unstained bands),9,120,9,blue,#2563eb,1,false,protein-genscript-page-master-protein-standard-plus,https://www.genscript.com/molecule/MM1397-PAGE_MASTER_Protein_Standard_Plus.html,GenScript_PAGEMasterPlus_MM1397_manual.pdf
GenScript,genscript.com,PAGE-MASTER Protein Standard (for SDS-PAGE),M00516,Unstained protein standard,1,10,7,gray,#334155,1,false,protein-genscript-page-master-protein-standard-for-sds-page,https://www.genscript.com/molecule/M00516-PAGE_MASTER_Protein_Standard_for_SDS_PAGE_.html,GenScript_PAGEMaster_M00516_manual.pdf
GenScript,genscript.com,PAGE-MASTER Protein Standard (for SDS-PAGE),M00516,Unstained protein standard,2,20,7,gray,#334155,1,false,protein-genscript-page-master-protein-standard-for-sds-page,https://www.genscript.com/molecule/M00516-PAGE_MASTER_Protein_Standard_for_SDS_PAGE_.html,GenScript_PAGEMaster_M00516_manual.pdf
GenScript,genscript.com,PAGE-MASTER Protein Standard (for SDS-PAGE),M00516,Unstained protein standard,3,30,7,gray,#334155,1,false,protein-genscript-page-master-protein-standard-for-sds-page,https://www.genscript.com/molecule/M00516-PAGE_MASTER_Protein_Standard_for_SDS_PAGE_.html,GenScript_PAGEMaster_M00516_manual.pdf
GenScript,genscript.com,PAGE-MASTER Protein Standard (for SDS-PAGE),M00516,Unstained protein standard,4,40,7,gray,#334155,1,false,protein-genscript-page-master-protein-standard-for-sds-page,https://www.genscript.com/molecule/M00516-PAGE_MASTER_Protein_Standard_for_SDS_PAGE_.html,GenScript_PAGEMaster_M00516_manual.pdf
GenScript,genscript.com,PAGE-MASTER Protein Standard (for SDS-PAGE),M00516,Unstained protein standard,5,60,7,gray,#334155,1,false,protein-genscript-page-master-protein-standard-for-sds-page,https://www.genscript.com/molecule/M00516-PAGE_MASTER_Protein_Standard_for_SDS_PAGE_.html,GenScript_PAGEMaster_M00516_manual.pdf
GenScript,genscript.com,PAGE-MASTER Protein Standard (for SDS-PAGE),M00516,Unstained protein standard,6,80,7,gray,#334155,1,false,protein-genscript-page-master-protein-standard-for-sds-page,https://www.genscript.com/molecule/M00516-PAGE_MASTER_Protein_Standard_for_SDS_PAGE_.html,GenScript_PAGEMaster_M00516_manual.pdf
GenScript,genscript.com,PAGE-MASTER Protein Standard (for SDS-PAGE),M00516,Unstained protein standard,7,120,7,gray,#334155,1,false,protein-genscript-page-master-protein-standard-for-sds-page,https://www.genscript.com/molecule/M00516-PAGE_MASTER_Protein_Standard_for_SDS_PAGE_.html,GenScript_PAGEMaster_M00516_manual.pdf
GenScript,genscript.com,WB-MASTER Protein Standard,M00521,"Unstained, Western Blot protein standard (recombinant proteins with IgG binding site for antibody-based visualization)",1,20,7,gray,#334155,1,false,protein-genscript-wb-master-protein-standard,https://www.genscript.com/molecule/M00521-WB_MASTER_Protein_Standard.html,GenScript_WBMaster_M00521_manual.pdf
GenScript,genscript.com,WB-MASTER Protein Standard,M00521,"Unstained, Western Blot protein standard (recombinant proteins with IgG binding site for antibody-based visualization)",2,30,7,gray,#334155,1,false,protein-genscript-wb-master-protein-standard,https://www.genscript.com/molecule/M00521-WB_MASTER_Protein_Standard.html,GenScript_WBMaster_M00521_manual.pdf
GenScript,genscript.com,WB-MASTER Protein Standard,M00521,"Unstained, Western Blot protein standard (recombinant proteins with IgG binding site for antibody-based visualization)",3,40,7,gray,#334155,1,false,protein-genscript-wb-master-protein-standard,https://www.genscript.com/molecule/M00521-WB_MASTER_Protein_Standard.html,GenScript_WBMaster_M00521_manual.pdf
GenScript,genscript.com,WB-MASTER Protein Standard,M00521,"Unstained, Western Blot protein standard (recombinant proteins with IgG binding site for antibody-based visualization)",4,50,7,gray,#334155,1,false,protein-genscript-wb-master-protein-standard,https://www.genscript.com/molecule/M00521-WB_MASTER_Protein_Standard.html,GenScript_WBMaster_M00521_manual.pdf
GenScript,genscript.com,WB-MASTER Protein Standard,M00521,"Unstained, Western Blot protein standard (recombinant proteins with IgG binding site for antibody-based visualization)",5,60,7,gray,#334155,1,false,protein-genscript-wb-master-protein-standard,https://www.genscript.com/molecule/M00521-WB_MASTER_Protein_Standard.html,GenScript_WBMaster_M00521_manual.pdf
GenScript,genscript.com,WB-MASTER Protein Standard,M00521,"Unstained, Western Blot protein standard (recombinant proteins with IgG binding site for antibody-based visualization)",6,80,7,gray,#334155,1,false,protein-genscript-wb-master-protein-standard,https://www.genscript.com/molecule/M00521-WB_MASTER_Protein_Standard.html,GenScript_WBMaster_M00521_manual.pdf
GenScript,genscript.com,WB-MASTER Protein Standard,M00521,"Unstained, Western Blot protein standard (recombinant proteins with IgG binding site for antibody-based visualization)",7,120,7,gray,#334155,1,false,protein-genscript-wb-master-protein-standard,https://www.genscript.com/molecule/M00521-WB_MASTER_Protein_Standard.html,GenScript_WBMaster_M00521_manual.pdf
Gold-Biotechnology,goldbio.com,"BLUEstain™ 2 Protein Ladder, 5-245 kDa",P008 (P008-500 = 500 µl size),"Prestained, three-color (tri-color) protein standard",1,3.5,13,unknown,,,,,https://www.goldbio.com/products/bluestain-2-protein-ladder-5-245-kda,"- PDF: GoldBio_BLUEstain2_P008_TDS.pdf, GoldBio_Ladder_Comparison.pdf"
Gold-Biotechnology,goldbio.com,"BLUEstain™ 2 Protein Ladder, 5-245 kDa",P008 (P008-500 = 500 µl size),"Prestained, three-color (tri-color) protein standard",2,5,13,unknown,,,,,https://www.goldbio.com/products/bluestain-2-protein-ladder-5-245-kda,"- PDF: GoldBio_BLUEstain2_P008_TDS.pdf, GoldBio_Ladder_Comparison.pdf"
Gold-Biotechnology,goldbio.com,"BLUEstain™ 2 Protein Ladder, 5-245 kDa",P008 (P008-500 = 500 µl size),"Prestained, three-color (tri-color) protein standard",3,10,13,unknown,,,,,https://www.goldbio.com/products/bluestain-2-protein-ladder-5-245-kda,"- PDF: GoldBio_BLUEstain2_P008_TDS.pdf, GoldBio_Ladder_Comparison.pdf"
Gold-Biotechnology,goldbio.com,"BLUEstain™ 2 Protein Ladder, 5-245 kDa",P008 (P008-500 = 500 µl size),"Prestained, three-color (tri-color) protein standard",4,15,13,unknown,,,,,https://www.goldbio.com/products/bluestain-2-protein-ladder-5-245-kda,"- PDF: GoldBio_BLUEstain2_P008_TDS.pdf, GoldBio_Ladder_Comparison.pdf"
Gold-Biotechnology,goldbio.com,"BLUEstain™ 2 Protein Ladder, 5-245 kDa",P008 (P008-500 = 500 µl size),"Prestained, three-color (tri-color) protein standard",5,25,13,unknown,,,,,https://www.goldbio.com/products/bluestain-2-protein-ladder-5-245-kda,"- PDF: GoldBio_BLUEstain2_P008_TDS.pdf, GoldBio_Ladder_Comparison.pdf"
Gold-Biotechnology,goldbio.com,"BLUEstain™ 2 Protein Ladder, 5-245 kDa",P008 (P008-500 = 500 µl size),"Prestained, three-color (tri-color) protein standard",6,35,13,unknown,,,,,https://www.goldbio.com/products/bluestain-2-protein-ladder-5-245-kda,"- PDF: GoldBio_BLUEstain2_P008_TDS.pdf, GoldBio_Ladder_Comparison.pdf"
Gold-Biotechnology,goldbio.com,"BLUEstain™ 2 Protein Ladder, 5-245 kDa",P008 (P008-500 = 500 µl size),"Prestained, three-color (tri-color) protein standard",7,40,13,unknown,,,,,https://www.goldbio.com/products/bluestain-2-protein-ladder-5-245-kda,"- PDF: GoldBio_BLUEstain2_P008_TDS.pdf, GoldBio_Ladder_Comparison.pdf"
Gold-Biotechnology,goldbio.com,"BLUEstain™ 2 Protein Ladder, 5-245 kDa",P008 (P008-500 = 500 µl size),"Prestained, three-color (tri-color) protein standard",8,55,13,unknown,,,,,https://www.goldbio.com/products/bluestain-2-protein-ladder-5-245-kda,"- PDF: GoldBio_BLUEstain2_P008_TDS.pdf, GoldBio_Ladder_Comparison.pdf"
Gold-Biotechnology,goldbio.com,"BLUEstain™ 2 Protein Ladder, 5-245 kDa",P008 (P008-500 = 500 µl size),"Prestained, three-color (tri-color) protein standard",9,70,13,unknown,,,,,https://www.goldbio.com/products/bluestain-2-protein-ladder-5-245-kda,"- PDF: GoldBio_BLUEstain2_P008_TDS.pdf, GoldBio_Ladder_Comparison.pdf"
Gold-Biotechnology,goldbio.com,"BLUEstain™ 2 Protein Ladder, 5-245 kDa",P008 (P008-500 = 500 µl size),"Prestained, three-color (tri-color) protein standard",10,100,13,unknown,,,,,https://www.goldbio.com/products/bluestain-2-protein-ladder-5-245-kda,"- PDF: GoldBio_BLUEstain2_P008_TDS.pdf, GoldBio_Ladder_Comparison.pdf"
Gold-Biotechnology,goldbio.com,"BLUEstain™ 2 Protein Ladder, 5-245 kDa",P008 (P008-500 = 500 µl size),"Prestained, three-color (tri-color) protein standard",11,130,13,unknown,,,,,https://www.goldbio.com/products/bluestain-2-protein-ladder-5-245-kda,"- PDF: GoldBio_BLUEstain2_P008_TDS.pdf, GoldBio_Ladder_Comparison.pdf"
Gold-Biotechnology,goldbio.com,"BLUEstain™ 2 Protein Ladder, 5-245 kDa",P008 (P008-500 = 500 µl size),"Prestained, three-color (tri-color) protein standard",12,180,13,unknown,,,,,https://www.goldbio.com/products/bluestain-2-protein-ladder-5-245-kda,"- PDF: GoldBio_BLUEstain2_P008_TDS.pdf, GoldBio_Ladder_Comparison.pdf"
Gold-Biotechnology,goldbio.com,"BLUEstain™ 2 Protein Ladder, 5-245 kDa",P008 (P008-500 = 500 µl size),"Prestained, three-color (tri-color) protein standard",13,245,13,unknown,,,,,https://www.goldbio.com/products/bluestain-2-protein-ladder-5-245-kda,"- PDF: GoldBio_BLUEstain2_P008_TDS.pdf, GoldBio_Ladder_Comparison.pdf"
Gold-Biotechnology,goldbio.com,"BLUEstain™ Protein Ladder, 11-245 kDa",P007 (P007-500 = 500 µl size),"Prestained, three-color (tri-color) protein standard",1,10,11,unknown,,,,,https://www.goldbio.com/products/bluestain-protein-ladder-11-245-kda,"- PDF: GoldBio_BLUEstain_P007_TDS.pdf, GoldBio_Ladder_Comparison.pdf"
Gold-Biotechnology,goldbio.com,"BLUEstain™ Protein Ladder, 11-245 kDa",P007 (P007-500 = 500 µl size),"Prestained, three-color (tri-color) protein standard",2,15,11,unknown,,,,,https://www.goldbio.com/products/bluestain-protein-ladder-11-245-kda,"- PDF: GoldBio_BLUEstain_P007_TDS.pdf, GoldBio_Ladder_Comparison.pdf"
Gold-Biotechnology,goldbio.com,"BLUEstain™ Protein Ladder, 11-245 kDa",P007 (P007-500 = 500 µl size),"Prestained, three-color (tri-color) protein standard",3,25,11,unknown,,,,,https://www.goldbio.com/products/bluestain-protein-ladder-11-245-kda,"- PDF: GoldBio_BLUEstain_P007_TDS.pdf, GoldBio_Ladder_Comparison.pdf"
Gold-Biotechnology,goldbio.com,"BLUEstain™ Protein Ladder, 11-245 kDa",P007 (P007-500 = 500 µl size),"Prestained, three-color (tri-color) protein standard",4,35,11,unknown,,,,,https://www.goldbio.com/products/bluestain-protein-ladder-11-245-kda,"- PDF: GoldBio_BLUEstain_P007_TDS.pdf, GoldBio_Ladder_Comparison.pdf"
Gold-Biotechnology,goldbio.com,"BLUEstain™ Protein Ladder, 11-245 kDa",P007 (P007-500 = 500 µl size),"Prestained, three-color (tri-color) protein standard",5,40,11,unknown,,,,,https://www.goldbio.com/products/bluestain-protein-ladder-11-245-kda,"- PDF: GoldBio_BLUEstain_P007_TDS.pdf, GoldBio_Ladder_Comparison.pdf"
Gold-Biotechnology,goldbio.com,"BLUEstain™ Protein Ladder, 11-245 kDa",P007 (P007-500 = 500 µl size),"Prestained, three-color (tri-color) protein standard",6,55,11,unknown,,,,,https://www.goldbio.com/products/bluestain-protein-ladder-11-245-kda,"- PDF: GoldBio_BLUEstain_P007_TDS.pdf, GoldBio_Ladder_Comparison.pdf"
Gold-Biotechnology,goldbio.com,"BLUEstain™ Protein Ladder, 11-245 kDa",P007 (P007-500 = 500 µl size),"Prestained, three-color (tri-color) protein standard",7,70,11,unknown,,,,,https://www.goldbio.com/products/bluestain-protein-ladder-11-245-kda,"- PDF: GoldBio_BLUEstain_P007_TDS.pdf, GoldBio_Ladder_Comparison.pdf"
Gold-Biotechnology,goldbio.com,"BLUEstain™ Protein Ladder, 11-245 kDa",P007 (P007-500 = 500 µl size),"Prestained, three-color (tri-color) protein standard",8,100,11,unknown,,,,,https://www.goldbio.com/products/bluestain-protein-ladder-11-245-kda,"- PDF: GoldBio_BLUEstain_P007_TDS.pdf, GoldBio_Ladder_Comparison.pdf"
Gold-Biotechnology,goldbio.com,"BLUEstain™ Protein Ladder, 11-245 kDa",P007 (P007-500 = 500 µl size),"Prestained, three-color (tri-color) protein standard",9,130,11,unknown,,,,,https://www.goldbio.com/products/bluestain-protein-ladder-11-245-kda,"- PDF: GoldBio_BLUEstain_P007_TDS.pdf, GoldBio_Ladder_Comparison.pdf"
Gold-Biotechnology,goldbio.com,"BLUEstain™ Protein Ladder, 11-245 kDa",P007 (P007-500 = 500 µl size),"Prestained, three-color (tri-color) protein standard",10,180,11,unknown,,,,,https://www.goldbio.com/products/bluestain-protein-ladder-11-245-kda,"- PDF: GoldBio_BLUEstain_P007_TDS.pdf, GoldBio_Ladder_Comparison.pdf"
Gold-Biotechnology,goldbio.com,"BLUEstain™ Protein Ladder, 11-245 kDa",P007 (P007-500 = 500 µl size),"Prestained, three-color (tri-color) protein standard",11,245,11,unknown,,,,,https://www.goldbio.com/products/bluestain-protein-ladder-11-245-kda,"- PDF: GoldBio_BLUEstain_P007_TDS.pdf, GoldBio_Ladder_Comparison.pdf"
Gold-Biotechnology,goldbio.com,"BLUEstain™ Low Range Protein Ladder, 2-40 kDa",P002 (P002-250 = 250 µl size),"Prestained, tri-color protein standard",1,2,6,unknown,,,,,https://www.goldbio.com/products/bluestain-low-range-protein-ladder,- PDF: GoldBio_Ladder_Comparison.pdf
Gold-Biotechnology,goldbio.com,"BLUEstain™ Low Range Protein Ladder, 2-40 kDa",P002 (P002-250 = 250 µl size),"Prestained, tri-color protein standard",2,4,6,unknown,,,,,https://www.goldbio.com/products/bluestain-low-range-protein-ladder,- PDF: GoldBio_Ladder_Comparison.pdf
Gold-Biotechnology,goldbio.com,"BLUEstain™ Low Range Protein Ladder, 2-40 kDa",P002 (P002-250 = 250 µl size),"Prestained, tri-color protein standard",3,6,6,unknown,,,,,https://www.goldbio.com/products/bluestain-low-range-protein-ladder,- PDF: GoldBio_Ladder_Comparison.pdf
Gold-Biotechnology,goldbio.com,"BLUEstain™ Low Range Protein Ladder, 2-40 kDa",P002 (P002-250 = 250 µl size),"Prestained, tri-color protein standard",4,10,6,unknown,,,,,https://www.goldbio.com/products/bluestain-low-range-protein-ladder,- PDF: GoldBio_Ladder_Comparison.pdf
Gold-Biotechnology,goldbio.com,"BLUEstain™ Low Range Protein Ladder, 2-40 kDa",P002 (P002-250 = 250 µl size),"Prestained, tri-color protein standard",5,17,6,unknown,,,,,https://www.goldbio.com/products/bluestain-low-range-protein-ladder,- PDF: GoldBio_Ladder_Comparison.pdf
Gold-Biotechnology,goldbio.com,"BLUEstain™ Low Range Protein Ladder, 2-40 kDa",P002 (P002-250 = 250 µl size),"Prestained, tri-color protein standard",6,40,6,unknown,,,,,https://www.goldbio.com/products/bluestain-low-range-protein-ladder,- PDF: GoldBio_Ladder_Comparison.pdf
Jena_Bioscience,jenabioscience.com,BlueRay Prestained Protein Marker (10–180 kDa),**PS-103**,"**Prestained, three-color** (blue proteins; green ref @25 kDa, red ref @75 kDa)",1,10,10,unknown,,,,,https://www.jenabioscience.com/molecular-biology/enzymes-protein-markers/protein-markers/ps-103-blueray-prestained-protein-marker-10-180kda,"`JenaBioscience_BlueRay_PS-103_Datasheet.pdf`,"
Jena_Bioscience,jenabioscience.com,BlueRay Prestained Protein Marker (10–180 kDa),**PS-103**,"**Prestained, three-color** (blue proteins; green ref @25 kDa, red ref @75 kDa)",2,15,10,unknown,,,,,https://www.jenabioscience.com/molecular-biology/enzymes-protein-markers/protein-markers/ps-103-blueray-prestained-protein-marker-10-180kda,"`JenaBioscience_BlueRay_PS-103_Datasheet.pdf`,"
Jena_Bioscience,jenabioscience.com,BlueRay Prestained Protein Marker (10–180 kDa),**PS-103**,"**Prestained, three-color** (blue proteins; green ref @25 kDa, red ref @75 kDa)",3,25,10,unknown,,,,,https://www.jenabioscience.com/molecular-biology/enzymes-protein-markers/protein-markers/ps-103-blueray-prestained-protein-marker-10-180kda,"`JenaBioscience_BlueRay_PS-103_Datasheet.pdf`,"
Jena_Bioscience,jenabioscience.com,BlueRay Prestained Protein Marker (10–180 kDa),**PS-103**,"**Prestained, three-color** (blue proteins; green ref @25 kDa, red ref @75 kDa)",4,35,10,unknown,,,,,https://www.jenabioscience.com/molecular-biology/enzymes-protein-markers/protein-markers/ps-103-blueray-prestained-protein-marker-10-180kda,"`JenaBioscience_BlueRay_PS-103_Datasheet.pdf`,"
Jena_Bioscience,jenabioscience.com,BlueRay Prestained Protein Marker (10–180 kDa),**PS-103**,"**Prestained, three-color** (blue proteins; green ref @25 kDa, red ref @75 kDa)",5,40,10,unknown,,,,,https://www.jenabioscience.com/molecular-biology/enzymes-protein-markers/protein-markers/ps-103-blueray-prestained-protein-marker-10-180kda,"`JenaBioscience_BlueRay_PS-103_Datasheet.pdf`,"
Jena_Bioscience,jenabioscience.com,BlueRay Prestained Protein Marker (10–180 kDa),**PS-103**,"**Prestained, three-color** (blue proteins; green ref @25 kDa, red ref @75 kDa)",6,55,10,unknown,,,,,https://www.jenabioscience.com/molecular-biology/enzymes-protein-markers/protein-markers/ps-103-blueray-prestained-protein-marker-10-180kda,"`JenaBioscience_BlueRay_PS-103_Datasheet.pdf`,"
Jena_Bioscience,jenabioscience.com,BlueRay Prestained Protein Marker (10–180 kDa),**PS-103**,"**Prestained, three-color** (blue proteins; green ref @25 kDa, red ref @75 kDa)",7,70,10,unknown,,,,,https://www.jenabioscience.com/molecular-biology/enzymes-protein-markers/protein-markers/ps-103-blueray-prestained-protein-marker-10-180kda,"`JenaBioscience_BlueRay_PS-103_Datasheet.pdf`,"
Jena_Bioscience,jenabioscience.com,BlueRay Prestained Protein Marker (10–180 kDa),**PS-103**,"**Prestained, three-color** (blue proteins; green ref @25 kDa, red ref @75 kDa)",8,100,10,unknown,,,,,https://www.jenabioscience.com/molecular-biology/enzymes-protein-markers/protein-markers/ps-103-blueray-prestained-protein-marker-10-180kda,"`JenaBioscience_BlueRay_PS-103_Datasheet.pdf`,"
Jena_Bioscience,jenabioscience.com,BlueRay Prestained Protein Marker (10–180 kDa),**PS-103**,"**Prestained, three-color** (blue proteins; green ref @25 kDa, red ref @75 kDa)",9,130,10,unknown,,,,,https://www.jenabioscience.com/molecular-biology/enzymes-protein-markers/protein-markers/ps-103-blueray-prestained-protein-marker-10-180kda,"`JenaBioscience_BlueRay_PS-103_Datasheet.pdf`,"
Jena_Bioscience,jenabioscience.com,BlueRay Prestained Protein Marker (10–180 kDa),**PS-103**,"**Prestained, three-color** (blue proteins; green ref @25 kDa, red ref @75 kDa)",10,180,10,unknown,,,,,https://www.jenabioscience.com/molecular-biology/enzymes-protein-markers/protein-markers/ps-103-blueray-prestained-protein-marker-10-180kda,"`JenaBioscience_BlueRay_PS-103_Datasheet.pdf`,"
Jena_Bioscience,jenabioscience.com,BlueEye Prestained Protein Marker (10–245 kDa),**PS-104**,"**Prestained, three-color** (blue + green ref @25 kDa, red ref @75 kDa)",1,10,11,unknown,,,,,https://www.jenabioscience.com/molecular-biology/enzymes-protein-markers/protein-markers/ps-104-blueeye-prestained-protein-marker-10-245kda,"`JenaBioscience_BlueEye_PS-104_Datasheet.pdf`,"
Jena_Bioscience,jenabioscience.com,BlueEye Prestained Protein Marker (10–245 kDa),**PS-104**,"**Prestained, three-color** (blue + green ref @25 kDa, red ref @75 kDa)",2,15,11,unknown,,,,,https://www.jenabioscience.com/molecular-biology/enzymes-protein-markers/protein-markers/ps-104-blueeye-prestained-protein-marker-10-245kda,"`JenaBioscience_BlueEye_PS-104_Datasheet.pdf`,"
Jena_Bioscience,jenabioscience.com,BlueEye Prestained Protein Marker (10–245 kDa),**PS-104**,"**Prestained, three-color** (blue + green ref @25 kDa, red ref @75 kDa)",3,25,11,unknown,,,,,https://www.jenabioscience.com/molecular-biology/enzymes-protein-markers/protein-markers/ps-104-blueeye-prestained-protein-marker-10-245kda,"`JenaBioscience_BlueEye_PS-104_Datasheet.pdf`,"
Jena_Bioscience,jenabioscience.com,BlueEye Prestained Protein Marker (10–245 kDa),**PS-104**,"**Prestained, three-color** (blue + green ref @25 kDa, red ref @75 kDa)",4,35,11,unknown,,,,,https://www.jenabioscience.com/molecular-biology/enzymes-protein-markers/protein-markers/ps-104-blueeye-prestained-protein-marker-10-245kda,"`JenaBioscience_BlueEye_PS-104_Datasheet.pdf`,"
Jena_Bioscience,jenabioscience.com,BlueEye Prestained Protein Marker (10–245 kDa),**PS-104**,"**Prestained, three-color** (blue + green ref @25 kDa, red ref @75 kDa)",5,40,11,unknown,,,,,https://www.jenabioscience.com/molecular-biology/enzymes-protein-markers/protein-markers/ps-104-blueeye-prestained-protein-marker-10-245kda,"`JenaBioscience_BlueEye_PS-104_Datasheet.pdf`,"
Jena_Bioscience,jenabioscience.com,BlueEye Prestained Protein Marker (10–245 kDa),**PS-104**,"**Prestained, three-color** (blue + green ref @25 kDa, red ref @75 kDa)",6,55,11,unknown,,,,,https://www.jenabioscience.com/molecular-biology/enzymes-protein-markers/protein-markers/ps-104-blueeye-prestained-protein-marker-10-245kda,"`JenaBioscience_BlueEye_PS-104_Datasheet.pdf`,"
Jena_Bioscience,jenabioscience.com,BlueEye Prestained Protein Marker (10–245 kDa),**PS-104**,"**Prestained, three-color** (blue + green ref @25 kDa, red ref @75 kDa)",7,70,11,unknown,,,,,https://www.jenabioscience.com/molecular-biology/enzymes-protein-markers/protein-markers/ps-104-blueeye-prestained-protein-marker-10-245kda,"`JenaBioscience_BlueEye_PS-104_Datasheet.pdf`,"
Jena_Bioscience,jenabioscience.com,BlueEye Prestained Protein Marker (10–245 kDa),**PS-104**,"**Prestained, three-color** (blue + green ref @25 kDa, red ref @75 kDa)",8,100,11,unknown,,,,,https://www.jenabioscience.com/molecular-biology/enzymes-protein-markers/protein-markers/ps-104-blueeye-prestained-protein-marker-10-245kda,"`JenaBioscience_BlueEye_PS-104_Datasheet.pdf`,"
Jena_Bioscience,jenabioscience.com,BlueEye Prestained Protein Marker (10–245 kDa),**PS-104**,"**Prestained, three-color** (blue + green ref @25 kDa, red ref @75 kDa)",9,130,11,unknown,,,,,https://www.jenabioscience.com/molecular-biology/enzymes-protein-markers/protein-markers/ps-104-blueeye-prestained-protein-marker-10-245kda,"`JenaBioscience_BlueEye_PS-104_Datasheet.pdf`,"
Jena_Bioscience,jenabioscience.com,BlueEye Prestained Protein Marker (10–245 kDa),**PS-104**,"**Prestained, three-color** (blue + green ref @25 kDa, red ref @75 kDa)",10,180,11,unknown,,,,,https://www.jenabioscience.com/molecular-biology/enzymes-protein-markers/protein-markers/ps-104-blueeye-prestained-protein-marker-10-245kda,"`JenaBioscience_BlueEye_PS-104_Datasheet.pdf`,"
Jena_Bioscience,jenabioscience.com,BlueEye Prestained Protein Marker (10–245 kDa),**PS-104**,"**Prestained, three-color** (blue + green ref @25 kDa, red ref @75 kDa)",11,245,11,unknown,,,,,https://www.jenabioscience.com/molecular-biology/enzymes-protein-markers/protein-markers/ps-104-blueeye-prestained-protein-marker-10-245kda,"`JenaBioscience_BlueEye_PS-104_Datasheet.pdf`,"
Jena_Bioscience,jenabioscience.com,BlueElf Prestained Protein Marker (5–245 kDa),**PS-105**,"**Prestained, three-color** (blue + green ref @25 kDa, red ref @75 kDa)",1,5,12,unknown,,,,,https://www.jenabioscience.com/molecular-biology/enzymes-protein-markers/protein-markers/ps-105-blueelf-prestained-protein-marker-5-245kda,"`JenaBioscience_BlueElf_PS-105_Datasheet.pdf`,"
Jena_Bioscience,jenabioscience.com,BlueElf Prestained Protein Marker (5–245 kDa),**PS-105**,"**Prestained, three-color** (blue + green ref @25 kDa, red ref @75 kDa)",2,10,12,unknown,,,,,https://www.jenabioscience.com/molecular-biology/enzymes-protein-markers/protein-markers/ps-105-blueelf-prestained-protein-marker-5-245kda,"`JenaBioscience_BlueElf_PS-105_Datasheet.pdf`,"
Jena_Bioscience,jenabioscience.com,BlueElf Prestained Protein Marker (5–245 kDa),**PS-105**,"**Prestained, three-color** (blue + green ref @25 kDa, red ref @75 kDa)",3,15,12,unknown,,,,,https://www.jenabioscience.com/molecular-biology/enzymes-protein-markers/protein-markers/ps-105-blueelf-prestained-protein-marker-5-245kda,"`JenaBioscience_BlueElf_PS-105_Datasheet.pdf`,"
Jena_Bioscience,jenabioscience.com,BlueElf Prestained Protein Marker (5–245 kDa),**PS-105**,"**Prestained, three-color** (blue + green ref @25 kDa, red ref @75 kDa)",4,25,12,unknown,,,,,https://www.jenabioscience.com/molecular-biology/enzymes-protein-markers/protein-markers/ps-105-blueelf-prestained-protein-marker-5-245kda,"`JenaBioscience_BlueElf_PS-105_Datasheet.pdf`,"
Jena_Bioscience,jenabioscience.com,BlueElf Prestained Protein Marker (5–245 kDa),**PS-105**,"**Prestained, three-color** (blue + green ref @25 kDa, red ref @75 kDa)",5,35,12,unknown,,,,,https://www.jenabioscience.com/molecular-biology/enzymes-protein-markers/protein-markers/ps-105-blueelf-prestained-protein-marker-5-245kda,"`JenaBioscience_BlueElf_PS-105_Datasheet.pdf`,"
Jena_Bioscience,jenabioscience.com,BlueElf Prestained Protein Marker (5–245 kDa),**PS-105**,"**Prestained, three-color** (blue + green ref @25 kDa, red ref @75 kDa)",6,40,12,unknown,,,,,https://www.jenabioscience.com/molecular-biology/enzymes-protein-markers/protein-markers/ps-105-blueelf-prestained-protein-marker-5-245kda,"`JenaBioscience_BlueElf_PS-105_Datasheet.pdf`,"
Jena_Bioscience,jenabioscience.com,BlueElf Prestained Protein Marker (5–245 kDa),**PS-105**,"**Prestained, three-color** (blue + green ref @25 kDa, red ref @75 kDa)",7,55,12,unknown,,,,,https://www.jenabioscience.com/molecular-biology/enzymes-protein-markers/protein-markers/ps-105-blueelf-prestained-protein-marker-5-245kda,"`JenaBioscience_BlueElf_PS-105_Datasheet.pdf`,"
Jena_Bioscience,jenabioscience.com,BlueElf Prestained Protein Marker (5–245 kDa),**PS-105**,"**Prestained, three-color** (blue + green ref @25 kDa, red ref @75 kDa)",8,70,12,unknown,,,,,https://www.jenabioscience.com/molecular-biology/enzymes-protein-markers/protein-markers/ps-105-blueelf-prestained-protein-marker-5-245kda,"`JenaBioscience_BlueElf_PS-105_Datasheet.pdf`,"
Jena_Bioscience,jenabioscience.com,BlueElf Prestained Protein Marker (5–245 kDa),**PS-105**,"**Prestained, three-color** (blue + green ref @25 kDa, red ref @75 kDa)",9,100,12,unknown,,,,,https://www.jenabioscience.com/molecular-biology/enzymes-protein-markers/protein-markers/ps-105-blueelf-prestained-protein-marker-5-245kda,"`JenaBioscience_BlueElf_PS-105_Datasheet.pdf`,"
Jena_Bioscience,jenabioscience.com,BlueElf Prestained Protein Marker (5–245 kDa),**PS-105**,"**Prestained, three-color** (blue + green ref @25 kDa, red ref @75 kDa)",10,130,12,unknown,,,,,https://www.jenabioscience.com/molecular-biology/enzymes-protein-markers/protein-markers/ps-105-blueelf-prestained-protein-marker-5-245kda,"`JenaBioscience_BlueElf_PS-105_Datasheet.pdf`,"
Jena_Bioscience,jenabioscience.com,BlueElf Prestained Protein Marker (5–245 kDa),**PS-105**,"**Prestained, three-color** (blue + green ref @25 kDa, red ref @75 kDa)",11,180,12,unknown,,,,,https://www.jenabioscience.com/molecular-biology/enzymes-protein-markers/protein-markers/ps-105-blueelf-prestained-protein-marker-5-245kda,"`JenaBioscience_BlueElf_PS-105_Datasheet.pdf`,"
Jena_Bioscience,jenabioscience.com,BlueElf Prestained Protein Marker (5–245 kDa),**PS-105**,"**Prestained, three-color** (blue + green ref @25 kDa, red ref @75 kDa)",12,245,12,unknown,,,,,https://www.jenabioscience.com/molecular-biology/enzymes-protein-markers/protein-markers/ps-105-blueelf-prestained-protein-marker-5-245kda,"`JenaBioscience_BlueElf_PS-105_Datasheet.pdf`,"
Jena_Bioscience,jenabioscience.com,BlueClassic Prestained Protein Marker (10–180 kDa),**PS-107**,"**Prestained, single-color (all blue)** — budget/economy option",1,10,10,unknown,,,,,https://www.jenabioscience.com/molecular-biology/enzymes-protein-markers/protein-markers/ps-107-blueclassic-prestained-protein-marker-10-180kda,"`JenaBioscience_BlueClassic_PS-107_Datasheet.pdf`,"
Jena_Bioscience,jenabioscience.com,BlueClassic Prestained Protein Marker (10–180 kDa),**PS-107**,"**Prestained, single-color (all blue)** — budget/economy option",2,15,10,unknown,,,,,https://www.jenabioscience.com/molecular-biology/enzymes-protein-markers/protein-markers/ps-107-blueclassic-prestained-protein-marker-10-180kda,"`JenaBioscience_BlueClassic_PS-107_Datasheet.pdf`,"
Jena_Bioscience,jenabioscience.com,BlueClassic Prestained Protein Marker (10–180 kDa),**PS-107**,"**Prestained, single-color (all blue)** — budget/economy option",3,25,10,unknown,,,,,https://www.jenabioscience.com/molecular-biology/enzymes-protein-markers/protein-markers/ps-107-blueclassic-prestained-protein-marker-10-180kda,"`JenaBioscience_BlueClassic_PS-107_Datasheet.pdf`,"
Jena_Bioscience,jenabioscience.com,BlueClassic Prestained Protein Marker (10–180 kDa),**PS-107**,"**Prestained, single-color (all blue)** — budget/economy option",4,35,10,unknown,,,,,https://www.jenabioscience.com/molecular-biology/enzymes-protein-markers/protein-markers/ps-107-blueclassic-prestained-protein-marker-10-180kda,"`JenaBioscience_BlueClassic_PS-107_Datasheet.pdf`,"
Jena_Bioscience,jenabioscience.com,BlueClassic Prestained Protein Marker (10–180 kDa),**PS-107**,"**Prestained, single-color (all blue)** — budget/economy option",5,40,10,unknown,,,,,https://www.jenabioscience.com/molecular-biology/enzymes-protein-markers/protein-markers/ps-107-blueclassic-prestained-protein-marker-10-180kda,"`JenaBioscience_BlueClassic_PS-107_Datasheet.pdf`,"
Jena_Bioscience,jenabioscience.com,BlueClassic Prestained Protein Marker (10–180 kDa),**PS-107**,"**Prestained, single-color (all blue)** — budget/economy option",6,55,10,unknown,,,,,https://www.jenabioscience.com/molecular-biology/enzymes-protein-markers/protein-markers/ps-107-blueclassic-prestained-protein-marker-10-180kda,"`JenaBioscience_BlueClassic_PS-107_Datasheet.pdf`,"
Jena_Bioscience,jenabioscience.com,BlueClassic Prestained Protein Marker (10–180 kDa),**PS-107**,"**Prestained, single-color (all blue)** — budget/economy option",7,70,10,unknown,,,,,https://www.jenabioscience.com/molecular-biology/enzymes-protein-markers/protein-markers/ps-107-blueclassic-prestained-protein-marker-10-180kda,"`JenaBioscience_BlueClassic_PS-107_Datasheet.pdf`,"
Jena_Bioscience,jenabioscience.com,BlueClassic Prestained Protein Marker (10–180 kDa),**PS-107**,"**Prestained, single-color (all blue)** — budget/economy option",8,100,10,unknown,,,,,https://www.jenabioscience.com/molecular-biology/enzymes-protein-markers/protein-markers/ps-107-blueclassic-prestained-protein-marker-10-180kda,"`JenaBioscience_BlueClassic_PS-107_Datasheet.pdf`,"
Jena_Bioscience,jenabioscience.com,BlueClassic Prestained Protein Marker (10–180 kDa),**PS-107**,"**Prestained, single-color (all blue)** — budget/economy option",9,130,10,unknown,,,,,https://www.jenabioscience.com/molecular-biology/enzymes-protein-markers/protein-markers/ps-107-blueclassic-prestained-protein-marker-10-180kda,"`JenaBioscience_BlueClassic_PS-107_Datasheet.pdf`,"
Jena_Bioscience,jenabioscience.com,BlueClassic Prestained Protein Marker (10–180 kDa),**PS-107**,"**Prestained, single-color (all blue)** — budget/economy option",10,180,10,unknown,,,,,https://www.jenabioscience.com/molecular-biology/enzymes-protein-markers/protein-markers/ps-107-blueclassic-prestained-protein-marker-10-180kda,"`JenaBioscience_BlueClassic_PS-107_Datasheet.pdf`,"
Lonza,lonza.com (shop: bioscience.lonza.com),ProSieve QuadColor Protein Marker  (CURRENT),**00193837** (Lonza internal ID `000000000000193837`),"**Prestained, 4-color** (four different dyes)",1,4.6,12,blue,#2563eb,1,false,protein-lonza-prosieve-quadcolor-protein-marker-current,https://bioscience.lonza.com/lonza_bs/US/en/Electrophoresis/p/000000000000193837/ProSieve-QuadColor-Protein-Marker,`Lonza_ProSieveQuadColorProteinMarker_Instructions.pdf`
Lonza,lonza.com (shop: bioscience.lonza.com),ProSieve QuadColor Protein Marker  (CURRENT),**00193837** (Lonza internal ID `000000000000193837`),"**Prestained, 4-color** (four different dyes)",2,10,12,blue,#2563eb,1,false,protein-lonza-prosieve-quadcolor-protein-marker-current,https://bioscience.lonza.com/lonza_bs/US/en/Electrophoresis/p/000000000000193837/ProSieve-QuadColor-Protein-Marker,`Lonza_ProSieveQuadColorProteinMarker_Instructions.pdf`
Lonza,lonza.com (shop: bioscience.lonza.com),ProSieve QuadColor Protein Marker  (CURRENT),**00193837** (Lonza internal ID `000000000000193837`),"**Prestained, 4-color** (four different dyes)",3,15,12,blue,#2563eb,1,false,protein-lonza-prosieve-quadcolor-protein-marker-current,https://bioscience.lonza.com/lonza_bs/US/en/Electrophoresis/p/000000000000193837/ProSieve-QuadColor-Protein-Marker,`Lonza_ProSieveQuadColorProteinMarker_Instructions.pdf`
Lonza,lonza.com (shop: bioscience.lonza.com),ProSieve QuadColor Protein Marker  (CURRENT),**00193837** (Lonza internal ID `000000000000193837`),"**Prestained, 4-color** (four different dyes)",4,25,12,blue,#2563eb,1,false,protein-lonza-prosieve-quadcolor-protein-marker-current,https://bioscience.lonza.com/lonza_bs/US/en/Electrophoresis/p/000000000000193837/ProSieve-QuadColor-Protein-Marker,`Lonza_ProSieveQuadColorProteinMarker_Instructions.pdf`
Lonza,lonza.com (shop: bioscience.lonza.com),ProSieve QuadColor Protein Marker  (CURRENT),**00193837** (Lonza internal ID `000000000000193837`),"**Prestained, 4-color** (four different dyes)",5,40,12,blue,#2563eb,1,false,protein-lonza-prosieve-quadcolor-protein-marker-current,https://bioscience.lonza.com/lonza_bs/US/en/Electrophoresis/p/000000000000193837/ProSieve-QuadColor-Protein-Marker,`Lonza_ProSieveQuadColorProteinMarker_Instructions.pdf`
Lonza,lonza.com (shop: bioscience.lonza.com),ProSieve QuadColor Protein Marker  (CURRENT),**00193837** (Lonza internal ID `000000000000193837`),"**Prestained, 4-color** (four different dyes)",6,55,12,blue,#2563eb,1,false,protein-lonza-prosieve-quadcolor-protein-marker-current,https://bioscience.lonza.com/lonza_bs/US/en/Electrophoresis/p/000000000000193837/ProSieve-QuadColor-Protein-Marker,`Lonza_ProSieveQuadColorProteinMarker_Instructions.pdf`
Lonza,lonza.com (shop: bioscience.lonza.com),ProSieve QuadColor Protein Marker  (CURRENT),**00193837** (Lonza internal ID `000000000000193837`),"**Prestained, 4-color** (four different dyes)",7,70,12,blue,#2563eb,1,false,protein-lonza-prosieve-quadcolor-protein-marker-current,https://bioscience.lonza.com/lonza_bs/US/en/Electrophoresis/p/000000000000193837/ProSieve-QuadColor-Protein-Marker,`Lonza_ProSieveQuadColorProteinMarker_Instructions.pdf`
Lonza,lonza.com (shop: bioscience.lonza.com),ProSieve QuadColor Protein Marker  (CURRENT),**00193837** (Lonza internal ID `000000000000193837`),"**Prestained, 4-color** (four different dyes)",8,100,12,blue,#2563eb,1,false,protein-lonza-prosieve-quadcolor-protein-marker-current,https://bioscience.lonza.com/lonza_bs/US/en/Electrophoresis/p/000000000000193837/ProSieve-QuadColor-Protein-Marker,`Lonza_ProSieveQuadColorProteinMarker_Instructions.pdf`
Lonza,lonza.com (shop: bioscience.lonza.com),ProSieve QuadColor Protein Marker  (CURRENT),**00193837** (Lonza internal ID `000000000000193837`),"**Prestained, 4-color** (four different dyes)",9,140,12,blue,#2563eb,1,false,protein-lonza-prosieve-quadcolor-protein-marker-current,https://bioscience.lonza.com/lonza_bs/US/en/Electrophoresis/p/000000000000193837/ProSieve-QuadColor-Protein-Marker,`Lonza_ProSieveQuadColorProteinMarker_Instructions.pdf`
Lonza,lonza.com (shop: bioscience.lonza.com),ProSieve QuadColor Protein Marker  (CURRENT),**00193837** (Lonza internal ID `000000000000193837`),"**Prestained, 4-color** (four different dyes)",10,170,12,blue,#2563eb,1,false,protein-lonza-prosieve-quadcolor-protein-marker-current,https://bioscience.lonza.com/lonza_bs/US/en/Electrophoresis/p/000000000000193837/ProSieve-QuadColor-Protein-Marker,`Lonza_ProSieveQuadColorProteinMarker_Instructions.pdf`
Lonza,lonza.com (shop: bioscience.lonza.com),ProSieve QuadColor Protein Marker  (CURRENT),**00193837** (Lonza internal ID `000000000000193837`),"**Prestained, 4-color** (four different dyes)",11,250,12,blue,#2563eb,1,false,protein-lonza-prosieve-quadcolor-protein-marker-current,https://bioscience.lonza.com/lonza_bs/US/en/Electrophoresis/p/000000000000193837/ProSieve-QuadColor-Protein-Marker,`Lonza_ProSieveQuadColorProteinMarker_Instructions.pdf`
Lonza,lonza.com (shop: bioscience.lonza.com),ProSieve QuadColor Protein Marker  (CURRENT),**00193837** (Lonza internal ID `000000000000193837`),"**Prestained, 4-color** (four different dyes)",12,300,12,blue,#2563eb,1,false,protein-lonza-prosieve-quadcolor-protein-marker-current,https://bioscience.lonza.com/lonza_bs/US/en/Electrophoresis/p/000000000000193837/ProSieve-QuadColor-Protein-Marker,`Lonza_ProSieveQuadColorProteinMarker_Instructions.pdf`
MilliporeSigma,https://www.sigmaaldrich.com (also https://www.emdmillipore.com),ColorBurst Electrophoresis Marker,C1992,"Prestained (blue/colored, ready-to-use)",1,15,8,unknown,,,,,https://www.sigmaaldrich.com/US/en/product/sigma/c1992 (could not scrape — timed out),Product Information Sheet expected at https://www.sigmaaldrich.com/deepweb/assets/sigmaaldrich/product/documents/102/829/c1992pis.pdf (unreachable)
MilliporeSigma,https://www.sigmaaldrich.com (also https://www.emdmillipore.com),ColorBurst Electrophoresis Marker,C1992,"Prestained (blue/colored, ready-to-use)",2,25,8,unknown,,,,,https://www.sigmaaldrich.com/US/en/product/sigma/c1992 (could not scrape — timed out),Product Information Sheet expected at https://www.sigmaaldrich.com/deepweb/assets/sigmaaldrich/product/documents/102/829/c1992pis.pdf (unreachable)
MilliporeSigma,https://www.sigmaaldrich.com (also https://www.emdmillipore.com),ColorBurst Electrophoresis Marker,C1992,"Prestained (blue/colored, ready-to-use)",3,35,8,unknown,,,,,https://www.sigmaaldrich.com/US/en/product/sigma/c1992 (could not scrape — timed out),Product Information Sheet expected at https://www.sigmaaldrich.com/deepweb/assets/sigmaaldrich/product/documents/102/829/c1992pis.pdf (unreachable)
MilliporeSigma,https://www.sigmaaldrich.com (also https://www.emdmillipore.com),ColorBurst Electrophoresis Marker,C1992,"Prestained (blue/colored, ready-to-use)",4,50,8,unknown,,,,,https://www.sigmaaldrich.com/US/en/product/sigma/c1992 (could not scrape — timed out),Product Information Sheet expected at https://www.sigmaaldrich.com/deepweb/assets/sigmaaldrich/product/documents/102/829/c1992pis.pdf (unreachable)
MilliporeSigma,https://www.sigmaaldrich.com (also https://www.emdmillipore.com),ColorBurst Electrophoresis Marker,C1992,"Prestained (blue/colored, ready-to-use)",5,75,8,unknown,,,,,https://www.sigmaaldrich.com/US/en/product/sigma/c1992 (could not scrape — timed out),Product Information Sheet expected at https://www.sigmaaldrich.com/deepweb/assets/sigmaaldrich/product/documents/102/829/c1992pis.pdf (unreachable)
MilliporeSigma,https://www.sigmaaldrich.com (also https://www.emdmillipore.com),ColorBurst Electrophoresis Marker,C1992,"Prestained (blue/colored, ready-to-use)",6,100,8,unknown,,,,,https://www.sigmaaldrich.com/US/en/product/sigma/c1992 (could not scrape — timed out),Product Information Sheet expected at https://www.sigmaaldrich.com/deepweb/assets/sigmaaldrich/product/documents/102/829/c1992pis.pdf (unreachable)
MilliporeSigma,https://www.sigmaaldrich.com (also https://www.emdmillipore.com),ColorBurst Electrophoresis Marker,C1992,"Prestained (blue/colored, ready-to-use)",7,150,8,unknown,,,,,https://www.sigmaaldrich.com/US/en/product/sigma/c1992 (could not scrape — timed out),Product Information Sheet expected at https://www.sigmaaldrich.com/deepweb/assets/sigmaaldrich/product/documents/102/829/c1992pis.pdf (unreachable)
MilliporeSigma,https://www.sigmaaldrich.com (also https://www.emdmillipore.com),ColorBurst Electrophoresis Marker,C1992,"Prestained (blue/colored, ready-to-use)",8,220,8,unknown,,,,,https://www.sigmaaldrich.com/US/en/product/sigma/c1992 (could not scrape — timed out),Product Information Sheet expected at https://www.sigmaaldrich.com/deepweb/assets/sigmaaldrich/product/documents/102/829/c1992pis.pdf (unreachable)
MilliporeSigma,https://www.sigmaaldrich.com (also https://www.emdmillipore.com),"Prestained Protein Marker, Broad Range (Sigma / Novex-style)","M0531 (Prestained Protein Marker, recombinant)",Prestained,1,10,10,blue,#2563eb,1,false,protein-milliporesigma-prestained-protein-marker-broad-range-sigma-novex-style,https://www.sigmaaldrich.com/US/en/product/sigma/m0531 (timed out),PI sheet unreachable
MilliporeSigma,https://www.sigmaaldrich.com (also https://www.emdmillipore.com),"Prestained Protein Marker, Broad Range (Sigma / Novex-style)","M0531 (Prestained Protein Marker, recombinant)",Prestained,2,17,10,blue,#2563eb,1,false,protein-milliporesigma-prestained-protein-marker-broad-range-sigma-novex-style,https://www.sigmaaldrich.com/US/en/product/sigma/m0531 (timed out),PI sheet unreachable
MilliporeSigma,https://www.sigmaaldrich.com (also https://www.emdmillipore.com),"Prestained Protein Marker, Broad Range (Sigma / Novex-style)","M0531 (Prestained Protein Marker, recombinant)",Prestained,3,25,10,blue,#2563eb,1,false,protein-milliporesigma-prestained-protein-marker-broad-range-sigma-novex-style,https://www.sigmaaldrich.com/US/en/product/sigma/m0531 (timed out),PI sheet unreachable
MilliporeSigma,https://www.sigmaaldrich.com (also https://www.emdmillipore.com),"Prestained Protein Marker, Broad Range (Sigma / Novex-style)","M0531 (Prestained Protein Marker, recombinant)",Prestained,4,35,10,blue,#2563eb,1,false,protein-milliporesigma-prestained-protein-marker-broad-range-sigma-novex-style,https://www.sigmaaldrich.com/US/en/product/sigma/m0531 (timed out),PI sheet unreachable
MilliporeSigma,https://www.sigmaaldrich.com (also https://www.emdmillipore.com),"Prestained Protein Marker, Broad Range (Sigma / Novex-style)","M0531 (Prestained Protein Marker, recombinant)",Prestained,5,48,10,blue,#2563eb,1,false,protein-milliporesigma-prestained-protein-marker-broad-range-sigma-novex-style,https://www.sigmaaldrich.com/US/en/product/sigma/m0531 (timed out),PI sheet unreachable
MilliporeSigma,https://www.sigmaaldrich.com (also https://www.emdmillipore.com),"Prestained Protein Marker, Broad Range (Sigma / Novex-style)","M0531 (Prestained Protein Marker, recombinant)",Prestained,6,65,10,blue,#2563eb,1,false,protein-milliporesigma-prestained-protein-marker-broad-range-sigma-novex-style,https://www.sigmaaldrich.com/US/en/product/sigma/m0531 (timed out),PI sheet unreachable
MilliporeSigma,https://www.sigmaaldrich.com (also https://www.emdmillipore.com),"Prestained Protein Marker, Broad Range (Sigma / Novex-style)","M0531 (Prestained Protein Marker, recombinant)",Prestained,7,85,10,blue,#2563eb,1,false,protein-milliporesigma-prestained-protein-marker-broad-range-sigma-novex-style,https://www.sigmaaldrich.com/US/en/product/sigma/m0531 (timed out),PI sheet unreachable
MilliporeSigma,https://www.sigmaaldrich.com (also https://www.emdmillipore.com),"Prestained Protein Marker, Broad Range (Sigma / Novex-style)","M0531 (Prestained Protein Marker, recombinant)",Prestained,8,110,10,blue,#2563eb,1,false,protein-milliporesigma-prestained-protein-marker-broad-range-sigma-novex-style,https://www.sigmaaldrich.com/US/en/product/sigma/m0531 (timed out),PI sheet unreachable
MilliporeSigma,https://www.sigmaaldrich.com (also https://www.emdmillipore.com),"Prestained Protein Marker, Broad Range (Sigma / Novex-style)","M0531 (Prestained Protein Marker, recombinant)",Prestained,9,140,10,blue,#2563eb,1,false,protein-milliporesigma-prestained-protein-marker-broad-range-sigma-novex-style,https://www.sigmaaldrich.com/US/en/product/sigma/m0531 (timed out),PI sheet unreachable
MilliporeSigma,https://www.sigmaaldrich.com (also https://www.emdmillipore.com),"Prestained Protein Marker, Broad Range (Sigma / Novex-style)","M0531 (Prestained Protein Marker, recombinant)",Prestained,10,180,10,blue,#2563eb,1,false,protein-milliporesigma-prestained-protein-marker-broad-range-sigma-novex-style,https://www.sigmaaldrich.com/US/en/product/sigma/m0531 (timed out),PI sheet unreachable
MilliporeSigma,https://www.sigmaaldrich.com (also https://www.emdmillipore.com),GE/Amersham / Cytiva HMW & LMW Calibration Kits (distributed by Sigma),"HMW-CEF / CFA (HMW Calibration Kit), LMW-CEF / CFA (LMW Calibration Kit) — also MWGF200 (HMW), MWGF100 (LMW)","Unstained (size-exclusion / SDS-PAGE calibration standards, natural)",1,14.4,10,unknown,,,,,,
MilliporeSigma,https://www.sigmaaldrich.com (also https://www.emdmillipore.com),GE/Amersham / Cytiva HMW & LMW Calibration Kits (distributed by Sigma),"HMW-CEF / CFA (HMW Calibration Kit), LMW-CEF / CFA (LMW Calibration Kit) — also MWGF200 (HMW), MWGF100 (LMW)","Unstained (size-exclusion / SDS-PAGE calibration standards, natural)",2,20.1,10,unknown,,,,,,
MilliporeSigma,https://www.sigmaaldrich.com (also https://www.emdmillipore.com),GE/Amersham / Cytiva HMW & LMW Calibration Kits (distributed by Sigma),"HMW-CEF / CFA (HMW Calibration Kit), LMW-CEF / CFA (LMW Calibration Kit) — also MWGF200 (HMW), MWGF100 (LMW)","Unstained (size-exclusion / SDS-PAGE calibration standards, natural)",3,30,10,unknown,,,,,,
MilliporeSigma,https://www.sigmaaldrich.com (also https://www.emdmillipore.com),GE/Amersham / Cytiva HMW & LMW Calibration Kits (distributed by Sigma),"HMW-CEF / CFA (HMW Calibration Kit), LMW-CEF / CFA (LMW Calibration Kit) — also MWGF200 (HMW), MWGF100 (LMW)","Unstained (size-exclusion / SDS-PAGE calibration standards, natural)",4,43,10,unknown,,,,,,
MilliporeSigma,https://www.sigmaaldrich.com (also https://www.emdmillipore.com),GE/Amersham / Cytiva HMW & LMW Calibration Kits (distributed by Sigma),"HMW-CEF / CFA (HMW Calibration Kit), LMW-CEF / CFA (LMW Calibration Kit) — also MWGF200 (HMW), MWGF100 (LMW)","Unstained (size-exclusion / SDS-PAGE calibration standards, natural)",5,67,10,unknown,,,,,,
MilliporeSigma,https://www.sigmaaldrich.com (also https://www.emdmillipore.com),GE/Amersham / Cytiva HMW & LMW Calibration Kits (distributed by Sigma),"HMW-CEF / CFA (HMW Calibration Kit), LMW-CEF / CFA (LMW Calibration Kit) — also MWGF200 (HMW), MWGF100 (LMW)","Unstained (size-exclusion / SDS-PAGE calibration standards, natural)",6,94,10,unknown,,,,,,
MilliporeSigma,https://www.sigmaaldrich.com (also https://www.emdmillipore.com),GE/Amersham / Cytiva HMW & LMW Calibration Kits (distributed by Sigma),"HMW-CEF / CFA (HMW Calibration Kit), LMW-CEF / CFA (LMW Calibration Kit) — also MWGF200 (HMW), MWGF100 (LMW)","Unstained (size-exclusion / SDS-PAGE calibration standards, natural)",7,160,10,unknown,,,,,,
MilliporeSigma,https://www.sigmaaldrich.com (also https://www.emdmillipore.com),GE/Amersham / Cytiva HMW & LMW Calibration Kits (distributed by Sigma),"HMW-CEF / CFA (HMW Calibration Kit), LMW-CEF / CFA (LMW Calibration Kit) — also MWGF200 (HMW), MWGF100 (LMW)","Unstained (size-exclusion / SDS-PAGE calibration standards, natural)",8,220,10,unknown,,,,,,
MilliporeSigma,https://www.sigmaaldrich.com (also https://www.emdmillipore.com),GE/Amersham / Cytiva HMW & LMW Calibration Kits (distributed by Sigma),"HMW-CEF / CFA (HMW Calibration Kit), LMW-CEF / CFA (LMW Calibration Kit) — also MWGF200 (HMW), MWGF100 (LMW)","Unstained (size-exclusion / SDS-PAGE calibration standards, natural)",9,440,10,unknown,,,,,,
MilliporeSigma,https://www.sigmaaldrich.com (also https://www.emdmillipore.com),GE/Amersham / Cytiva HMW & LMW Calibration Kits (distributed by Sigma),"HMW-CEF / CFA (HMW Calibration Kit), LMW-CEF / CFA (LMW Calibration Kit) — also MWGF200 (HMW), MWGF100 (LMW)","Unstained (size-exclusion / SDS-PAGE calibration standards, natural)",10,669,10,unknown,,,,,,
NewEnglandBiolabs,https://www.neb.com (product pages 301-redirect to neb.cn in this environment; both reachable via curl),"Unstained Protein Standard, Broad Range (10–200 kDa)",P7717 (NEB # P7717; direct replacement of legacy P7706/P7708 lines),Unstained (pure recombinant proteins),1,10,11,unknown,,,,,https://www.neb.com/en-us/products/p7717-unstained-protein-standard-broad-range-10-200-kda,pdfs/NEB_P7717_Unstained_COA.pdf (lot-specific; ~100 KB)
NewEnglandBiolabs,https://www.neb.com (product pages 301-redirect to neb.cn in this environment; both reachable via curl),"Unstained Protein Standard, Broad Range (10–200 kDa)",P7717 (NEB # P7717; direct replacement of legacy P7706/P7708 lines),Unstained (pure recombinant proteins),2,15,11,unknown,,,,,https://www.neb.com/en-us/products/p7717-unstained-protein-standard-broad-range-10-200-kda,pdfs/NEB_P7717_Unstained_COA.pdf (lot-specific; ~100 KB)
NewEnglandBiolabs,https://www.neb.com (product pages 301-redirect to neb.cn in this environment; both reachable via curl),"Unstained Protein Standard, Broad Range (10–200 kDa)",P7717 (NEB # P7717; direct replacement of legacy P7706/P7708 lines),Unstained (pure recombinant proteins),3,20,11,unknown,,,,,https://www.neb.com/en-us/products/p7717-unstained-protein-standard-broad-range-10-200-kda,pdfs/NEB_P7717_Unstained_COA.pdf (lot-specific; ~100 KB)
NewEnglandBiolabs,https://www.neb.com (product pages 301-redirect to neb.cn in this environment; both reachable via curl),"Unstained Protein Standard, Broad Range (10–200 kDa)",P7717 (NEB # P7717; direct replacement of legacy P7706/P7708 lines),Unstained (pure recombinant proteins),4,25,11,unknown,,,,,https://www.neb.com/en-us/products/p7717-unstained-protein-standard-broad-range-10-200-kda,pdfs/NEB_P7717_Unstained_COA.pdf (lot-specific; ~100 KB)
NewEnglandBiolabs,https://www.neb.com (product pages 301-redirect to neb.cn in this environment; both reachable via curl),"Unstained Protein Standard, Broad Range (10–200 kDa)",P7717 (NEB # P7717; direct replacement of legacy P7706/P7708 lines),Unstained (pure recombinant proteins),5,35,11,unknown,,,,,https://www.neb.com/en-us/products/p7717-unstained-protein-standard-broad-range-10-200-kda,pdfs/NEB_P7717_Unstained_COA.pdf (lot-specific; ~100 KB)
NewEnglandBiolabs,https://www.neb.com (product pages 301-redirect to neb.cn in this environment; both reachable via curl),"Unstained Protein Standard, Broad Range (10–200 kDa)",P7717 (NEB # P7717; direct replacement of legacy P7706/P7708 lines),Unstained (pure recombinant proteins),6,50,11,unknown,,,,,https://www.neb.com/en-us/products/p7717-unstained-protein-standard-broad-range-10-200-kda,pdfs/NEB_P7717_Unstained_COA.pdf (lot-specific; ~100 KB)
NewEnglandBiolabs,https://www.neb.com (product pages 301-redirect to neb.cn in this environment; both reachable via curl),"Unstained Protein Standard, Broad Range (10–200 kDa)",P7717 (NEB # P7717; direct replacement of legacy P7706/P7708 lines),Unstained (pure recombinant proteins),7,70,11,unknown,,,,,https://www.neb.com/en-us/products/p7717-unstained-protein-standard-broad-range-10-200-kda,pdfs/NEB_P7717_Unstained_COA.pdf (lot-specific; ~100 KB)
NewEnglandBiolabs,https://www.neb.com (product pages 301-redirect to neb.cn in this environment; both reachable via curl),"Unstained Protein Standard, Broad Range (10–200 kDa)",P7717 (NEB # P7717; direct replacement of legacy P7706/P7708 lines),Unstained (pure recombinant proteins),8,100,11,unknown,,,,,https://www.neb.com/en-us/products/p7717-unstained-protein-standard-broad-range-10-200-kda,pdfs/NEB_P7717_Unstained_COA.pdf (lot-specific; ~100 KB)
NewEnglandBiolabs,https://www.neb.com (product pages 301-redirect to neb.cn in this environment; both reachable via curl),"Unstained Protein Standard, Broad Range (10–200 kDa)",P7717 (NEB # P7717; direct replacement of legacy P7706/P7708 lines),Unstained (pure recombinant proteins),9,120,11,unknown,,,,,https://www.neb.com/en-us/products/p7717-unstained-protein-standard-broad-range-10-200-kda,pdfs/NEB_P7717_Unstained_COA.pdf (lot-specific; ~100 KB)
NewEnglandBiolabs,https://www.neb.com (product pages 301-redirect to neb.cn in this environment; both reachable via curl),"Unstained Protein Standard, Broad Range (10–200 kDa)",P7717 (NEB # P7717; direct replacement of legacy P7706/P7708 lines),Unstained (pure recombinant proteins),10,150,11,unknown,,,,,https://www.neb.com/en-us/products/p7717-unstained-protein-standard-broad-range-10-200-kda,pdfs/NEB_P7717_Unstained_COA.pdf (lot-specific; ~100 KB)
NewEnglandBiolabs,https://www.neb.com (product pages 301-redirect to neb.cn in this environment; both reachable via curl),"Unstained Protein Standard, Broad Range (10–200 kDa)",P7717 (NEB # P7717; direct replacement of legacy P7706/P7708 lines),Unstained (pure recombinant proteins),11,200,11,unknown,,,,,https://www.neb.com/en-us/products/p7717-unstained-protein-standard-broad-range-10-200-kda,pdfs/NEB_P7717_Unstained_COA.pdf (lot-specific; ~100 KB)
NewEnglandBiolabs,https://www.neb.com (product pages 301-redirect to neb.cn in this environment; both reachable via curl),"Blue Prestained Protein Standard, Broad Range (11–250 kDa)","P7718 (direct replacement of legacy NEB# P7706, 11–190 kDa)","Prestained (blue; covalently coupled blue chromophore, recombinant)",1,11,11,blue,#2563eb,1,false,protein-newenglandbiolabs-blue-prestained-protein-standard-broad-range-11-250-kda,https://www.neb.com/en-us/products/p7718-blue-prestained-protein-standard-broad-range-11-250-kda,pdfs/NEB_P7718_BluePrestained_COA.pdf (~68 KB)
NewEnglandBiolabs,https://www.neb.com (product pages 301-redirect to neb.cn in this environment; both reachable via curl),"Blue Prestained Protein Standard, Broad Range (11–250 kDa)","P7718 (direct replacement of legacy NEB# P7706, 11–190 kDa)","Prestained (blue; covalently coupled blue chromophore, recombinant)",2,17,11,blue,#2563eb,1,false,protein-newenglandbiolabs-blue-prestained-protein-standard-broad-range-11-250-kda,https://www.neb.com/en-us/products/p7718-blue-prestained-protein-standard-broad-range-11-250-kda,pdfs/NEB_P7718_BluePrestained_COA.pdf (~68 KB)
NewEnglandBiolabs,https://www.neb.com (product pages 301-redirect to neb.cn in this environment; both reachable via curl),"Blue Prestained Protein Standard, Broad Range (11–250 kDa)","P7718 (direct replacement of legacy NEB# P7706, 11–190 kDa)","Prestained (blue; covalently coupled blue chromophore, recombinant)",3,25,11,blue,#2563eb,1,false,protein-newenglandbiolabs-blue-prestained-protein-standard-broad-range-11-250-kda,https://www.neb.com/en-us/products/p7718-blue-prestained-protein-standard-broad-range-11-250-kda,pdfs/NEB_P7718_BluePrestained_COA.pdf (~68 KB)
NewEnglandBiolabs,https://www.neb.com (product pages 301-redirect to neb.cn in this environment; both reachable via curl),"Blue Prestained Protein Standard, Broad Range (11–250 kDa)","P7718 (direct replacement of legacy NEB# P7706, 11–190 kDa)","Prestained (blue; covalently coupled blue chromophore, recombinant)",4,35,11,blue,#2563eb,1,false,protein-newenglandbiolabs-blue-prestained-protein-standard-broad-range-11-250-kda,https://www.neb.com/en-us/products/p7718-blue-prestained-protein-standard-broad-range-11-250-kda,pdfs/NEB_P7718_BluePrestained_COA.pdf (~68 KB)
NewEnglandBiolabs,https://www.neb.com (product pages 301-redirect to neb.cn in this environment; both reachable via curl),"Blue Prestained Protein Standard, Broad Range (11–250 kDa)","P7718 (direct replacement of legacy NEB# P7706, 11–190 kDa)","Prestained (blue; covalently coupled blue chromophore, recombinant)",5,50,11,blue,#2563eb,1,false,protein-newenglandbiolabs-blue-prestained-protein-standard-broad-range-11-250-kda,https://www.neb.com/en-us/products/p7718-blue-prestained-protein-standard-broad-range-11-250-kda,pdfs/NEB_P7718_BluePrestained_COA.pdf (~68 KB)
NewEnglandBiolabs,https://www.neb.com (product pages 301-redirect to neb.cn in this environment; both reachable via curl),"Blue Prestained Protein Standard, Broad Range (11–250 kDa)","P7718 (direct replacement of legacy NEB# P7706, 11–190 kDa)","Prestained (blue; covalently coupled blue chromophore, recombinant)",6,70,11,blue,#2563eb,1,false,protein-newenglandbiolabs-blue-prestained-protein-standard-broad-range-11-250-kda,https://www.neb.com/en-us/products/p7718-blue-prestained-protein-standard-broad-range-11-250-kda,pdfs/NEB_P7718_BluePrestained_COA.pdf (~68 KB)
NewEnglandBiolabs,https://www.neb.com (product pages 301-redirect to neb.cn in this environment; both reachable via curl),"Blue Prestained Protein Standard, Broad Range (11–250 kDa)","P7718 (direct replacement of legacy NEB# P7706, 11–190 kDa)","Prestained (blue; covalently coupled blue chromophore, recombinant)",7,90,11,blue,#2563eb,1,false,protein-newenglandbiolabs-blue-prestained-protein-standard-broad-range-11-250-kda,https://www.neb.com/en-us/products/p7718-blue-prestained-protein-standard-broad-range-11-250-kda,pdfs/NEB_P7718_BluePrestained_COA.pdf (~68 KB)
NewEnglandBiolabs,https://www.neb.com (product pages 301-redirect to neb.cn in this environment; both reachable via curl),"Blue Prestained Protein Standard, Broad Range (11–250 kDa)","P7718 (direct replacement of legacy NEB# P7706, 11–190 kDa)","Prestained (blue; covalently coupled blue chromophore, recombinant)",8,130,11,blue,#2563eb,1,false,protein-newenglandbiolabs-blue-prestained-protein-standard-broad-range-11-250-kda,https://www.neb.com/en-us/products/p7718-blue-prestained-protein-standard-broad-range-11-250-kda,pdfs/NEB_P7718_BluePrestained_COA.pdf (~68 KB)
NewEnglandBiolabs,https://www.neb.com (product pages 301-redirect to neb.cn in this environment; both reachable via curl),"Blue Prestained Protein Standard, Broad Range (11–250 kDa)","P7718 (direct replacement of legacy NEB# P7706, 11–190 kDa)","Prestained (blue; covalently coupled blue chromophore, recombinant)",9,170,11,blue,#2563eb,1,false,protein-newenglandbiolabs-blue-prestained-protein-standard-broad-range-11-250-kda,https://www.neb.com/en-us/products/p7718-blue-prestained-protein-standard-broad-range-11-250-kda,pdfs/NEB_P7718_BluePrestained_COA.pdf (~68 KB)
NewEnglandBiolabs,https://www.neb.com (product pages 301-redirect to neb.cn in this environment; both reachable via curl),"Blue Prestained Protein Standard, Broad Range (11–250 kDa)","P7718 (direct replacement of legacy NEB# P7706, 11–190 kDa)","Prestained (blue; covalently coupled blue chromophore, recombinant)",10,220,11,blue,#2563eb,1,false,protein-newenglandbiolabs-blue-prestained-protein-standard-broad-range-11-250-kda,https://www.neb.com/en-us/products/p7718-blue-prestained-protein-standard-broad-range-11-250-kda,pdfs/NEB_P7718_BluePrestained_COA.pdf (~68 KB)
NewEnglandBiolabs,https://www.neb.com (product pages 301-redirect to neb.cn in this environment; both reachable via curl),"Blue Prestained Protein Standard, Broad Range (11–250 kDa)","P7718 (direct replacement of legacy NEB# P7706, 11–190 kDa)","Prestained (blue; covalently coupled blue chromophore, recombinant)",11,250,11,blue,#2563eb,1,false,protein-newenglandbiolabs-blue-prestained-protein-standard-broad-range-11-250-kda,https://www.neb.com/en-us/products/p7718-blue-prestained-protein-standard-broad-range-11-250-kda,pdfs/NEB_P7718_BluePrestained_COA.pdf (~68 KB)
NewEnglandBiolabs,https://www.neb.com (product pages 301-redirect to neb.cn in this environment; both reachable via curl),"Color Prestained Protein Standard, Broad Range (10–250 kDa)",P7719,"Prestained multicolor (recombinant, multi-chromophore)",1,10,11,blue,#2563eb,1,false,protein-newenglandbiolabs-color-prestained-protein-standard-broad-range-10-250-kda,https://www.neb.com/en-us/products/p7719-color-prestained-protein-standard-broad-range-10-250-kda,pdfs/NEB_P7719_ColorPrestained_COA.pdf (~104 KB)
NewEnglandBiolabs,https://www.neb.com (product pages 301-redirect to neb.cn in this environment; both reachable via curl),"Color Prestained Protein Standard, Broad Range (10–250 kDa)",P7719,"Prestained multicolor (recombinant, multi-chromophore)",2,15,11,blue,#2563eb,1,false,protein-newenglandbiolabs-color-prestained-protein-standard-broad-range-10-250-kda,https://www.neb.com/en-us/products/p7719-color-prestained-protein-standard-broad-range-10-250-kda,pdfs/NEB_P7719_ColorPrestained_COA.pdf (~104 KB)
NewEnglandBiolabs,https://www.neb.com (product pages 301-redirect to neb.cn in this environment; both reachable via curl),"Color Prestained Protein Standard, Broad Range (10–250 kDa)",P7719,"Prestained multicolor (recombinant, multi-chromophore)",3,25,11,blue,#2563eb,1,false,protein-newenglandbiolabs-color-prestained-protein-standard-broad-range-10-250-kda,https://www.neb.com/en-us/products/p7719-color-prestained-protein-standard-broad-range-10-250-kda,pdfs/NEB_P7719_ColorPrestained_COA.pdf (~104 KB)
NewEnglandBiolabs,https://www.neb.com (product pages 301-redirect to neb.cn in this environment; both reachable via curl),"Color Prestained Protein Standard, Broad Range (10–250 kDa)",P7719,"Prestained multicolor (recombinant, multi-chromophore)",4,35,11,blue,#2563eb,1,false,protein-newenglandbiolabs-color-prestained-protein-standard-broad-range-10-250-kda,https://www.neb.com/en-us/products/p7719-color-prestained-protein-standard-broad-range-10-250-kda,pdfs/NEB_P7719_ColorPrestained_COA.pdf (~104 KB)
NewEnglandBiolabs,https://www.neb.com (product pages 301-redirect to neb.cn in this environment; both reachable via curl),"Color Prestained Protein Standard, Broad Range (10–250 kDa)",P7719,"Prestained multicolor (recombinant, multi-chromophore)",5,50,11,blue,#2563eb,1,false,protein-newenglandbiolabs-color-prestained-protein-standard-broad-range-10-250-kda,https://www.neb.com/en-us/products/p7719-color-prestained-protein-standard-broad-range-10-250-kda,pdfs/NEB_P7719_ColorPrestained_COA.pdf (~104 KB)
NewEnglandBiolabs,https://www.neb.com (product pages 301-redirect to neb.cn in this environment; both reachable via curl),"Color Prestained Protein Standard, Broad Range (10–250 kDa)",P7719,"Prestained multicolor (recombinant, multi-chromophore)",6,70,11,blue,#2563eb,1,false,protein-newenglandbiolabs-color-prestained-protein-standard-broad-range-10-250-kda,https://www.neb.com/en-us/products/p7719-color-prestained-protein-standard-broad-range-10-250-kda,pdfs/NEB_P7719_ColorPrestained_COA.pdf (~104 KB)
NewEnglandBiolabs,https://www.neb.com (product pages 301-redirect to neb.cn in this environment; both reachable via curl),"Color Prestained Protein Standard, Broad Range (10–250 kDa)",P7719,"Prestained multicolor (recombinant, multi-chromophore)",7,100,11,blue,#2563eb,1,false,protein-newenglandbiolabs-color-prestained-protein-standard-broad-range-10-250-kda,https://www.neb.com/en-us/products/p7719-color-prestained-protein-standard-broad-range-10-250-kda,pdfs/NEB_P7719_ColorPrestained_COA.pdf (~104 KB)
NewEnglandBiolabs,https://www.neb.com (product pages 301-redirect to neb.cn in this environment; both reachable via curl),"Color Prestained Protein Standard, Broad Range (10–250 kDa)",P7719,"Prestained multicolor (recombinant, multi-chromophore)",8,140,11,blue,#2563eb,1,false,protein-newenglandbiolabs-color-prestained-protein-standard-broad-range-10-250-kda,https://www.neb.com/en-us/products/p7719-color-prestained-protein-standard-broad-range-10-250-kda,pdfs/NEB_P7719_ColorPrestained_COA.pdf (~104 KB)
NewEnglandBiolabs,https://www.neb.com (product pages 301-redirect to neb.cn in this environment; both reachable via curl),"Color Prestained Protein Standard, Broad Range (10–250 kDa)",P7719,"Prestained multicolor (recombinant, multi-chromophore)",9,180,11,blue,#2563eb,1,false,protein-newenglandbiolabs-color-prestained-protein-standard-broad-range-10-250-kda,https://www.neb.com/en-us/products/p7719-color-prestained-protein-standard-broad-range-10-250-kda,pdfs/NEB_P7719_ColorPrestained_COA.pdf (~104 KB)
NewEnglandBiolabs,https://www.neb.com (product pages 301-redirect to neb.cn in this environment; both reachable via curl),"Color Prestained Protein Standard, Broad Range (10–250 kDa)",P7719,"Prestained multicolor (recombinant, multi-chromophore)",10,220,11,blue,#2563eb,1,false,protein-newenglandbiolabs-color-prestained-protein-standard-broad-range-10-250-kda,https://www.neb.com/en-us/products/p7719-color-prestained-protein-standard-broad-range-10-250-kda,pdfs/NEB_P7719_ColorPrestained_COA.pdf (~104 KB)
NewEnglandBiolabs,https://www.neb.com (product pages 301-redirect to neb.cn in this environment; both reachable via curl),"Color Prestained Protein Standard, Broad Range (10–250 kDa)",P7719,"Prestained multicolor (recombinant, multi-chromophore)",11,250,11,blue,#2563eb,1,false,protein-newenglandbiolabs-color-prestained-protein-standard-broad-range-10-250-kda,https://www.neb.com/en-us/products/p7719-color-prestained-protein-standard-broad-range-10-250-kda,pdfs/NEB_P7719_ColorPrestained_COA.pdf (~104 KB)
OriGene,origene.com,MYC/DDK Tagged Western Blot Molecular Weight Markers,MWM1001,"Western Blot / Immunoprecipitation reagent — antibody-detectable molecular weight markers (NOT a prestained gel ladder). Consists of 5 over-expressed cell lysates with Myc/DDK tags, detected via anti-Myc / anti-DDK antibodies.",1,23,5,unknown,,,,,https://www.origene.com/catalog/others/molecular-tools/mwm1001-mycddk-tagged-western-blot-molecular-weight-markers,OriGene_MWM1001_datasheet.pdf
OriGene,origene.com,MYC/DDK Tagged Western Blot Molecular Weight Markers,MWM1001,"Western Blot / Immunoprecipitation reagent — antibody-detectable molecular weight markers (NOT a prestained gel ladder). Consists of 5 over-expressed cell lysates with Myc/DDK tags, detected via anti-Myc / anti-DDK antibodies.",2,30,5,unknown,,,,,https://www.origene.com/catalog/others/molecular-tools/mwm1001-mycddk-tagged-western-blot-molecular-weight-markers,OriGene_MWM1001_datasheet.pdf
OriGene,origene.com,MYC/DDK Tagged Western Blot Molecular Weight Markers,MWM1001,"Western Blot / Immunoprecipitation reagent — antibody-detectable molecular weight markers (NOT a prestained gel ladder). Consists of 5 over-expressed cell lysates with Myc/DDK tags, detected via anti-Myc / anti-DDK antibodies.",3,50,5,unknown,,,,,https://www.origene.com/catalog/others/molecular-tools/mwm1001-mycddk-tagged-western-blot-molecular-weight-markers,OriGene_MWM1001_datasheet.pdf
OriGene,origene.com,MYC/DDK Tagged Western Blot Molecular Weight Markers,MWM1001,"Western Blot / Immunoprecipitation reagent — antibody-detectable molecular weight markers (NOT a prestained gel ladder). Consists of 5 over-expressed cell lysates with Myc/DDK tags, detected via anti-Myc / anti-DDK antibodies.",4,75,5,unknown,,,,,https://www.origene.com/catalog/others/molecular-tools/mwm1001-mycddk-tagged-western-blot-molecular-weight-markers,OriGene_MWM1001_datasheet.pdf
OriGene,origene.com,MYC/DDK Tagged Western Blot Molecular Weight Markers,MWM1001,"Western Blot / Immunoprecipitation reagent — antibody-detectable molecular weight markers (NOT a prestained gel ladder). Consists of 5 over-expressed cell lysates with Myc/DDK tags, detected via anti-Myc / anti-DDK antibodies.",5,158,5,unknown,,,,,https://www.origene.com/catalog/others/molecular-tools/mwm1001-mycddk-tagged-western-blot-molecular-weight-markers,OriGene_MWM1001_datasheet.pdf
Promega,https://www.promega.com (geo-redirects to https://www.promega.com.cn in this environment),"Protein Molecular Weight Marker, Broad Range",V8491 / V849A (also V8495 / V849B pack variants) — primary SKU **V8491**,Unstained (natural proteins; for SDS-PAGE / Coomassie or silver stain),1,20,8,gray,#334155,1,false,protein-promega-protein-molecular-weight-marker-broad-range,https://www.promega.com/products/protein-analysis/protein-purification-and-detection/protein-molecular-weight-markers/catnum-v8491/,Product Information sheet (TB-style) — direct PDF host returned 404; not saved.
Promega,https://www.promega.com (geo-redirects to https://www.promega.com.cn in this environment),"Protein Molecular Weight Marker, Broad Range",V8491 / V849A (also V8495 / V849B pack variants) — primary SKU **V8491**,Unstained (natural proteins; for SDS-PAGE / Coomassie or silver stain),2,30,8,gray,#334155,1,false,protein-promega-protein-molecular-weight-marker-broad-range,https://www.promega.com/products/protein-analysis/protein-purification-and-detection/protein-molecular-weight-markers/catnum-v8491/,Product Information sheet (TB-style) — direct PDF host returned 404; not saved.
Promega,https://www.promega.com (geo-redirects to https://www.promega.com.cn in this environment),"Protein Molecular Weight Marker, Broad Range",V8491 / V849A (also V8495 / V849B pack variants) — primary SKU **V8491**,Unstained (natural proteins; for SDS-PAGE / Coomassie or silver stain),3,40,8,gray,#334155,1,false,protein-promega-protein-molecular-weight-marker-broad-range,https://www.promega.com/products/protein-analysis/protein-purification-and-detection/protein-molecular-weight-markers/catnum-v8491/,Product Information sheet (TB-style) — direct PDF host returned 404; not saved.
Promega,https://www.promega.com (geo-redirects to https://www.promega.com.cn in this environment),"Protein Molecular Weight Marker, Broad Range",V8491 / V849A (also V8495 / V849B pack variants) — primary SKU **V8491**,Unstained (natural proteins; for SDS-PAGE / Coomassie or silver stain),4,50,8,gray,#334155,1,false,protein-promega-protein-molecular-weight-marker-broad-range,https://www.promega.com/products/protein-analysis/protein-purification-and-detection/protein-molecular-weight-markers/catnum-v8491/,Product Information sheet (TB-style) — direct PDF host returned 404; not saved.
Promega,https://www.promega.com (geo-redirects to https://www.promega.com.cn in this environment),"Protein Molecular Weight Marker, Broad Range",V8491 / V849A (also V8495 / V849B pack variants) — primary SKU **V8491**,Unstained (natural proteins; for SDS-PAGE / Coomassie or silver stain),5,60,8,gray,#334155,1,false,protein-promega-protein-molecular-weight-marker-broad-range,https://www.promega.com/products/protein-analysis/protein-purification-and-detection/protein-molecular-weight-markers/catnum-v8491/,Product Information sheet (TB-style) — direct PDF host returned 404; not saved.
Promega,https://www.promega.com (geo-redirects to https://www.promega.com.cn in this environment),"Protein Molecular Weight Marker, Broad Range",V8491 / V849A (also V8495 / V849B pack variants) — primary SKU **V8491**,Unstained (natural proteins; for SDS-PAGE / Coomassie or silver stain),6,80,8,gray,#334155,1,false,protein-promega-protein-molecular-weight-marker-broad-range,https://www.promega.com/products/protein-analysis/protein-purification-and-detection/protein-molecular-weight-markers/catnum-v8491/,Product Information sheet (TB-style) — direct PDF host returned 404; not saved.
Promega,https://www.promega.com (geo-redirects to https://www.promega.com.cn in this environment),"Protein Molecular Weight Marker, Broad Range",V8491 / V849A (also V8495 / V849B pack variants) — primary SKU **V8491**,Unstained (natural proteins; for SDS-PAGE / Coomassie or silver stain),7,100,8,gray,#334155,1,false,protein-promega-protein-molecular-weight-marker-broad-range,https://www.promega.com/products/protein-analysis/protein-purification-and-detection/protein-molecular-weight-markers/catnum-v8491/,Product Information sheet (TB-style) — direct PDF host returned 404; not saved.
Promega,https://www.promega.com (geo-redirects to https://www.promega.com.cn in this environment),"Protein Molecular Weight Marker, Broad Range",V8491 / V849A (also V8495 / V849B pack variants) — primary SKU **V8491**,Unstained (natural proteins; for SDS-PAGE / Coomassie or silver stain),8,120,8,gray,#334155,1,false,protein-promega-protein-molecular-weight-marker-broad-range,https://www.promega.com/products/protein-analysis/protein-purification-and-detection/protein-molecular-weight-markers/catnum-v8491/,Product Information sheet (TB-style) — direct PDF host returned 404; not saved.
Promega,https://www.promega.com (geo-redirects to https://www.promega.com.cn in this environment),"Protein Molecular Weight Marker, Mid Range",V849C (Mid Range) — also packaged as V849A,Unstained (natural proteins),1,14.4,6,unknown,,,,,https://www.promega.com/products/protein-analysis/protein-purification-and-detection/protein-molecular-weight-markers/,not retrievable.
Promega,https://www.promega.com (geo-redirects to https://www.promega.com.cn in this environment),"Protein Molecular Weight Marker, Mid Range",V849C (Mid Range) — also packaged as V849A,Unstained (natural proteins),2,21.5,6,unknown,,,,,https://www.promega.com/products/protein-analysis/protein-purification-and-detection/protein-molecular-weight-markers/,not retrievable.
Promega,https://www.promega.com (geo-redirects to https://www.promega.com.cn in this environment),"Protein Molecular Weight Marker, Mid Range",V849C (Mid Range) — also packaged as V849A,Unstained (natural proteins),3,31,6,unknown,,,,,https://www.promega.com/products/protein-analysis/protein-purification-and-detection/protein-molecular-weight-markers/,not retrievable.
Promega,https://www.promega.com (geo-redirects to https://www.promega.com.cn in this environment),"Protein Molecular Weight Marker, Mid Range",V849C (Mid Range) — also packaged as V849A,Unstained (natural proteins),4,45,6,unknown,,,,,https://www.promega.com/products/protein-analysis/protein-purification-and-detection/protein-molecular-weight-markers/,not retrievable.
Promega,https://www.promega.com (geo-redirects to https://www.promega.com.cn in this environment),"Protein Molecular Weight Marker, Mid Range",V849C (Mid Range) — also packaged as V849A,Unstained (natural proteins),5,66.2,6,unknown,,,,,https://www.promega.com/products/protein-analysis/protein-purification-and-detection/protein-molecular-weight-markers/,not retrievable.
Promega,https://www.promega.com (geo-redirects to https://www.promega.com.cn in this environment),"Protein Molecular Weight Marker, Mid Range",V849C (Mid Range) — also packaged as V849A,Unstained (natural proteins),6,97.4,6,unknown,,,,,https://www.promega.com/products/protein-analysis/protein-purification-and-detection/protein-molecular-weight-markers/,not retrievable.
Promega,https://www.promega.com (geo-redirects to https://www.promega.com.cn in this environment),"Protein Molecular Weight Markers, Biotinylated",V8495 (Biotinylated marker set) / also W1501-family variants,Biotinylated (for use with streptavidin-HRP chemiluminescent western detection),1,14.4,7,unknown,,,,,https://www.promega.com/products/protein-analysis/protein-purification-and-detection/protein-molecular-weight-markers/,not retrievable.
Promega,https://www.promega.com (geo-redirects to https://www.promega.com.cn in this environment),"Protein Molecular Weight Markers, Biotinylated",V8495 (Biotinylated marker set) / also W1501-family variants,Biotinylated (for use with streptavidin-HRP chemiluminescent western detection),2,21.5,7,unknown,,,,,https://www.promega.com/products/protein-analysis/protein-purification-and-detection/protein-molecular-weight-markers/,not retrievable.
Promega,https://www.promega.com (geo-redirects to https://www.promega.com.cn in this environment),"Protein Molecular Weight Markers, Biotinylated",V8495 (Biotinylated marker set) / also W1501-family variants,Biotinylated (for use with streptavidin-HRP chemiluminescent western detection),3,31,7,unknown,,,,,https://www.promega.com/products/protein-analysis/protein-purification-and-detection/protein-molecular-weight-markers/,not retrievable.
Promega,https://www.promega.com (geo-redirects to https://www.promega.com.cn in this environment),"Protein Molecular Weight Markers, Biotinylated",V8495 (Biotinylated marker set) / also W1501-family variants,Biotinylated (for use with streptavidin-HRP chemiluminescent western detection),4,45,7,unknown,,,,,https://www.promega.com/products/protein-analysis/protein-purification-and-detection/protein-molecular-weight-markers/,not retrievable.
Promega,https://www.promega.com (geo-redirects to https://www.promega.com.cn in this environment),"Protein Molecular Weight Markers, Biotinylated",V8495 (Biotinylated marker set) / also W1501-family variants,Biotinylated (for use with streptavidin-HRP chemiluminescent western detection),5,66.2,7,unknown,,,,,https://www.promega.com/products/protein-analysis/protein-purification-and-detection/protein-molecular-weight-markers/,not retrievable.
Promega,https://www.promega.com (geo-redirects to https://www.promega.com.cn in this environment),"Protein Molecular Weight Markers, Biotinylated",V8495 (Biotinylated marker set) / also W1501-family variants,Biotinylated (for use with streptavidin-HRP chemiluminescent western detection),6,97.4,7,unknown,,,,,https://www.promega.com/products/protein-analysis/protein-purification-and-detection/protein-molecular-weight-markers/,not retrievable.
Promega,https://www.promega.com (geo-redirects to https://www.promega.com.cn in this environment),"Protein Molecular Weight Markers, Biotinylated",V8495 (Biotinylated marker set) / also W1501-family variants,Biotinylated (for use with streptavidin-HRP chemiluminescent western detection),7,160,7,unknown,,,,,https://www.promega.com/products/protein-analysis/protein-purification-and-detection/protein-molecular-weight-markers/,not retrievable.
SERVA,"serva.de (SERVA Electrophoresis GmbH, Heidelberg, Germany)","Protein Test Mixture 6 for SDS PAGE  (unstained, lyophilized)",**39207.01**,"Unstained, lyophilized natural-protein mixture",1,14.4,6,unknown,,,,,,
SERVA,"serva.de (SERVA Electrophoresis GmbH, Heidelberg, Germany)","Protein Test Mixture 6 for SDS PAGE  (unstained, lyophilized)",**39207.01**,"Unstained, lyophilized natural-protein mixture",2,20.1,6,unknown,,,,,,
SERVA,"serva.de (SERVA Electrophoresis GmbH, Heidelberg, Germany)","Protein Test Mixture 6 for SDS PAGE  (unstained, lyophilized)",**39207.01**,"Unstained, lyophilized natural-protein mixture",3,30,6,unknown,,,,,,
SERVA,"serva.de (SERVA Electrophoresis GmbH, Heidelberg, Germany)","Protein Test Mixture 6 for SDS PAGE  (unstained, lyophilized)",**39207.01**,"Unstained, lyophilized natural-protein mixture",4,43,6,unknown,,,,,,
SERVA,"serva.de (SERVA Electrophoresis GmbH, Heidelberg, Germany)","Protein Test Mixture 6 for SDS PAGE  (unstained, lyophilized)",**39207.01**,"Unstained, lyophilized natural-protein mixture",5,67,6,unknown,,,,,,
SERVA,"serva.de (SERVA Electrophoresis GmbH, Heidelberg, Germany)","Protein Test Mixture 6 for SDS PAGE  (unstained, lyophilized)",**39207.01**,"Unstained, lyophilized natural-protein mixture",6,94,6,unknown,,,,,,
SERVA,"serva.de (SERVA Electrophoresis GmbH, Heidelberg, Germany)","Protein Test Mixture 4 for SDS PAGE  (unstained, lyophilized)",**39208.01**,"Unstained, lyophilized natural-protein mixture",1,14.4,6,unknown,,,,,,
SERVA,"serva.de (SERVA Electrophoresis GmbH, Heidelberg, Germany)","Protein Test Mixture 4 for SDS PAGE  (unstained, lyophilized)",**39208.01**,"Unstained, lyophilized natural-protein mixture",2,20.1,6,unknown,,,,,,
SERVA,"serva.de (SERVA Electrophoresis GmbH, Heidelberg, Germany)","Protein Test Mixture 4 for SDS PAGE  (unstained, lyophilized)",**39208.01**,"Unstained, lyophilized natural-protein mixture",3,30,6,unknown,,,,,,
SERVA,"serva.de (SERVA Electrophoresis GmbH, Heidelberg, Germany)","Protein Test Mixture 4 for SDS PAGE  (unstained, lyophilized)",**39208.01**,"Unstained, lyophilized natural-protein mixture",4,43,6,unknown,,,,,,
SERVA,"serva.de (SERVA Electrophoresis GmbH, Heidelberg, Germany)","Protein Test Mixture 4 for SDS PAGE  (unstained, lyophilized)",**39208.01**,"Unstained, lyophilized natural-protein mixture",5,67,6,unknown,,,,,,
SERVA,"serva.de (SERVA Electrophoresis GmbH, Heidelberg, Germany)","Protein Test Mixture 4 for SDS PAGE  (unstained, lyophilized)",**39208.01**,"Unstained, lyophilized natural-protein mixture",6,94,6,unknown,,,,,,
SERVA,"serva.de (SERVA Electrophoresis GmbH, Heidelberg, Germany)","Protein Test Mixture 5 for SDS PAGE  (unstained, lyophilized)",**39209.01**,"Unstained, lyophilized natural-protein mixture",1,14.4,6,unknown,,,,,,
SERVA,"serva.de (SERVA Electrophoresis GmbH, Heidelberg, Germany)","Protein Test Mixture 5 for SDS PAGE  (unstained, lyophilized)",**39209.01**,"Unstained, lyophilized natural-protein mixture",2,20.1,6,unknown,,,,,,
SERVA,"serva.de (SERVA Electrophoresis GmbH, Heidelberg, Germany)","Protein Test Mixture 5 for SDS PAGE  (unstained, lyophilized)",**39209.01**,"Unstained, lyophilized natural-protein mixture",3,30,6,unknown,,,,,,
SERVA,"serva.de (SERVA Electrophoresis GmbH, Heidelberg, Germany)","Protein Test Mixture 5 for SDS PAGE  (unstained, lyophilized)",**39209.01**,"Unstained, lyophilized natural-protein mixture",4,43,6,unknown,,,,,,
SERVA,"serva.de (SERVA Electrophoresis GmbH, Heidelberg, Germany)","Protein Test Mixture 5 for SDS PAGE  (unstained, lyophilized)",**39209.01**,"Unstained, lyophilized natural-protein mixture",5,67,6,unknown,,,,,,
SERVA,"serva.de (SERVA Electrophoresis GmbH, Heidelberg, Germany)","Protein Test Mixture 5 for SDS PAGE  (unstained, lyophilized)",**39209.01**,"Unstained, lyophilized natural-protein mixture",6,94,6,unknown,,,,,,
SERVA,"serva.de (SERVA Electrophoresis GmbH, Heidelberg, Germany)","SERVA Unstained SDS PAGE Protein Marker, 6.5–97 kDa  (liquid mix)",**39214.01**,"**Unstained**, ready-to-use liquid",1,6.5,8,unknown,,,,,,
SERVA,"serva.de (SERVA Electrophoresis GmbH, Heidelberg, Germany)","SERVA Unstained SDS PAGE Protein Marker, 6.5–97 kDa  (liquid mix)",**39214.01**,"**Unstained**, ready-to-use liquid",2,14.4,8,unknown,,,,,,
SERVA,"serva.de (SERVA Electrophoresis GmbH, Heidelberg, Germany)","SERVA Unstained SDS PAGE Protein Marker, 6.5–97 kDa  (liquid mix)",**39214.01**,"**Unstained**, ready-to-use liquid",3,18,8,unknown,,,,,,
SERVA,"serva.de (SERVA Electrophoresis GmbH, Heidelberg, Germany)","SERVA Unstained SDS PAGE Protein Marker, 6.5–97 kDa  (liquid mix)",**39214.01**,"**Unstained**, ready-to-use liquid",4,24,8,unknown,,,,,,
SERVA,"serva.de (SERVA Electrophoresis GmbH, Heidelberg, Germany)","SERVA Unstained SDS PAGE Protein Marker, 6.5–97 kDa  (liquid mix)",**39214.01**,"**Unstained**, ready-to-use liquid",5,30,8,unknown,,,,,,
SERVA,"serva.de (SERVA Electrophoresis GmbH, Heidelberg, Germany)","SERVA Unstained SDS PAGE Protein Marker, 6.5–97 kDa  (liquid mix)",**39214.01**,"**Unstained**, ready-to-use liquid",6,43,8,unknown,,,,,,
SERVA,"serva.de (SERVA Electrophoresis GmbH, Heidelberg, Germany)","SERVA Unstained SDS PAGE Protein Marker, 6.5–97 kDa  (liquid mix)",**39214.01**,"**Unstained**, ready-to-use liquid",7,66,8,unknown,,,,,,
SERVA,"serva.de (SERVA Electrophoresis GmbH, Heidelberg, Germany)","SERVA Unstained SDS PAGE Protein Marker, 6.5–97 kDa  (liquid mix)",**39214.01**,"**Unstained**, ready-to-use liquid",8,97,8,unknown,,,,,,
SERVA,"serva.de (SERVA Electrophoresis GmbH, Heidelberg, Germany)",SERVA Unstained Protein Standard IV,**39250.01**,"**Unstained**, ready-to-use liquid",1,14.4,6,unknown,,,,,,
SERVA,"serva.de (SERVA Electrophoresis GmbH, Heidelberg, Germany)",SERVA Unstained Protein Standard IV,**39250.01**,"**Unstained**, ready-to-use liquid",2,20.1,6,unknown,,,,,,
SERVA,"serva.de (SERVA Electrophoresis GmbH, Heidelberg, Germany)",SERVA Unstained Protein Standard IV,**39250.01**,"**Unstained**, ready-to-use liquid",3,30,6,unknown,,,,,,
SERVA,"serva.de (SERVA Electrophoresis GmbH, Heidelberg, Germany)",SERVA Unstained Protein Standard IV,**39250.01**,"**Unstained**, ready-to-use liquid",4,43,6,unknown,,,,,,
SERVA,"serva.de (SERVA Electrophoresis GmbH, Heidelberg, Germany)",SERVA Unstained Protein Standard IV,**39250.01**,"**Unstained**, ready-to-use liquid",5,67,6,unknown,,,,,,
SERVA,"serva.de (SERVA Electrophoresis GmbH, Heidelberg, Germany)",SERVA Unstained Protein Standard IV,**39250.01**,"**Unstained**, ready-to-use liquid",6,94,6,unknown,,,,,,
SERVA,"serva.de (SERVA Electrophoresis GmbH, Heidelberg, Germany)",SERVA Triple Color Standard I,**39251.01**,"**Prestained, three-color** (covalently stained; for monitoring run +",1,5,12,unknown,,,,,,
SERVA,"serva.de (SERVA Electrophoresis GmbH, Heidelberg, Germany)",SERVA Triple Color Standard I,**39251.01**,"**Prestained, three-color** (covalently stained; for monitoring run +",2,10,12,unknown,,,,,,
SERVA,"serva.de (SERVA Electrophoresis GmbH, Heidelberg, Germany)",SERVA Triple Color Standard I,**39251.01**,"**Prestained, three-color** (covalently stained; for monitoring run +",3,15,12,unknown,,,,,,
SERVA,"serva.de (SERVA Electrophoresis GmbH, Heidelberg, Germany)",SERVA Triple Color Standard I,**39251.01**,"**Prestained, three-color** (covalently stained; for monitoring run +",4,25,12,unknown,,,,,,
SERVA,"serva.de (SERVA Electrophoresis GmbH, Heidelberg, Germany)",SERVA Triple Color Standard I,**39251.01**,"**Prestained, three-color** (covalently stained; for monitoring run +",5,35,12,unknown,,,,,,
SERVA,"serva.de (SERVA Electrophoresis GmbH, Heidelberg, Germany)",SERVA Triple Color Standard I,**39251.01**,"**Prestained, three-color** (covalently stained; for monitoring run +",6,40,12,unknown,,,,,,
SERVA,"serva.de (SERVA Electrophoresis GmbH, Heidelberg, Germany)",SERVA Triple Color Standard I,**39251.01**,"**Prestained, three-color** (covalently stained; for monitoring run +",7,55,12,unknown,,,,,,
SERVA,"serva.de (SERVA Electrophoresis GmbH, Heidelberg, Germany)",SERVA Triple Color Standard I,**39251.01**,"**Prestained, three-color** (covalently stained; for monitoring run +",8,70,12,unknown,,,,,,
SERVA,"serva.de (SERVA Electrophoresis GmbH, Heidelberg, Germany)",SERVA Triple Color Standard I,**39251.01**,"**Prestained, three-color** (covalently stained; for monitoring run +",9,100,12,unknown,,,,,,
SERVA,"serva.de (SERVA Electrophoresis GmbH, Heidelberg, Germany)",SERVA Triple Color Standard I,**39251.01**,"**Prestained, three-color** (covalently stained; for monitoring run +",10,130,12,unknown,,,,,,
SERVA,"serva.de (SERVA Electrophoresis GmbH, Heidelberg, Germany)",SERVA Triple Color Standard I,**39251.01**,"**Prestained, three-color** (covalently stained; for monitoring run +",11,180,12,unknown,,,,,,
SERVA,"serva.de (SERVA Electrophoresis GmbH, Heidelberg, Germany)",SERVA Triple Color Standard I,**39251.01**,"**Prestained, three-color** (covalently stained; for monitoring run +",12,245,12,unknown,,,,,,
SERVA,"serva.de (SERVA Electrophoresis GmbH, Heidelberg, Germany)",SERVA Triple Color Protein Standard II,**39257.01**,"**Prestained, three-color**",1,10,11,unknown,,,,,,
SERVA,"serva.de (SERVA Electrophoresis GmbH, Heidelberg, Germany)",SERVA Triple Color Protein Standard II,**39257.01**,"**Prestained, three-color**",2,15,11,unknown,,,,,,
SERVA,"serva.de (SERVA Electrophoresis GmbH, Heidelberg, Germany)",SERVA Triple Color Protein Standard II,**39257.01**,"**Prestained, three-color**",3,25,11,unknown,,,,,,
SERVA,"serva.de (SERVA Electrophoresis GmbH, Heidelberg, Germany)",SERVA Triple Color Protein Standard II,**39257.01**,"**Prestained, three-color**",4,35,11,unknown,,,,,,
SERVA,"serva.de (SERVA Electrophoresis GmbH, Heidelberg, Germany)",SERVA Triple Color Protein Standard II,**39257.01**,"**Prestained, three-color**",5,40,11,unknown,,,,,,
SERVA,"serva.de (SERVA Electrophoresis GmbH, Heidelberg, Germany)",SERVA Triple Color Protein Standard II,**39257.01**,"**Prestained, three-color**",6,55,11,unknown,,,,,,
SERVA,"serva.de (SERVA Electrophoresis GmbH, Heidelberg, Germany)",SERVA Triple Color Protein Standard II,**39257.01**,"**Prestained, three-color**",7,70,11,unknown,,,,,,
SERVA,"serva.de (SERVA Electrophoresis GmbH, Heidelberg, Germany)",SERVA Triple Color Protein Standard II,**39257.01**,"**Prestained, three-color**",8,100,11,unknown,,,,,,
SERVA,"serva.de (SERVA Electrophoresis GmbH, Heidelberg, Germany)",SERVA Triple Color Protein Standard II,**39257.01**,"**Prestained, three-color**",9,130,11,unknown,,,,,,
SERVA,"serva.de (SERVA Electrophoresis GmbH, Heidelberg, Germany)",SERVA Triple Color Protein Standard II,**39257.01**,"**Prestained, three-color**",10,180,11,unknown,,,,,,
SERVA,"serva.de (SERVA Electrophoresis GmbH, Heidelberg, Germany)",SERVA Triple Color Protein Standard II,**39257.01**,"**Prestained, three-color**",11,245,11,unknown,,,,,,
SERVA,"serva.de (SERVA Electrophoresis GmbH, Heidelberg, Germany)",SERVA Triple Color Protein Standard III,**39258.01**,"**Prestained, three-color**",1,10,11,unknown,,,,,,
SERVA,"serva.de (SERVA Electrophoresis GmbH, Heidelberg, Germany)",SERVA Triple Color Protein Standard III,**39258.01**,"**Prestained, three-color**",2,15,11,unknown,,,,,,
SERVA,"serva.de (SERVA Electrophoresis GmbH, Heidelberg, Germany)",SERVA Triple Color Protein Standard III,**39258.01**,"**Prestained, three-color**",3,25,11,unknown,,,,,,
SERVA,"serva.de (SERVA Electrophoresis GmbH, Heidelberg, Germany)",SERVA Triple Color Protein Standard III,**39258.01**,"**Prestained, three-color**",4,35,11,unknown,,,,,,
SERVA,"serva.de (SERVA Electrophoresis GmbH, Heidelberg, Germany)",SERVA Triple Color Protein Standard III,**39258.01**,"**Prestained, three-color**",5,40,11,unknown,,,,,,
SERVA,"serva.de (SERVA Electrophoresis GmbH, Heidelberg, Germany)",SERVA Triple Color Protein Standard III,**39258.01**,"**Prestained, three-color**",6,55,11,unknown,,,,,,
SERVA,"serva.de (SERVA Electrophoresis GmbH, Heidelberg, Germany)",SERVA Triple Color Protein Standard III,**39258.01**,"**Prestained, three-color**",7,70,11,unknown,,,,,,
SERVA,"serva.de (SERVA Electrophoresis GmbH, Heidelberg, Germany)",SERVA Triple Color Protein Standard III,**39258.01**,"**Prestained, three-color**",8,100,11,unknown,,,,,,
SERVA,"serva.de (SERVA Electrophoresis GmbH, Heidelberg, Germany)",SERVA Triple Color Protein Standard III,**39258.01**,"**Prestained, three-color**",9,130,11,unknown,,,,,,
SERVA,"serva.de (SERVA Electrophoresis GmbH, Heidelberg, Germany)",SERVA Triple Color Protein Standard III,**39258.01**,"**Prestained, three-color**",10,180,11,unknown,,,,,,
SERVA,"serva.de (SERVA Electrophoresis GmbH, Heidelberg, Germany)",SERVA Triple Color Protein Standard III,**39258.01**,"**Prestained, three-color**",11,245,11,unknown,,,,,,
SERVA,"serva.de (SERVA Electrophoresis GmbH, Heidelberg, Germany)",SERVA Fluo-610 Standard I,**39261.01**,**Fluorescent** protein standard (for fluorescence staining/labelling,1,15,8,unknown,,,,,,
SERVA,"serva.de (SERVA Electrophoresis GmbH, Heidelberg, Germany)",SERVA Fluo-610 Standard I,**39261.01**,**Fluorescent** protein standard (for fluorescence staining/labelling,2,25,8,unknown,,,,,,
SERVA,"serva.de (SERVA Electrophoresis GmbH, Heidelberg, Germany)",SERVA Fluo-610 Standard I,**39261.01**,**Fluorescent** protein standard (for fluorescence staining/labelling,3,35,8,unknown,,,,,,
SERVA,"serva.de (SERVA Electrophoresis GmbH, Heidelberg, Germany)",SERVA Fluo-610 Standard I,**39261.01**,**Fluorescent** protein standard (for fluorescence staining/labelling,4,50,8,unknown,,,,,,
SERVA,"serva.de (SERVA Electrophoresis GmbH, Heidelberg, Germany)",SERVA Fluo-610 Standard I,**39261.01**,**Fluorescent** protein standard (for fluorescence staining/labelling,5,75,8,unknown,,,,,,
SERVA,"serva.de (SERVA Electrophoresis GmbH, Heidelberg, Germany)",SERVA Fluo-610 Standard I,**39261.01**,**Fluorescent** protein standard (for fluorescence staining/labelling,6,100,8,unknown,,,,,,
SERVA,"serva.de (SERVA Electrophoresis GmbH, Heidelberg, Germany)",SERVA Fluo-610 Standard I,**39261.01**,**Fluorescent** protein standard (for fluorescence staining/labelling,7,150,8,unknown,,,,,,
SERVA,"serva.de (SERVA Electrophoresis GmbH, Heidelberg, Germany)",SERVA Fluo-610 Standard I,**39261.01**,**Fluorescent** protein standard (for fluorescence staining/labelling,8,245,8,unknown,,,,,,
SERVA,"serva.de (SERVA Electrophoresis GmbH, Heidelberg, Germany)","Protein Molecular Weight Standards  (native, 8-protein set)",(1 kit; catalog number not isolated in catalog text — set of 8),"**Unstained, native** proteins (in solution or lyophilized)",1,12.4,7,unknown,,,,,,
SERVA,"serva.de (SERVA Electrophoresis GmbH, Heidelberg, Germany)","Protein Molecular Weight Standards  (native, 8-protein set)",(1 kit; catalog number not isolated in catalog text — set of 8),"**Unstained, native** proteins (in solution or lyophilized)",2,17.8,7,unknown,,,,,,
SERVA,"serva.de (SERVA Electrophoresis GmbH, Heidelberg, Germany)","Protein Molecular Weight Standards  (native, 8-protein set)",(1 kit; catalog number not isolated in catalog text — set of 8),"**Unstained, native** proteins (in solution or lyophilized)",3,25,7,unknown,,,,,,
SERVA,"serva.de (SERVA Electrophoresis GmbH, Heidelberg, Germany)","Protein Molecular Weight Standards  (native, 8-protein set)",(1 kit; catalog number not isolated in catalog text — set of 8),"**Unstained, native** proteins (in solution or lyophilized)",4,67,7,unknown,,,,,,
SERVA,"serva.de (SERVA Electrophoresis GmbH, Heidelberg, Germany)","Protein Molecular Weight Standards  (native, 8-protein set)",(1 kit; catalog number not isolated in catalog text — set of 8),"**Unstained, native** proteins (in solution or lyophilized)",5,160,7,unknown,,,,,,
SERVA,"serva.de (SERVA Electrophoresis GmbH, Heidelberg, Germany)","Protein Molecular Weight Standards  (native, 8-protein set)",(1 kit; catalog number not isolated in catalog text — set of 8),"**Unstained, native** proteins (in solution or lyophilized)",6,240,7,unknown,,,,,,
SERVA,"serva.de (SERVA Electrophoresis GmbH, Heidelberg, Germany)","Protein Molecular Weight Standards  (native, 8-protein set)",(1 kit; catalog number not isolated in catalog text — set of 8),"**Unstained, native** proteins (in solution or lyophilized)",7,450,7,unknown,,,,,,
SERVA,"serva.de (SERVA Electrophoresis GmbH, Heidelberg, Germany)",SERVA Native Marker Liquid Mix for BN/CN PAGE,(size 5 × 50 µL; catalog number not isolated in catalog text),"**Unstained, native**, ready-to-use liquid mix for Blue/Native PAGE",1,21,7,unknown,,,,,,
SERVA,"serva.de (SERVA Electrophoresis GmbH, Heidelberg, Germany)",SERVA Native Marker Liquid Mix for BN/CN PAGE,(size 5 × 50 µL; catalog number not isolated in catalog text),"**Unstained, native**, ready-to-use liquid mix for Blue/Native PAGE",2,45,7,unknown,,,,,,
SERVA,"serva.de (SERVA Electrophoresis GmbH, Heidelberg, Germany)",SERVA Native Marker Liquid Mix for BN/CN PAGE,(size 5 × 50 µL; catalog number not isolated in catalog text),"**Unstained, native**, ready-to-use liquid mix for Blue/Native PAGE",3,67,7,unknown,,,,,,
SERVA,"serva.de (SERVA Electrophoresis GmbH, Heidelberg, Germany)",SERVA Native Marker Liquid Mix for BN/CN PAGE,(size 5 × 50 µL; catalog number not isolated in catalog text),"**Unstained, native**, ready-to-use liquid mix for Blue/Native PAGE",4,146,7,unknown,,,,,,
SERVA,"serva.de (SERVA Electrophoresis GmbH, Heidelberg, Germany)",SERVA Native Marker Liquid Mix for BN/CN PAGE,(size 5 × 50 µL; catalog number not isolated in catalog text),"**Unstained, native**, ready-to-use liquid mix for Blue/Native PAGE",5,272,7,unknown,,,,,,
SERVA,"serva.de (SERVA Electrophoresis GmbH, Heidelberg, Germany)",SERVA Native Marker Liquid Mix for BN/CN PAGE,(size 5 × 50 µL; catalog number not isolated in catalog text),"**Unstained, native**, ready-to-use liquid mix for Blue/Native PAGE",6,545,7,unknown,,,,,,
SERVA,"serva.de (SERVA Electrophoresis GmbH, Heidelberg, Germany)",SERVA Native Marker Liquid Mix for BN/CN PAGE,(size 5 × 50 µL; catalog number not isolated in catalog text),"**Unstained, native**, ready-to-use liquid mix for Blue/Native PAGE",7,720,7,unknown,,,,,,
SERVA,"serva.de (SERVA Electrophoresis GmbH, Heidelberg, Germany)",SERVA VisiBlot Standard I,**39260.01**,**Hybrid** — 3 prestained bands + 7 unstained IgG-binding bands for,1,25,3,unknown,,,,,,
SERVA,"serva.de (SERVA Electrophoresis GmbH, Heidelberg, Germany)",SERVA VisiBlot Standard I,**39260.01**,**Hybrid** — 3 prestained bands + 7 unstained IgG-binding bands for,2,45,3,unknown,,,,,,
SERVA,"serva.de (SERVA Electrophoresis GmbH, Heidelberg, Germany)",SERVA VisiBlot Standard I,**39260.01**,**Hybrid** — 3 prestained bands + 7 unstained IgG-binding bands for,3,85,3,unknown,,,,,,
SMOBIO,www.smobio.com,ExcelBand™ All Blue Regular Range Protein Marker (PM1500),PM1500,"Pre-stained, single color (blue chromophore)",1,10,10,blue,#2563eb,1,false,protein-smobio-excelbandtm-all-blue-regular-range-protein-marker-pm1500,https://www.smobio.com/shop/product/pm1500-pm1500-excelbandtm-all-blue-regular-range-protein-marker-9-180-kda-250-l-x-2-251?category=10,SMOBIO_PM1500.pdf
SMOBIO,www.smobio.com,ExcelBand™ All Blue Regular Range Protein Marker (PM1500),PM1500,"Pre-stained, single color (blue chromophore)",2,15,10,blue,#2563eb,1,false,protein-smobio-excelbandtm-all-blue-regular-range-protein-marker-pm1500,https://www.smobio.com/shop/product/pm1500-pm1500-excelbandtm-all-blue-regular-range-protein-marker-9-180-kda-250-l-x-2-251?category=10,SMOBIO_PM1500.pdf
SMOBIO,www.smobio.com,ExcelBand™ All Blue Regular Range Protein Marker (PM1500),PM1500,"Pre-stained, single color (blue chromophore)",3,25,10,blue,#2563eb,1,false,protein-smobio-excelbandtm-all-blue-regular-range-protein-marker-pm1500,https://www.smobio.com/shop/product/pm1500-pm1500-excelbandtm-all-blue-regular-range-protein-marker-9-180-kda-250-l-x-2-251?category=10,SMOBIO_PM1500.pdf
SMOBIO,www.smobio.com,ExcelBand™ All Blue Regular Range Protein Marker (PM1500),PM1500,"Pre-stained, single color (blue chromophore)",4,35,10,blue,#2563eb,1,false,protein-smobio-excelbandtm-all-blue-regular-range-protein-marker-pm1500,https://www.smobio.com/shop/product/pm1500-pm1500-excelbandtm-all-blue-regular-range-protein-marker-9-180-kda-250-l-x-2-251?category=10,SMOBIO_PM1500.pdf
SMOBIO,www.smobio.com,ExcelBand™ All Blue Regular Range Protein Marker (PM1500),PM1500,"Pre-stained, single color (blue chromophore)",5,45,10,blue,#2563eb,1,false,protein-smobio-excelbandtm-all-blue-regular-range-protein-marker-pm1500,https://www.smobio.com/shop/product/pm1500-pm1500-excelbandtm-all-blue-regular-range-protein-marker-9-180-kda-250-l-x-2-251?category=10,SMOBIO_PM1500.pdf
SMOBIO,www.smobio.com,ExcelBand™ All Blue Regular Range Protein Marker (PM1500),PM1500,"Pre-stained, single color (blue chromophore)",6,60,10,blue,#2563eb,1,false,protein-smobio-excelbandtm-all-blue-regular-range-protein-marker-pm1500,https://www.smobio.com/shop/product/pm1500-pm1500-excelbandtm-all-blue-regular-range-protein-marker-9-180-kda-250-l-x-2-251?category=10,SMOBIO_PM1500.pdf
SMOBIO,www.smobio.com,ExcelBand™ All Blue Regular Range Protein Marker (PM1500),PM1500,"Pre-stained, single color (blue chromophore)",7,72,10,blue,#2563eb,1,false,protein-smobio-excelbandtm-all-blue-regular-range-protein-marker-pm1500,https://www.smobio.com/shop/product/pm1500-pm1500-excelbandtm-all-blue-regular-range-protein-marker-9-180-kda-250-l-x-2-251?category=10,SMOBIO_PM1500.pdf
SMOBIO,www.smobio.com,ExcelBand™ All Blue Regular Range Protein Marker (PM1500),PM1500,"Pre-stained, single color (blue chromophore)",8,100,10,blue,#2563eb,1,false,protein-smobio-excelbandtm-all-blue-regular-range-protein-marker-pm1500,https://www.smobio.com/shop/product/pm1500-pm1500-excelbandtm-all-blue-regular-range-protein-marker-9-180-kda-250-l-x-2-251?category=10,SMOBIO_PM1500.pdf
SMOBIO,www.smobio.com,ExcelBand™ All Blue Regular Range Protein Marker (PM1500),PM1500,"Pre-stained, single color (blue chromophore)",9,140,10,blue,#2563eb,1,false,protein-smobio-excelbandtm-all-blue-regular-range-protein-marker-pm1500,https://www.smobio.com/shop/product/pm1500-pm1500-excelbandtm-all-blue-regular-range-protein-marker-9-180-kda-250-l-x-2-251?category=10,SMOBIO_PM1500.pdf
SMOBIO,www.smobio.com,ExcelBand™ All Blue Regular Range Protein Marker (PM1500),PM1500,"Pre-stained, single color (blue chromophore)",10,180,10,blue,#2563eb,1,false,protein-smobio-excelbandtm-all-blue-regular-range-protein-marker-pm1500,https://www.smobio.com/shop/product/pm1500-pm1500-excelbandtm-all-blue-regular-range-protein-marker-9-180-kda-250-l-x-2-251?category=10,SMOBIO_PM1500.pdf
SMOBIO,www.smobio.com,ExcelBand™ All Blue Regular Range Plus Protein Marker (PM1600),PM1600,"Pre-stained, single color (blue)",1,180,11,unknown,,,,,https://www.smobio.com/shop/product/pm1600-pm1600-excelbandtm-all-blue-regular-range-plus-protein-marker-9-180-kda-250-l-x-2-249?category=10,SMOBIO_PM1600.pdf
SMOBIO,www.smobio.com,ExcelBand™ All Blue Regular Range Plus Protein Marker (PM1600),PM1600,"Pre-stained, single color (blue)",2,140,11,unknown,,,,,https://www.smobio.com/shop/product/pm1600-pm1600-excelbandtm-all-blue-regular-range-plus-protein-marker-9-180-kda-250-l-x-2-249?category=10,SMOBIO_PM1600.pdf
SMOBIO,www.smobio.com,ExcelBand™ All Blue Regular Range Plus Protein Marker (PM1600),PM1600,"Pre-stained, single color (blue)",3,100,11,unknown,,,,,https://www.smobio.com/shop/product/pm1600-pm1600-excelbandtm-all-blue-regular-range-plus-protein-marker-9-180-kda-250-l-x-2-249?category=10,SMOBIO_PM1600.pdf
SMOBIO,www.smobio.com,ExcelBand™ All Blue Regular Range Plus Protein Marker (PM1600),PM1600,"Pre-stained, single color (blue)",4,72,11,unknown,,,,,https://www.smobio.com/shop/product/pm1600-pm1600-excelbandtm-all-blue-regular-range-plus-protein-marker-9-180-kda-250-l-x-2-249?category=10,SMOBIO_PM1600.pdf
SMOBIO,www.smobio.com,ExcelBand™ All Blue Regular Range Plus Protein Marker (PM1600),PM1600,"Pre-stained, single color (blue)",5,60,11,unknown,,,,,https://www.smobio.com/shop/product/pm1600-pm1600-excelbandtm-all-blue-regular-range-plus-protein-marker-9-180-kda-250-l-x-2-249?category=10,SMOBIO_PM1600.pdf
SMOBIO,www.smobio.com,ExcelBand™ All Blue Regular Range Plus Protein Marker (PM1600),PM1600,"Pre-stained, single color (blue)",6,45,11,unknown,,,,,https://www.smobio.com/shop/product/pm1600-pm1600-excelbandtm-all-blue-regular-range-plus-protein-marker-9-180-kda-250-l-x-2-249?category=10,SMOBIO_PM1600.pdf
SMOBIO,www.smobio.com,ExcelBand™ All Blue Regular Range Plus Protein Marker (PM1600),PM1600,"Pre-stained, single color (blue)",7,35,11,unknown,,,,,https://www.smobio.com/shop/product/pm1600-pm1600-excelbandtm-all-blue-regular-range-plus-protein-marker-9-180-kda-250-l-x-2-249?category=10,SMOBIO_PM1600.pdf
SMOBIO,www.smobio.com,ExcelBand™ All Blue Regular Range Plus Protein Marker (PM1600),PM1600,"Pre-stained, single color (blue)",8,25,11,unknown,,,,,https://www.smobio.com/shop/product/pm1600-pm1600-excelbandtm-all-blue-regular-range-plus-protein-marker-9-180-kda-250-l-x-2-249?category=10,SMOBIO_PM1600.pdf
SMOBIO,www.smobio.com,ExcelBand™ All Blue Regular Range Plus Protein Marker (PM1600),PM1600,"Pre-stained, single color (blue)",9,20,11,unknown,,,,,https://www.smobio.com/shop/product/pm1600-pm1600-excelbandtm-all-blue-regular-range-plus-protein-marker-9-180-kda-250-l-x-2-249?category=10,SMOBIO_PM1600.pdf
SMOBIO,www.smobio.com,ExcelBand™ All Blue Regular Range Plus Protein Marker (PM1600),PM1600,"Pre-stained, single color (blue)",10,15,11,unknown,,,,,https://www.smobio.com/shop/product/pm1600-pm1600-excelbandtm-all-blue-regular-range-plus-protein-marker-9-180-kda-250-l-x-2-249?category=10,SMOBIO_PM1600.pdf
SMOBIO,www.smobio.com,ExcelBand™ All Blue Regular Range Plus Protein Marker (PM1600),PM1600,"Pre-stained, single color (blue)",11,10,11,unknown,,,,,https://www.smobio.com/shop/product/pm1600-pm1600-excelbandtm-all-blue-regular-range-plus-protein-marker-9-180-kda-250-l-x-2-249?category=10,SMOBIO_PM1600.pdf
SMOBIO,www.smobio.com,ExcelBand™ All Blue Broad Range Protein Marker (PM1700),PM1700,"Pre-stained, single color (blue); enhanced reference bands at 25 & 72 kDa",1,10,12,blue,#2563eb,1,false,protein-smobio-excelbandtm-all-blue-broad-range-protein-marker-pm1700,https://www.smobio.com/shop/product/pm1700-pm1700-excelbandtm-all-blue-broad-range-protein-marker-9-240-kda-250-l-x-2-247?category=10,SMOBIO_PM1700.pdf
SMOBIO,www.smobio.com,ExcelBand™ All Blue Broad Range Protein Marker (PM1700),PM1700,"Pre-stained, single color (blue); enhanced reference bands at 25 & 72 kDa",2,15,12,blue,#2563eb,1,false,protein-smobio-excelbandtm-all-blue-broad-range-protein-marker-pm1700,https://www.smobio.com/shop/product/pm1700-pm1700-excelbandtm-all-blue-broad-range-protein-marker-9-240-kda-250-l-x-2-247?category=10,SMOBIO_PM1700.pdf
SMOBIO,www.smobio.com,ExcelBand™ All Blue Broad Range Protein Marker (PM1700),PM1700,"Pre-stained, single color (blue); enhanced reference bands at 25 & 72 kDa",3,20,12,blue,#2563eb,1,false,protein-smobio-excelbandtm-all-blue-broad-range-protein-marker-pm1700,https://www.smobio.com/shop/product/pm1700-pm1700-excelbandtm-all-blue-broad-range-protein-marker-9-240-kda-250-l-x-2-247?category=10,SMOBIO_PM1700.pdf
SMOBIO,www.smobio.com,ExcelBand™ All Blue Broad Range Protein Marker (PM1700),PM1700,"Pre-stained, single color (blue); enhanced reference bands at 25 & 72 kDa",4,25,12,blue,#2563eb,1.55,true,protein-smobio-excelbandtm-all-blue-broad-range-protein-marker-pm1700,https://www.smobio.com/shop/product/pm1700-pm1700-excelbandtm-all-blue-broad-range-protein-marker-9-240-kda-250-l-x-2-247?category=10,SMOBIO_PM1700.pdf
SMOBIO,www.smobio.com,ExcelBand™ All Blue Broad Range Protein Marker (PM1700),PM1700,"Pre-stained, single color (blue); enhanced reference bands at 25 & 72 kDa",5,35,12,blue,#2563eb,1,false,protein-smobio-excelbandtm-all-blue-broad-range-protein-marker-pm1700,https://www.smobio.com/shop/product/pm1700-pm1700-excelbandtm-all-blue-broad-range-protein-marker-9-240-kda-250-l-x-2-247?category=10,SMOBIO_PM1700.pdf
SMOBIO,www.smobio.com,ExcelBand™ All Blue Broad Range Protein Marker (PM1700),PM1700,"Pre-stained, single color (blue); enhanced reference bands at 25 & 72 kDa",6,45,12,blue,#2563eb,1,false,protein-smobio-excelbandtm-all-blue-broad-range-protein-marker-pm1700,https://www.smobio.com/shop/product/pm1700-pm1700-excelbandtm-all-blue-broad-range-protein-marker-9-240-kda-250-l-x-2-247?category=10,SMOBIO_PM1700.pdf
SMOBIO,www.smobio.com,ExcelBand™ All Blue Broad Range Protein Marker (PM1700),PM1700,"Pre-stained, single color (blue); enhanced reference bands at 25 & 72 kDa",7,60,12,blue,#2563eb,1,false,protein-smobio-excelbandtm-all-blue-broad-range-protein-marker-pm1700,https://www.smobio.com/shop/product/pm1700-pm1700-excelbandtm-all-blue-broad-range-protein-marker-9-240-kda-250-l-x-2-247?category=10,SMOBIO_PM1700.pdf
SMOBIO,www.smobio.com,ExcelBand™ All Blue Broad Range Protein Marker (PM1700),PM1700,"Pre-stained, single color (blue); enhanced reference bands at 25 & 72 kDa",8,72,12,blue,#2563eb,1.55,true,protein-smobio-excelbandtm-all-blue-broad-range-protein-marker-pm1700,https://www.smobio.com/shop/product/pm1700-pm1700-excelbandtm-all-blue-broad-range-protein-marker-9-240-kda-250-l-x-2-247?category=10,SMOBIO_PM1700.pdf
SMOBIO,www.smobio.com,ExcelBand™ All Blue Broad Range Protein Marker (PM1700),PM1700,"Pre-stained, single color (blue); enhanced reference bands at 25 & 72 kDa",9,100,12,blue,#2563eb,1,false,protein-smobio-excelbandtm-all-blue-broad-range-protein-marker-pm1700,https://www.smobio.com/shop/product/pm1700-pm1700-excelbandtm-all-blue-broad-range-protein-marker-9-240-kda-250-l-x-2-247?category=10,SMOBIO_PM1700.pdf
SMOBIO,www.smobio.com,ExcelBand™ All Blue Broad Range Protein Marker (PM1700),PM1700,"Pre-stained, single color (blue); enhanced reference bands at 25 & 72 kDa",10,140,12,blue,#2563eb,1,false,protein-smobio-excelbandtm-all-blue-broad-range-protein-marker-pm1700,https://www.smobio.com/shop/product/pm1700-pm1700-excelbandtm-all-blue-broad-range-protein-marker-9-240-kda-250-l-x-2-247?category=10,SMOBIO_PM1700.pdf
SMOBIO,www.smobio.com,ExcelBand™ All Blue Broad Range Protein Marker (PM1700),PM1700,"Pre-stained, single color (blue); enhanced reference bands at 25 & 72 kDa",11,180,12,blue,#2563eb,1,false,protein-smobio-excelbandtm-all-blue-broad-range-protein-marker-pm1700,https://www.smobio.com/shop/product/pm1700-pm1700-excelbandtm-all-blue-broad-range-protein-marker-9-240-kda-250-l-x-2-247?category=10,SMOBIO_PM1700.pdf
SMOBIO,www.smobio.com,ExcelBand™ All Blue Broad Range Protein Marker (PM1700),PM1700,"Pre-stained, single color (blue); enhanced reference bands at 25 & 72 kDa",12,240,12,blue,#2563eb,1,false,protein-smobio-excelbandtm-all-blue-broad-range-protein-marker-pm1700,https://www.smobio.com/shop/product/pm1700-pm1700-excelbandtm-all-blue-broad-range-protein-marker-9-240-kda-250-l-x-2-247?category=10,SMOBIO_PM1700.pdf
SMOBIO,www.smobio.com,ExcelBand™ 3-color Regular Range Protein Marker (PM2500),PM2500,"Pre-stained, 3-color (blue/red/green); reference bands 25 kDa (green) & 75 kDa (red)",1,10,10,blue,#2563eb,1,false,protein-smobio-excelbandtm-3-color-regular-range-protein-marker-pm2500,https://www.smobio.com/shop/product/pm2500-pm2500-excelbandtm-3-color-regular-range-protein-marker-9-180-kda-250-l-x-2-245?category=10,SMOBIO_PM2500.pdf
SMOBIO,www.smobio.com,ExcelBand™ 3-color Regular Range Protein Marker (PM2500),PM2500,"Pre-stained, 3-color (blue/red/green); reference bands 25 kDa (green) & 75 kDa (red)",2,15,10,blue,#2563eb,1,false,protein-smobio-excelbandtm-3-color-regular-range-protein-marker-pm2500,https://www.smobio.com/shop/product/pm2500-pm2500-excelbandtm-3-color-regular-range-protein-marker-9-180-kda-250-l-x-2-245?category=10,SMOBIO_PM2500.pdf
SMOBIO,www.smobio.com,ExcelBand™ 3-color Regular Range Protein Marker (PM2500),PM2500,"Pre-stained, 3-color (blue/red/green); reference bands 25 kDa (green) & 75 kDa (red)",3,25,10,green,#16a34a,1.55,true,protein-smobio-excelbandtm-3-color-regular-range-protein-marker-pm2500,https://www.smobio.com/shop/product/pm2500-pm2500-excelbandtm-3-color-regular-range-protein-marker-9-180-kda-250-l-x-2-245?category=10,SMOBIO_PM2500.pdf
SMOBIO,www.smobio.com,ExcelBand™ 3-color Regular Range Protein Marker (PM2500),PM2500,"Pre-stained, 3-color (blue/red/green); reference bands 25 kDa (green) & 75 kDa (red)",4,35,10,blue,#2563eb,1,false,protein-smobio-excelbandtm-3-color-regular-range-protein-marker-pm2500,https://www.smobio.com/shop/product/pm2500-pm2500-excelbandtm-3-color-regular-range-protein-marker-9-180-kda-250-l-x-2-245?category=10,SMOBIO_PM2500.pdf
SMOBIO,www.smobio.com,ExcelBand™ 3-color Regular Range Protein Marker (PM2500),PM2500,"Pre-stained, 3-color (blue/red/green); reference bands 25 kDa (green) & 75 kDa (red)",5,45,10,blue,#2563eb,1,false,protein-smobio-excelbandtm-3-color-regular-range-protein-marker-pm2500,https://www.smobio.com/shop/product/pm2500-pm2500-excelbandtm-3-color-regular-range-protein-marker-9-180-kda-250-l-x-2-245?category=10,SMOBIO_PM2500.pdf
SMOBIO,www.smobio.com,ExcelBand™ 3-color Regular Range Protein Marker (PM2500),PM2500,"Pre-stained, 3-color (blue/red/green); reference bands 25 kDa (green) & 75 kDa (red)",6,60,10,blue,#2563eb,1,false,protein-smobio-excelbandtm-3-color-regular-range-protein-marker-pm2500,https://www.smobio.com/shop/product/pm2500-pm2500-excelbandtm-3-color-regular-range-protein-marker-9-180-kda-250-l-x-2-245?category=10,SMOBIO_PM2500.pdf
SMOBIO,www.smobio.com,ExcelBand™ 3-color Regular Range Protein Marker (PM2500),PM2500,"Pre-stained, 3-color (blue/red/green); reference bands 25 kDa (green) & 75 kDa (red)",7,75,10,red,#dc2626,1.55,true,protein-smobio-excelbandtm-3-color-regular-range-protein-marker-pm2500,https://www.smobio.com/shop/product/pm2500-pm2500-excelbandtm-3-color-regular-range-protein-marker-9-180-kda-250-l-x-2-245?category=10,SMOBIO_PM2500.pdf
SMOBIO,www.smobio.com,ExcelBand™ 3-color Regular Range Protein Marker (PM2500),PM2500,"Pre-stained, 3-color (blue/red/green); reference bands 25 kDa (green) & 75 kDa (red)",8,100,10,blue,#2563eb,1,false,protein-smobio-excelbandtm-3-color-regular-range-protein-marker-pm2500,https://www.smobio.com/shop/product/pm2500-pm2500-excelbandtm-3-color-regular-range-protein-marker-9-180-kda-250-l-x-2-245?category=10,SMOBIO_PM2500.pdf
SMOBIO,www.smobio.com,ExcelBand™ 3-color Regular Range Protein Marker (PM2500),PM2500,"Pre-stained, 3-color (blue/red/green); reference bands 25 kDa (green) & 75 kDa (red)",9,140,10,blue,#2563eb,1,false,protein-smobio-excelbandtm-3-color-regular-range-protein-marker-pm2500,https://www.smobio.com/shop/product/pm2500-pm2500-excelbandtm-3-color-regular-range-protein-marker-9-180-kda-250-l-x-2-245?category=10,SMOBIO_PM2500.pdf
SMOBIO,www.smobio.com,ExcelBand™ 3-color Regular Range Protein Marker (PM2500),PM2500,"Pre-stained, 3-color (blue/red/green); reference bands 25 kDa (green) & 75 kDa (red)",10,180,10,blue,#2563eb,1,false,protein-smobio-excelbandtm-3-color-regular-range-protein-marker-pm2500,https://www.smobio.com/shop/product/pm2500-pm2500-excelbandtm-3-color-regular-range-protein-marker-9-180-kda-250-l-x-2-245?category=10,SMOBIO_PM2500.pdf
SMOBIO,www.smobio.com,ExcelBand™ Enhanced 3-color Regular Range Protein Marker (PM2510),PM2510 (also PM2511),"Pre-stained, enhanced 3-color",1,180,10,unknown,,,,,https://www.smobio.com/shop/product/pm2510-pm2510-excelbandtm-enhanced-3-color-regular-range-protein-marker-9-180-kda-250-l-x-2-257?category=10,SMOBIO_PM2510.pdf
SMOBIO,www.smobio.com,ExcelBand™ Enhanced 3-color Regular Range Protein Marker (PM2510),PM2510 (also PM2511),"Pre-stained, enhanced 3-color",2,140,10,unknown,,,,,https://www.smobio.com/shop/product/pm2510-pm2510-excelbandtm-enhanced-3-color-regular-range-protein-marker-9-180-kda-250-l-x-2-257?category=10,SMOBIO_PM2510.pdf
SMOBIO,www.smobio.com,ExcelBand™ Enhanced 3-color Regular Range Protein Marker (PM2510),PM2510 (also PM2511),"Pre-stained, enhanced 3-color",3,100,10,unknown,,,,,https://www.smobio.com/shop/product/pm2510-pm2510-excelbandtm-enhanced-3-color-regular-range-protein-marker-9-180-kda-250-l-x-2-257?category=10,SMOBIO_PM2510.pdf
SMOBIO,www.smobio.com,ExcelBand™ Enhanced 3-color Regular Range Protein Marker (PM2510),PM2510 (also PM2511),"Pre-stained, enhanced 3-color",4,75,10,unknown,,,,,https://www.smobio.com/shop/product/pm2510-pm2510-excelbandtm-enhanced-3-color-regular-range-protein-marker-9-180-kda-250-l-x-2-257?category=10,SMOBIO_PM2510.pdf
SMOBIO,www.smobio.com,ExcelBand™ Enhanced 3-color Regular Range Protein Marker (PM2510),PM2510 (also PM2511),"Pre-stained, enhanced 3-color",5,60,10,unknown,,,,,https://www.smobio.com/shop/product/pm2510-pm2510-excelbandtm-enhanced-3-color-regular-range-protein-marker-9-180-kda-250-l-x-2-257?category=10,SMOBIO_PM2510.pdf
SMOBIO,www.smobio.com,ExcelBand™ Enhanced 3-color Regular Range Protein Marker (PM2510),PM2510 (also PM2511),"Pre-stained, enhanced 3-color",6,45,10,unknown,,,,,https://www.smobio.com/shop/product/pm2510-pm2510-excelbandtm-enhanced-3-color-regular-range-protein-marker-9-180-kda-250-l-x-2-257?category=10,SMOBIO_PM2510.pdf
SMOBIO,www.smobio.com,ExcelBand™ Enhanced 3-color Regular Range Protein Marker (PM2510),PM2510 (also PM2511),"Pre-stained, enhanced 3-color",7,35,10,unknown,,,,,https://www.smobio.com/shop/product/pm2510-pm2510-excelbandtm-enhanced-3-color-regular-range-protein-marker-9-180-kda-250-l-x-2-257?category=10,SMOBIO_PM2510.pdf
SMOBIO,www.smobio.com,ExcelBand™ Enhanced 3-color Regular Range Protein Marker (PM2510),PM2510 (also PM2511),"Pre-stained, enhanced 3-color",8,25,10,unknown,,,,,https://www.smobio.com/shop/product/pm2510-pm2510-excelbandtm-enhanced-3-color-regular-range-protein-marker-9-180-kda-250-l-x-2-257?category=10,SMOBIO_PM2510.pdf
SMOBIO,www.smobio.com,ExcelBand™ Enhanced 3-color Regular Range Protein Marker (PM2510),PM2510 (also PM2511),"Pre-stained, enhanced 3-color",9,15,10,unknown,,,,,https://www.smobio.com/shop/product/pm2510-pm2510-excelbandtm-enhanced-3-color-regular-range-protein-marker-9-180-kda-250-l-x-2-257?category=10,SMOBIO_PM2510.pdf
SMOBIO,www.smobio.com,ExcelBand™ Enhanced 3-color Regular Range Protein Marker (PM2510),PM2510 (also PM2511),"Pre-stained, enhanced 3-color",10,10,10,unknown,,,,,https://www.smobio.com/shop/product/pm2510-pm2510-excelbandtm-enhanced-3-color-regular-range-protein-marker-9-180-kda-250-l-x-2-257?category=10,SMOBIO_PM2510.pdf
SMOBIO,www.smobio.com,ExcelBand™ 3-color High Range Protein Marker (PM2600),PM2600,"Pre-stained, 3-color; reference bands 25 kDa (green) & 75 kDa (red)",1,10,12,blue,#2563eb,1,false,protein-smobio-excelbandtm-3-color-high-range-protein-marker-pm2600,https://www.smobio.com/shop/product/pm2600-pm2600-excelbandtm-3-color-high-range-protein-marker-9-245-kda-250-l-x-2-236?category=10,SMOBIO_PM2600.pdf
SMOBIO,www.smobio.com,ExcelBand™ 3-color High Range Protein Marker (PM2600),PM2600,"Pre-stained, 3-color; reference bands 25 kDa (green) & 75 kDa (red)",2,15,12,blue,#2563eb,1,false,protein-smobio-excelbandtm-3-color-high-range-protein-marker-pm2600,https://www.smobio.com/shop/product/pm2600-pm2600-excelbandtm-3-color-high-range-protein-marker-9-245-kda-250-l-x-2-236?category=10,SMOBIO_PM2600.pdf
SMOBIO,www.smobio.com,ExcelBand™ 3-color High Range Protein Marker (PM2600),PM2600,"Pre-stained, 3-color; reference bands 25 kDa (green) & 75 kDa (red)",3,20,12,blue,#2563eb,1,false,protein-smobio-excelbandtm-3-color-high-range-protein-marker-pm2600,https://www.smobio.com/shop/product/pm2600-pm2600-excelbandtm-3-color-high-range-protein-marker-9-245-kda-250-l-x-2-236?category=10,SMOBIO_PM2600.pdf
SMOBIO,www.smobio.com,ExcelBand™ 3-color High Range Protein Marker (PM2600),PM2600,"Pre-stained, 3-color; reference bands 25 kDa (green) & 75 kDa (red)",4,25,12,green,#16a34a,1.55,true,protein-smobio-excelbandtm-3-color-high-range-protein-marker-pm2600,https://www.smobio.com/shop/product/pm2600-pm2600-excelbandtm-3-color-high-range-protein-marker-9-245-kda-250-l-x-2-236?category=10,SMOBIO_PM2600.pdf
SMOBIO,www.smobio.com,ExcelBand™ 3-color High Range Protein Marker (PM2600),PM2600,"Pre-stained, 3-color; reference bands 25 kDa (green) & 75 kDa (red)",5,35,12,blue,#2563eb,1,false,protein-smobio-excelbandtm-3-color-high-range-protein-marker-pm2600,https://www.smobio.com/shop/product/pm2600-pm2600-excelbandtm-3-color-high-range-protein-marker-9-245-kda-250-l-x-2-236?category=10,SMOBIO_PM2600.pdf
SMOBIO,www.smobio.com,ExcelBand™ 3-color High Range Protein Marker (PM2600),PM2600,"Pre-stained, 3-color; reference bands 25 kDa (green) & 75 kDa (red)",6,45,12,blue,#2563eb,1,false,protein-smobio-excelbandtm-3-color-high-range-protein-marker-pm2600,https://www.smobio.com/shop/product/pm2600-pm2600-excelbandtm-3-color-high-range-protein-marker-9-245-kda-250-l-x-2-236?category=10,SMOBIO_PM2600.pdf
SMOBIO,www.smobio.com,ExcelBand™ 3-color High Range Protein Marker (PM2600),PM2600,"Pre-stained, 3-color; reference bands 25 kDa (green) & 75 kDa (red)",7,60,12,blue,#2563eb,1,false,protein-smobio-excelbandtm-3-color-high-range-protein-marker-pm2600,https://www.smobio.com/shop/product/pm2600-pm2600-excelbandtm-3-color-high-range-protein-marker-9-245-kda-250-l-x-2-236?category=10,SMOBIO_PM2600.pdf
SMOBIO,www.smobio.com,ExcelBand™ 3-color High Range Protein Marker (PM2600),PM2600,"Pre-stained, 3-color; reference bands 25 kDa (green) & 75 kDa (red)",8,75,12,red,#dc2626,1.55,true,protein-smobio-excelbandtm-3-color-high-range-protein-marker-pm2600,https://www.smobio.com/shop/product/pm2600-pm2600-excelbandtm-3-color-high-range-protein-marker-9-245-kda-250-l-x-2-236?category=10,SMOBIO_PM2600.pdf
SMOBIO,www.smobio.com,ExcelBand™ 3-color High Range Protein Marker (PM2600),PM2600,"Pre-stained, 3-color; reference bands 25 kDa (green) & 75 kDa (red)",9,100,12,blue,#2563eb,1,false,protein-smobio-excelbandtm-3-color-high-range-protein-marker-pm2600,https://www.smobio.com/shop/product/pm2600-pm2600-excelbandtm-3-color-high-range-protein-marker-9-245-kda-250-l-x-2-236?category=10,SMOBIO_PM2600.pdf
SMOBIO,www.smobio.com,ExcelBand™ 3-color High Range Protein Marker (PM2600),PM2600,"Pre-stained, 3-color; reference bands 25 kDa (green) & 75 kDa (red)",10,140,12,blue,#2563eb,1,false,protein-smobio-excelbandtm-3-color-high-range-protein-marker-pm2600,https://www.smobio.com/shop/product/pm2600-pm2600-excelbandtm-3-color-high-range-protein-marker-9-245-kda-250-l-x-2-236?category=10,SMOBIO_PM2600.pdf
SMOBIO,www.smobio.com,ExcelBand™ 3-color High Range Protein Marker (PM2600),PM2600,"Pre-stained, 3-color; reference bands 25 kDa (green) & 75 kDa (red)",11,180,12,blue,#2563eb,1,false,protein-smobio-excelbandtm-3-color-high-range-protein-marker-pm2600,https://www.smobio.com/shop/product/pm2600-pm2600-excelbandtm-3-color-high-range-protein-marker-9-245-kda-250-l-x-2-236?category=10,SMOBIO_PM2600.pdf
SMOBIO,www.smobio.com,ExcelBand™ 3-color High Range Protein Marker (PM2600),PM2600,"Pre-stained, 3-color; reference bands 25 kDa (green) & 75 kDa (red)",12,245,12,blue,#2563eb,1,false,protein-smobio-excelbandtm-3-color-high-range-protein-marker-pm2600,https://www.smobio.com/shop/product/pm2600-pm2600-excelbandtm-3-color-high-range-protein-marker-9-245-kda-250-l-x-2-236?category=10,SMOBIO_PM2600.pdf
SMOBIO,www.smobio.com,ExcelBand™ Enhanced 3-color High Range Protein Marker (PM2610),PM2610 (also PM2611),"Pre-stained, enhanced 3-color",1,245,12,unknown,,,,,https://www.smobio.com/shop/product/pm2610-pm2610-excelbandtm-enhanced-3-color-high-range-protein-marker-9-245-kda-250-l-x-2-254?category=10,SMOBIO_PM2610.pdf
SMOBIO,www.smobio.com,ExcelBand™ Enhanced 3-color High Range Protein Marker (PM2610),PM2610 (also PM2611),"Pre-stained, enhanced 3-color",2,180,12,unknown,,,,,https://www.smobio.com/shop/product/pm2610-pm2610-excelbandtm-enhanced-3-color-high-range-protein-marker-9-245-kda-250-l-x-2-254?category=10,SMOBIO_PM2610.pdf
SMOBIO,www.smobio.com,ExcelBand™ Enhanced 3-color High Range Protein Marker (PM2610),PM2610 (also PM2611),"Pre-stained, enhanced 3-color",3,140,12,unknown,,,,,https://www.smobio.com/shop/product/pm2610-pm2610-excelbandtm-enhanced-3-color-high-range-protein-marker-9-245-kda-250-l-x-2-254?category=10,SMOBIO_PM2610.pdf
SMOBIO,www.smobio.com,ExcelBand™ Enhanced 3-color High Range Protein Marker (PM2610),PM2610 (also PM2611),"Pre-stained, enhanced 3-color",4,100,12,unknown,,,,,https://www.smobio.com/shop/product/pm2610-pm2610-excelbandtm-enhanced-3-color-high-range-protein-marker-9-245-kda-250-l-x-2-254?category=10,SMOBIO_PM2610.pdf
SMOBIO,www.smobio.com,ExcelBand™ Enhanced 3-color High Range Protein Marker (PM2610),PM2610 (also PM2611),"Pre-stained, enhanced 3-color",5,75,12,unknown,,,,,https://www.smobio.com/shop/product/pm2610-pm2610-excelbandtm-enhanced-3-color-high-range-protein-marker-9-245-kda-250-l-x-2-254?category=10,SMOBIO_PM2610.pdf
SMOBIO,www.smobio.com,ExcelBand™ Enhanced 3-color High Range Protein Marker (PM2610),PM2610 (also PM2611),"Pre-stained, enhanced 3-color",6,60,12,unknown,,,,,https://www.smobio.com/shop/product/pm2610-pm2610-excelbandtm-enhanced-3-color-high-range-protein-marker-9-245-kda-250-l-x-2-254?category=10,SMOBIO_PM2610.pdf
SMOBIO,www.smobio.com,ExcelBand™ Enhanced 3-color High Range Protein Marker (PM2610),PM2610 (also PM2611),"Pre-stained, enhanced 3-color",7,45,12,unknown,,,,,https://www.smobio.com/shop/product/pm2610-pm2610-excelbandtm-enhanced-3-color-high-range-protein-marker-9-245-kda-250-l-x-2-254?category=10,SMOBIO_PM2610.pdf
SMOBIO,www.smobio.com,ExcelBand™ Enhanced 3-color High Range Protein Marker (PM2610),PM2610 (also PM2611),"Pre-stained, enhanced 3-color",8,35,12,unknown,,,,,https://www.smobio.com/shop/product/pm2610-pm2610-excelbandtm-enhanced-3-color-high-range-protein-marker-9-245-kda-250-l-x-2-254?category=10,SMOBIO_PM2610.pdf
SMOBIO,www.smobio.com,ExcelBand™ Enhanced 3-color High Range Protein Marker (PM2610),PM2610 (also PM2611),"Pre-stained, enhanced 3-color",9,25,12,unknown,,,,,https://www.smobio.com/shop/product/pm2610-pm2610-excelbandtm-enhanced-3-color-high-range-protein-marker-9-245-kda-250-l-x-2-254?category=10,SMOBIO_PM2610.pdf
SMOBIO,www.smobio.com,ExcelBand™ Enhanced 3-color High Range Protein Marker (PM2610),PM2610 (also PM2611),"Pre-stained, enhanced 3-color",10,20,12,unknown,,,,,https://www.smobio.com/shop/product/pm2610-pm2610-excelbandtm-enhanced-3-color-high-range-protein-marker-9-245-kda-250-l-x-2-254?category=10,SMOBIO_PM2610.pdf
SMOBIO,www.smobio.com,ExcelBand™ Enhanced 3-color High Range Protein Marker (PM2610),PM2610 (also PM2611),"Pre-stained, enhanced 3-color",11,15,12,unknown,,,,,https://www.smobio.com/shop/product/pm2610-pm2610-excelbandtm-enhanced-3-color-high-range-protein-marker-9-245-kda-250-l-x-2-254?category=10,SMOBIO_PM2610.pdf
SMOBIO,www.smobio.com,ExcelBand™ Enhanced 3-color High Range Protein Marker (PM2610),PM2610 (also PM2611),"Pre-stained, enhanced 3-color",12,10,12,unknown,,,,,https://www.smobio.com/shop/product/pm2610-pm2610-excelbandtm-enhanced-3-color-high-range-protein-marker-9-245-kda-250-l-x-2-254?category=10,SMOBIO_PM2610.pdf
SMOBIO,www.smobio.com,ExcelBand™ 3-color Broad Range Protein Marker (PM2700),PM2700,"Pre-stained, 3-color; reference bands 25 kDa (green) & 75 kDa (red)",1,5,13,blue,#2563eb,1,false,protein-smobio-excelbandtm-3-color-broad-range-protein-marker-pm2700,https://www.smobio.com/shop/product/pm2700-pm2700-excelbandtm-3-color-broad-range-protein-marker-3-5-245-kda-250-l-x-2-232?category=10,SMOBIO_PM2700.pdf
SMOBIO,www.smobio.com,ExcelBand™ 3-color Broad Range Protein Marker (PM2700),PM2700,"Pre-stained, 3-color; reference bands 25 kDa (green) & 75 kDa (red)",2,10,13,blue,#2563eb,1,false,protein-smobio-excelbandtm-3-color-broad-range-protein-marker-pm2700,https://www.smobio.com/shop/product/pm2700-pm2700-excelbandtm-3-color-broad-range-protein-marker-3-5-245-kda-250-l-x-2-232?category=10,SMOBIO_PM2700.pdf
SMOBIO,www.smobio.com,ExcelBand™ 3-color Broad Range Protein Marker (PM2700),PM2700,"Pre-stained, 3-color; reference bands 25 kDa (green) & 75 kDa (red)",3,15,13,blue,#2563eb,1,false,protein-smobio-excelbandtm-3-color-broad-range-protein-marker-pm2700,https://www.smobio.com/shop/product/pm2700-pm2700-excelbandtm-3-color-broad-range-protein-marker-3-5-245-kda-250-l-x-2-232?category=10,SMOBIO_PM2700.pdf
SMOBIO,www.smobio.com,ExcelBand™ 3-color Broad Range Protein Marker (PM2700),PM2700,"Pre-stained, 3-color; reference bands 25 kDa (green) & 75 kDa (red)",4,20,13,blue,#2563eb,1,false,protein-smobio-excelbandtm-3-color-broad-range-protein-marker-pm2700,https://www.smobio.com/shop/product/pm2700-pm2700-excelbandtm-3-color-broad-range-protein-marker-3-5-245-kda-250-l-x-2-232?category=10,SMOBIO_PM2700.pdf
SMOBIO,www.smobio.com,ExcelBand™ 3-color Broad Range Protein Marker (PM2700),PM2700,"Pre-stained, 3-color; reference bands 25 kDa (green) & 75 kDa (red)",5,25,13,green,#16a34a,1.55,true,protein-smobio-excelbandtm-3-color-broad-range-protein-marker-pm2700,https://www.smobio.com/shop/product/pm2700-pm2700-excelbandtm-3-color-broad-range-protein-marker-3-5-245-kda-250-l-x-2-232?category=10,SMOBIO_PM2700.pdf
SMOBIO,www.smobio.com,ExcelBand™ 3-color Broad Range Protein Marker (PM2700),PM2700,"Pre-stained, 3-color; reference bands 25 kDa (green) & 75 kDa (red)",6,35,13,blue,#2563eb,1,false,protein-smobio-excelbandtm-3-color-broad-range-protein-marker-pm2700,https://www.smobio.com/shop/product/pm2700-pm2700-excelbandtm-3-color-broad-range-protein-marker-3-5-245-kda-250-l-x-2-232?category=10,SMOBIO_PM2700.pdf
SMOBIO,www.smobio.com,ExcelBand™ 3-color Broad Range Protein Marker (PM2700),PM2700,"Pre-stained, 3-color; reference bands 25 kDa (green) & 75 kDa (red)",7,45,13,blue,#2563eb,1,false,protein-smobio-excelbandtm-3-color-broad-range-protein-marker-pm2700,https://www.smobio.com/shop/product/pm2700-pm2700-excelbandtm-3-color-broad-range-protein-marker-3-5-245-kda-250-l-x-2-232?category=10,SMOBIO_PM2700.pdf
SMOBIO,www.smobio.com,ExcelBand™ 3-color Broad Range Protein Marker (PM2700),PM2700,"Pre-stained, 3-color; reference bands 25 kDa (green) & 75 kDa (red)",8,60,13,blue,#2563eb,1,false,protein-smobio-excelbandtm-3-color-broad-range-protein-marker-pm2700,https://www.smobio.com/shop/product/pm2700-pm2700-excelbandtm-3-color-broad-range-protein-marker-3-5-245-kda-250-l-x-2-232?category=10,SMOBIO_PM2700.pdf
SMOBIO,www.smobio.com,ExcelBand™ 3-color Broad Range Protein Marker (PM2700),PM2700,"Pre-stained, 3-color; reference bands 25 kDa (green) & 75 kDa (red)",9,75,13,red,#dc2626,1.55,true,protein-smobio-excelbandtm-3-color-broad-range-protein-marker-pm2700,https://www.smobio.com/shop/product/pm2700-pm2700-excelbandtm-3-color-broad-range-protein-marker-3-5-245-kda-250-l-x-2-232?category=10,SMOBIO_PM2700.pdf
SMOBIO,www.smobio.com,ExcelBand™ 3-color Broad Range Protein Marker (PM2700),PM2700,"Pre-stained, 3-color; reference bands 25 kDa (green) & 75 kDa (red)",10,100,13,blue,#2563eb,1,false,protein-smobio-excelbandtm-3-color-broad-range-protein-marker-pm2700,https://www.smobio.com/shop/product/pm2700-pm2700-excelbandtm-3-color-broad-range-protein-marker-3-5-245-kda-250-l-x-2-232?category=10,SMOBIO_PM2700.pdf
SMOBIO,www.smobio.com,ExcelBand™ 3-color Broad Range Protein Marker (PM2700),PM2700,"Pre-stained, 3-color; reference bands 25 kDa (green) & 75 kDa (red)",11,140,13,blue,#2563eb,1,false,protein-smobio-excelbandtm-3-color-broad-range-protein-marker-pm2700,https://www.smobio.com/shop/product/pm2700-pm2700-excelbandtm-3-color-broad-range-protein-marker-3-5-245-kda-250-l-x-2-232?category=10,SMOBIO_PM2700.pdf
SMOBIO,www.smobio.com,ExcelBand™ 3-color Broad Range Protein Marker (PM2700),PM2700,"Pre-stained, 3-color; reference bands 25 kDa (green) & 75 kDa (red)",12,180,13,blue,#2563eb,1,false,protein-smobio-excelbandtm-3-color-broad-range-protein-marker-pm2700,https://www.smobio.com/shop/product/pm2700-pm2700-excelbandtm-3-color-broad-range-protein-marker-3-5-245-kda-250-l-x-2-232?category=10,SMOBIO_PM2700.pdf
SMOBIO,www.smobio.com,ExcelBand™ 3-color Broad Range Protein Marker (PM2700),PM2700,"Pre-stained, 3-color; reference bands 25 kDa (green) & 75 kDa (red)",13,245,13,blue,#2563eb,1,false,protein-smobio-excelbandtm-3-color-broad-range-protein-marker-pm2700,https://www.smobio.com/shop/product/pm2700-pm2700-excelbandtm-3-color-broad-range-protein-marker-3-5-245-kda-250-l-x-2-232?category=10,SMOBIO_PM2700.pdf
SMOBIO,www.smobio.com,ExcelBand™ 3-color Extra Range Protein Marker (PM2800),PM2800,"Pre-stained, 3-color; reference bands 25 kDa (green), 75 kDa & 310 kDa (red)",1,10,13,blue,#2563eb,1,false,protein-smobio-excelbandtm-3-color-extra-range-protein-marker-pm2800,https://www.smobio.com/shop/product/pm2800-pm2800-excelbandtm-3-color-extra-range-protein-marker-10-310-kda-250-l-x-2-234?category=10,SMOBIO_PM2800.pdf
SMOBIO,www.smobio.com,ExcelBand™ 3-color Extra Range Protein Marker (PM2800),PM2800,"Pre-stained, 3-color; reference bands 25 kDa (green), 75 kDa & 310 kDa (red)",2,15,13,blue,#2563eb,1,false,protein-smobio-excelbandtm-3-color-extra-range-protein-marker-pm2800,https://www.smobio.com/shop/product/pm2800-pm2800-excelbandtm-3-color-extra-range-protein-marker-10-310-kda-250-l-x-2-234?category=10,SMOBIO_PM2800.pdf
SMOBIO,www.smobio.com,ExcelBand™ 3-color Extra Range Protein Marker (PM2800),PM2800,"Pre-stained, 3-color; reference bands 25 kDa (green), 75 kDa & 310 kDa (red)",3,20,13,blue,#2563eb,1,false,protein-smobio-excelbandtm-3-color-extra-range-protein-marker-pm2800,https://www.smobio.com/shop/product/pm2800-pm2800-excelbandtm-3-color-extra-range-protein-marker-10-310-kda-250-l-x-2-234?category=10,SMOBIO_PM2800.pdf
SMOBIO,www.smobio.com,ExcelBand™ 3-color Extra Range Protein Marker (PM2800),PM2800,"Pre-stained, 3-color; reference bands 25 kDa (green), 75 kDa & 310 kDa (red)",4,25,13,green,#16a34a,1.55,true,protein-smobio-excelbandtm-3-color-extra-range-protein-marker-pm2800,https://www.smobio.com/shop/product/pm2800-pm2800-excelbandtm-3-color-extra-range-protein-marker-10-310-kda-250-l-x-2-234?category=10,SMOBIO_PM2800.pdf
SMOBIO,www.smobio.com,ExcelBand™ 3-color Extra Range Protein Marker (PM2800),PM2800,"Pre-stained, 3-color; reference bands 25 kDa (green), 75 kDa & 310 kDa (red)",5,35,13,blue,#2563eb,1,false,protein-smobio-excelbandtm-3-color-extra-range-protein-marker-pm2800,https://www.smobio.com/shop/product/pm2800-pm2800-excelbandtm-3-color-extra-range-protein-marker-10-310-kda-250-l-x-2-234?category=10,SMOBIO_PM2800.pdf
SMOBIO,www.smobio.com,ExcelBand™ 3-color Extra Range Protein Marker (PM2800),PM2800,"Pre-stained, 3-color; reference bands 25 kDa (green), 75 kDa & 310 kDa (red)",6,45,13,blue,#2563eb,1,false,protein-smobio-excelbandtm-3-color-extra-range-protein-marker-pm2800,https://www.smobio.com/shop/product/pm2800-pm2800-excelbandtm-3-color-extra-range-protein-marker-10-310-kda-250-l-x-2-234?category=10,SMOBIO_PM2800.pdf
SMOBIO,www.smobio.com,ExcelBand™ 3-color Extra Range Protein Marker (PM2800),PM2800,"Pre-stained, 3-color; reference bands 25 kDa (green), 75 kDa & 310 kDa (red)",7,60,13,blue,#2563eb,1,false,protein-smobio-excelbandtm-3-color-extra-range-protein-marker-pm2800,https://www.smobio.com/shop/product/pm2800-pm2800-excelbandtm-3-color-extra-range-protein-marker-10-310-kda-250-l-x-2-234?category=10,SMOBIO_PM2800.pdf
SMOBIO,www.smobio.com,ExcelBand™ 3-color Extra Range Protein Marker (PM2800),PM2800,"Pre-stained, 3-color; reference bands 25 kDa (green), 75 kDa & 310 kDa (red)",8,75,13,blue,#2563eb,1,false,protein-smobio-excelbandtm-3-color-extra-range-protein-marker-pm2800,https://www.smobio.com/shop/product/pm2800-pm2800-excelbandtm-3-color-extra-range-protein-marker-10-310-kda-250-l-x-2-234?category=10,SMOBIO_PM2800.pdf
SMOBIO,www.smobio.com,ExcelBand™ 3-color Extra Range Protein Marker (PM2800),PM2800,"Pre-stained, 3-color; reference bands 25 kDa (green), 75 kDa & 310 kDa (red)",9,100,13,blue,#2563eb,1,false,protein-smobio-excelbandtm-3-color-extra-range-protein-marker-pm2800,https://www.smobio.com/shop/product/pm2800-pm2800-excelbandtm-3-color-extra-range-protein-marker-10-310-kda-250-l-x-2-234?category=10,SMOBIO_PM2800.pdf
SMOBIO,www.smobio.com,ExcelBand™ 3-color Extra Range Protein Marker (PM2800),PM2800,"Pre-stained, 3-color; reference bands 25 kDa (green), 75 kDa & 310 kDa (red)",10,140,13,blue,#2563eb,1,false,protein-smobio-excelbandtm-3-color-extra-range-protein-marker-pm2800,https://www.smobio.com/shop/product/pm2800-pm2800-excelbandtm-3-color-extra-range-protein-marker-10-310-kda-250-l-x-2-234?category=10,SMOBIO_PM2800.pdf
SMOBIO,www.smobio.com,ExcelBand™ 3-color Extra Range Protein Marker (PM2800),PM2800,"Pre-stained, 3-color; reference bands 25 kDa (green), 75 kDa & 310 kDa (red)",11,180,13,blue,#2563eb,1,false,protein-smobio-excelbandtm-3-color-extra-range-protein-marker-pm2800,https://www.smobio.com/shop/product/pm2800-pm2800-excelbandtm-3-color-extra-range-protein-marker-10-310-kda-250-l-x-2-234?category=10,SMOBIO_PM2800.pdf
SMOBIO,www.smobio.com,ExcelBand™ 3-color Extra Range Protein Marker (PM2800),PM2800,"Pre-stained, 3-color; reference bands 25 kDa (green), 75 kDa & 310 kDa (red)",12,245,13,blue,#2563eb,1,false,protein-smobio-excelbandtm-3-color-extra-range-protein-marker-pm2800,https://www.smobio.com/shop/product/pm2800-pm2800-excelbandtm-3-color-extra-range-protein-marker-10-310-kda-250-l-x-2-234?category=10,SMOBIO_PM2800.pdf
SMOBIO,www.smobio.com,ExcelBand™ 3-color Extra Range Protein Marker (PM2800),PM2800,"Pre-stained, 3-color; reference bands 25 kDa (green), 75 kDa & 310 kDa (red)",13,310,13,red,#dc2626,1.55,true,protein-smobio-excelbandtm-3-color-extra-range-protein-marker-pm2800,https://www.smobio.com/shop/product/pm2800-pm2800-excelbandtm-3-color-extra-range-protein-marker-10-310-kda-250-l-x-2-234?category=10,SMOBIO_PM2800.pdf
SMOBIO,www.smobio.com,"ExcelBand™ 3-color Pre-Stained Protein Ladder, Regular Range (PM5000)",PM5000,"Pre-stained, 3-color ladder",1,10,12,unknown,,,,,https://www.smobio.com/shop/product/pm5000-pm5000-excelbandtm-3-color-pre-stained-protein-ladder-regular-range-9-180-kda-250-l-x-2-242?category=10,SMOBIO_PM5000.pdf
SMOBIO,www.smobio.com,"ExcelBand™ 3-color Pre-Stained Protein Ladder, Regular Range (PM5000)",PM5000,"Pre-stained, 3-color ladder",2,15,12,unknown,,,,,https://www.smobio.com/shop/product/pm5000-pm5000-excelbandtm-3-color-pre-stained-protein-ladder-regular-range-9-180-kda-250-l-x-2-242?category=10,SMOBIO_PM5000.pdf
SMOBIO,www.smobio.com,"ExcelBand™ 3-color Pre-Stained Protein Ladder, Regular Range (PM5000)",PM5000,"Pre-stained, 3-color ladder",3,20,12,unknown,,,,,https://www.smobio.com/shop/product/pm5000-pm5000-excelbandtm-3-color-pre-stained-protein-ladder-regular-range-9-180-kda-250-l-x-2-242?category=10,SMOBIO_PM5000.pdf
SMOBIO,www.smobio.com,"ExcelBand™ 3-color Pre-Stained Protein Ladder, Regular Range (PM5000)",PM5000,"Pre-stained, 3-color ladder",4,25,12,unknown,,,,,https://www.smobio.com/shop/product/pm5000-pm5000-excelbandtm-3-color-pre-stained-protein-ladder-regular-range-9-180-kda-250-l-x-2-242?category=10,SMOBIO_PM5000.pdf
SMOBIO,www.smobio.com,"ExcelBand™ 3-color Pre-Stained Protein Ladder, Regular Range (PM5000)",PM5000,"Pre-stained, 3-color ladder",5,30,12,unknown,,,,,https://www.smobio.com/shop/product/pm5000-pm5000-excelbandtm-3-color-pre-stained-protein-ladder-regular-range-9-180-kda-250-l-x-2-242?category=10,SMOBIO_PM5000.pdf
SMOBIO,www.smobio.com,"ExcelBand™ 3-color Pre-Stained Protein Ladder, Regular Range (PM5000)",PM5000,"Pre-stained, 3-color ladder",6,40,12,unknown,,,,,https://www.smobio.com/shop/product/pm5000-pm5000-excelbandtm-3-color-pre-stained-protein-ladder-regular-range-9-180-kda-250-l-x-2-242?category=10,SMOBIO_PM5000.pdf
SMOBIO,www.smobio.com,"ExcelBand™ 3-color Pre-Stained Protein Ladder, Regular Range (PM5000)",PM5000,"Pre-stained, 3-color ladder",7,50,12,unknown,,,,,https://www.smobio.com/shop/product/pm5000-pm5000-excelbandtm-3-color-pre-stained-protein-ladder-regular-range-9-180-kda-250-l-x-2-242?category=10,SMOBIO_PM5000.pdf
SMOBIO,www.smobio.com,"ExcelBand™ 3-color Pre-Stained Protein Ladder, Regular Range (PM5000)",PM5000,"Pre-stained, 3-color ladder",8,60,12,unknown,,,,,https://www.smobio.com/shop/product/pm5000-pm5000-excelbandtm-3-color-pre-stained-protein-ladder-regular-range-9-180-kda-250-l-x-2-242?category=10,SMOBIO_PM5000.pdf
SMOBIO,www.smobio.com,"ExcelBand™ 3-color Pre-Stained Protein Ladder, Regular Range (PM5000)",PM5000,"Pre-stained, 3-color ladder",9,75,12,unknown,,,,,https://www.smobio.com/shop/product/pm5000-pm5000-excelbandtm-3-color-pre-stained-protein-ladder-regular-range-9-180-kda-250-l-x-2-242?category=10,SMOBIO_PM5000.pdf
SMOBIO,www.smobio.com,"ExcelBand™ 3-color Pre-Stained Protein Ladder, Regular Range (PM5000)",PM5000,"Pre-stained, 3-color ladder",10,100,12,unknown,,,,,https://www.smobio.com/shop/product/pm5000-pm5000-excelbandtm-3-color-pre-stained-protein-ladder-regular-range-9-180-kda-250-l-x-2-242?category=10,SMOBIO_PM5000.pdf
SMOBIO,www.smobio.com,"ExcelBand™ 3-color Pre-Stained Protein Ladder, Regular Range (PM5000)",PM5000,"Pre-stained, 3-color ladder",11,140,12,unknown,,,,,https://www.smobio.com/shop/product/pm5000-pm5000-excelbandtm-3-color-pre-stained-protein-ladder-regular-range-9-180-kda-250-l-x-2-242?category=10,SMOBIO_PM5000.pdf
SMOBIO,www.smobio.com,"ExcelBand™ 3-color Pre-Stained Protein Ladder, Regular Range (PM5000)",PM5000,"Pre-stained, 3-color ladder",12,180,12,unknown,,,,,https://www.smobio.com/shop/product/pm5000-pm5000-excelbandtm-3-color-pre-stained-protein-ladder-regular-range-9-180-kda-250-l-x-2-242?category=10,SMOBIO_PM5000.pdf
SMOBIO,www.smobio.com,"ExcelBand™ 3-color Pre-Stained Protein Ladder, High Range (PM5100)",PM5100,"Pre-stained, 3-color ladder",1,10,13,unknown,,,,,https://www.smobio.com/shop/product/pm5100-pm5100-excelbandtm-3-color-pre-stained-protein-ladder-high-range-9-245-kda-250-l-x-2-241?category=10,SMOBIO_PM5100.pdf
SMOBIO,www.smobio.com,"ExcelBand™ 3-color Pre-Stained Protein Ladder, High Range (PM5100)",PM5100,"Pre-stained, 3-color ladder",2,15,13,unknown,,,,,https://www.smobio.com/shop/product/pm5100-pm5100-excelbandtm-3-color-pre-stained-protein-ladder-high-range-9-245-kda-250-l-x-2-241?category=10,SMOBIO_PM5100.pdf
SMOBIO,www.smobio.com,"ExcelBand™ 3-color Pre-Stained Protein Ladder, High Range (PM5100)",PM5100,"Pre-stained, 3-color ladder",3,20,13,unknown,,,,,https://www.smobio.com/shop/product/pm5100-pm5100-excelbandtm-3-color-pre-stained-protein-ladder-high-range-9-245-kda-250-l-x-2-241?category=10,SMOBIO_PM5100.pdf
SMOBIO,www.smobio.com,"ExcelBand™ 3-color Pre-Stained Protein Ladder, High Range (PM5100)",PM5100,"Pre-stained, 3-color ladder",4,25,13,unknown,,,,,https://www.smobio.com/shop/product/pm5100-pm5100-excelbandtm-3-color-pre-stained-protein-ladder-high-range-9-245-kda-250-l-x-2-241?category=10,SMOBIO_PM5100.pdf
SMOBIO,www.smobio.com,"ExcelBand™ 3-color Pre-Stained Protein Ladder, High Range (PM5100)",PM5100,"Pre-stained, 3-color ladder",5,30,13,unknown,,,,,https://www.smobio.com/shop/product/pm5100-pm5100-excelbandtm-3-color-pre-stained-protein-ladder-high-range-9-245-kda-250-l-x-2-241?category=10,SMOBIO_PM5100.pdf
SMOBIO,www.smobio.com,"ExcelBand™ 3-color Pre-Stained Protein Ladder, High Range (PM5100)",PM5100,"Pre-stained, 3-color ladder",6,40,13,unknown,,,,,https://www.smobio.com/shop/product/pm5100-pm5100-excelbandtm-3-color-pre-stained-protein-ladder-high-range-9-245-kda-250-l-x-2-241?category=10,SMOBIO_PM5100.pdf
SMOBIO,www.smobio.com,"ExcelBand™ 3-color Pre-Stained Protein Ladder, High Range (PM5100)",PM5100,"Pre-stained, 3-color ladder",7,50,13,unknown,,,,,https://www.smobio.com/shop/product/pm5100-pm5100-excelbandtm-3-color-pre-stained-protein-ladder-high-range-9-245-kda-250-l-x-2-241?category=10,SMOBIO_PM5100.pdf
SMOBIO,www.smobio.com,"ExcelBand™ 3-color Pre-Stained Protein Ladder, High Range (PM5100)",PM5100,"Pre-stained, 3-color ladder",8,60,13,unknown,,,,,https://www.smobio.com/shop/product/pm5100-pm5100-excelbandtm-3-color-pre-stained-protein-ladder-high-range-9-245-kda-250-l-x-2-241?category=10,SMOBIO_PM5100.pdf
SMOBIO,www.smobio.com,"ExcelBand™ 3-color Pre-Stained Protein Ladder, High Range (PM5100)",PM5100,"Pre-stained, 3-color ladder",9,75,13,unknown,,,,,https://www.smobio.com/shop/product/pm5100-pm5100-excelbandtm-3-color-pre-stained-protein-ladder-high-range-9-245-kda-250-l-x-2-241?category=10,SMOBIO_PM5100.pdf
SMOBIO,www.smobio.com,"ExcelBand™ 3-color Pre-Stained Protein Ladder, High Range (PM5100)",PM5100,"Pre-stained, 3-color ladder",10,100,13,unknown,,,,,https://www.smobio.com/shop/product/pm5100-pm5100-excelbandtm-3-color-pre-stained-protein-ladder-high-range-9-245-kda-250-l-x-2-241?category=10,SMOBIO_PM5100.pdf
SMOBIO,www.smobio.com,"ExcelBand™ 3-color Pre-Stained Protein Ladder, High Range (PM5100)",PM5100,"Pre-stained, 3-color ladder",11,140,13,unknown,,,,,https://www.smobio.com/shop/product/pm5100-pm5100-excelbandtm-3-color-pre-stained-protein-ladder-high-range-9-245-kda-250-l-x-2-241?category=10,SMOBIO_PM5100.pdf
SMOBIO,www.smobio.com,"ExcelBand™ 3-color Pre-Stained Protein Ladder, High Range (PM5100)",PM5100,"Pre-stained, 3-color ladder",12,180,13,unknown,,,,,https://www.smobio.com/shop/product/pm5100-pm5100-excelbandtm-3-color-pre-stained-protein-ladder-high-range-9-245-kda-250-l-x-2-241?category=10,SMOBIO_PM5100.pdf
SMOBIO,www.smobio.com,"ExcelBand™ 3-color Pre-Stained Protein Ladder, High Range (PM5100)",PM5100,"Pre-stained, 3-color ladder",13,245,13,unknown,,,,,https://www.smobio.com/shop/product/pm5100-pm5100-excelbandtm-3-color-pre-stained-protein-ladder-high-range-9-245-kda-250-l-x-2-241?category=10,SMOBIO_PM5100.pdf
SMOBIO,www.smobio.com,"ExcelBand™ 3-color Pre-Stained Protein Ladder, Broad Range (PM5200)",PM5200,"Pre-stained, 3-color ladder; reference bands 40 kDa (green) & 75 kDa (red)",1,5,15,blue,#2563eb,1,false,protein-smobio-excelbandtm-3-color-pre-stained-protein-ladder-broad-range-pm5200,https://www.smobio.com/shop/product/pm5200-pm5200-excelbandtm-3-color-pre-stained-protein-ladder-broad-range-3-5-245-kda-250-l-x-2-238?category=10,SMOBIO_PM5200.pdf
SMOBIO,www.smobio.com,"ExcelBand™ 3-color Pre-Stained Protein Ladder, Broad Range (PM5200)",PM5200,"Pre-stained, 3-color ladder; reference bands 40 kDa (green) & 75 kDa (red)",2,10,15,blue,#2563eb,1,false,protein-smobio-excelbandtm-3-color-pre-stained-protein-ladder-broad-range-pm5200,https://www.smobio.com/shop/product/pm5200-pm5200-excelbandtm-3-color-pre-stained-protein-ladder-broad-range-3-5-245-kda-250-l-x-2-238?category=10,SMOBIO_PM5200.pdf
SMOBIO,www.smobio.com,"ExcelBand™ 3-color Pre-Stained Protein Ladder, Broad Range (PM5200)",PM5200,"Pre-stained, 3-color ladder; reference bands 40 kDa (green) & 75 kDa (red)",3,15,15,blue,#2563eb,1,false,protein-smobio-excelbandtm-3-color-pre-stained-protein-ladder-broad-range-pm5200,https://www.smobio.com/shop/product/pm5200-pm5200-excelbandtm-3-color-pre-stained-protein-ladder-broad-range-3-5-245-kda-250-l-x-2-238?category=10,SMOBIO_PM5200.pdf
SMOBIO,www.smobio.com,"ExcelBand™ 3-color Pre-Stained Protein Ladder, Broad Range (PM5200)",PM5200,"Pre-stained, 3-color ladder; reference bands 40 kDa (green) & 75 kDa (red)",4,20,15,blue,#2563eb,1,false,protein-smobio-excelbandtm-3-color-pre-stained-protein-ladder-broad-range-pm5200,https://www.smobio.com/shop/product/pm5200-pm5200-excelbandtm-3-color-pre-stained-protein-ladder-broad-range-3-5-245-kda-250-l-x-2-238?category=10,SMOBIO_PM5200.pdf
SMOBIO,www.smobio.com,"ExcelBand™ 3-color Pre-Stained Protein Ladder, Broad Range (PM5200)",PM5200,"Pre-stained, 3-color ladder; reference bands 40 kDa (green) & 75 kDa (red)",5,25,15,blue,#2563eb,1,false,protein-smobio-excelbandtm-3-color-pre-stained-protein-ladder-broad-range-pm5200,https://www.smobio.com/shop/product/pm5200-pm5200-excelbandtm-3-color-pre-stained-protein-ladder-broad-range-3-5-245-kda-250-l-x-2-238?category=10,SMOBIO_PM5200.pdf
SMOBIO,www.smobio.com,"ExcelBand™ 3-color Pre-Stained Protein Ladder, Broad Range (PM5200)",PM5200,"Pre-stained, 3-color ladder; reference bands 40 kDa (green) & 75 kDa (red)",6,30,15,blue,#2563eb,1,false,protein-smobio-excelbandtm-3-color-pre-stained-protein-ladder-broad-range-pm5200,https://www.smobio.com/shop/product/pm5200-pm5200-excelbandtm-3-color-pre-stained-protein-ladder-broad-range-3-5-245-kda-250-l-x-2-238?category=10,SMOBIO_PM5200.pdf
SMOBIO,www.smobio.com,"ExcelBand™ 3-color Pre-Stained Protein Ladder, Broad Range (PM5200)",PM5200,"Pre-stained, 3-color ladder; reference bands 40 kDa (green) & 75 kDa (red)",7,35,15,blue,#2563eb,1,false,protein-smobio-excelbandtm-3-color-pre-stained-protein-ladder-broad-range-pm5200,https://www.smobio.com/shop/product/pm5200-pm5200-excelbandtm-3-color-pre-stained-protein-ladder-broad-range-3-5-245-kda-250-l-x-2-238?category=10,SMOBIO_PM5200.pdf
SMOBIO,www.smobio.com,"ExcelBand™ 3-color Pre-Stained Protein Ladder, Broad Range (PM5200)",PM5200,"Pre-stained, 3-color ladder; reference bands 40 kDa (green) & 75 kDa (red)",8,40,15,green,#16a34a,1.55,true,protein-smobio-excelbandtm-3-color-pre-stained-protein-ladder-broad-range-pm5200,https://www.smobio.com/shop/product/pm5200-pm5200-excelbandtm-3-color-pre-stained-protein-ladder-broad-range-3-5-245-kda-250-l-x-2-238?category=10,SMOBIO_PM5200.pdf
SMOBIO,www.smobio.com,"ExcelBand™ 3-color Pre-Stained Protein Ladder, Broad Range (PM5200)",PM5200,"Pre-stained, 3-color ladder; reference bands 40 kDa (green) & 75 kDa (red)",9,50,15,blue,#2563eb,1,false,protein-smobio-excelbandtm-3-color-pre-stained-protein-ladder-broad-range-pm5200,https://www.smobio.com/shop/product/pm5200-pm5200-excelbandtm-3-color-pre-stained-protein-ladder-broad-range-3-5-245-kda-250-l-x-2-238?category=10,SMOBIO_PM5200.pdf
SMOBIO,www.smobio.com,"ExcelBand™ 3-color Pre-Stained Protein Ladder, Broad Range (PM5200)",PM5200,"Pre-stained, 3-color ladder; reference bands 40 kDa (green) & 75 kDa (red)",10,60,15,blue,#2563eb,1,false,protein-smobio-excelbandtm-3-color-pre-stained-protein-ladder-broad-range-pm5200,https://www.smobio.com/shop/product/pm5200-pm5200-excelbandtm-3-color-pre-stained-protein-ladder-broad-range-3-5-245-kda-250-l-x-2-238?category=10,SMOBIO_PM5200.pdf
SMOBIO,www.smobio.com,"ExcelBand™ 3-color Pre-Stained Protein Ladder, Broad Range (PM5200)",PM5200,"Pre-stained, 3-color ladder; reference bands 40 kDa (green) & 75 kDa (red)",11,75,15,red,#dc2626,1.55,true,protein-smobio-excelbandtm-3-color-pre-stained-protein-ladder-broad-range-pm5200,https://www.smobio.com/shop/product/pm5200-pm5200-excelbandtm-3-color-pre-stained-protein-ladder-broad-range-3-5-245-kda-250-l-x-2-238?category=10,SMOBIO_PM5200.pdf
SMOBIO,www.smobio.com,"ExcelBand™ 3-color Pre-Stained Protein Ladder, Broad Range (PM5200)",PM5200,"Pre-stained, 3-color ladder; reference bands 40 kDa (green) & 75 kDa (red)",12,100,15,blue,#2563eb,1,false,protein-smobio-excelbandtm-3-color-pre-stained-protein-ladder-broad-range-pm5200,https://www.smobio.com/shop/product/pm5200-pm5200-excelbandtm-3-color-pre-stained-protein-ladder-broad-range-3-5-245-kda-250-l-x-2-238?category=10,SMOBIO_PM5200.pdf
SMOBIO,www.smobio.com,"ExcelBand™ 3-color Pre-Stained Protein Ladder, Broad Range (PM5200)",PM5200,"Pre-stained, 3-color ladder; reference bands 40 kDa (green) & 75 kDa (red)",13,140,15,blue,#2563eb,1,false,protein-smobio-excelbandtm-3-color-pre-stained-protein-ladder-broad-range-pm5200,https://www.smobio.com/shop/product/pm5200-pm5200-excelbandtm-3-color-pre-stained-protein-ladder-broad-range-3-5-245-kda-250-l-x-2-238?category=10,SMOBIO_PM5200.pdf
SMOBIO,www.smobio.com,"ExcelBand™ 3-color Pre-Stained Protein Ladder, Broad Range (PM5200)",PM5200,"Pre-stained, 3-color ladder; reference bands 40 kDa (green) & 75 kDa (red)",14,180,15,blue,#2563eb,1,false,protein-smobio-excelbandtm-3-color-pre-stained-protein-ladder-broad-range-pm5200,https://www.smobio.com/shop/product/pm5200-pm5200-excelbandtm-3-color-pre-stained-protein-ladder-broad-range-3-5-245-kda-250-l-x-2-238?category=10,SMOBIO_PM5200.pdf
SMOBIO,www.smobio.com,"ExcelBand™ 3-color Pre-Stained Protein Ladder, Broad Range (PM5200)",PM5200,"Pre-stained, 3-color ladder; reference bands 40 kDa (green) & 75 kDa (red)",15,245,15,blue,#2563eb,1,false,protein-smobio-excelbandtm-3-color-pre-stained-protein-ladder-broad-range-pm5200,https://www.smobio.com/shop/product/pm5200-pm5200-excelbandtm-3-color-pre-stained-protein-ladder-broad-range-3-5-245-kda-250-l-x-2-238?category=10,SMOBIO_PM5200.pdf
SMOBIO,www.smobio.com,ProMetric™ TriColor Low Range Protein Ladder (PM6628),PM6628,"Pre-stained, tricolor; reference bands 10 kDa (green) & 40 kDa (red). Optimized for Tris-Tricine gels (low-MW range).",1,2,6,unknown,,,,,https://www.smobio.com/shop/product/pm6628-pm6628-prometrictm-tricolor-low-range-protein-ladder-2-to-40-kda-250-l-483?category=10,SMOBIO_PM6628.pdf
SMOBIO,www.smobio.com,ProMetric™ TriColor Low Range Protein Ladder (PM6628),PM6628,"Pre-stained, tricolor; reference bands 10 kDa (green) & 40 kDa (red). Optimized for Tris-Tricine gels (low-MW range).",2,5,6,unknown,,,,,https://www.smobio.com/shop/product/pm6628-pm6628-prometrictm-tricolor-low-range-protein-ladder-2-to-40-kda-250-l-483?category=10,SMOBIO_PM6628.pdf
SMOBIO,www.smobio.com,ProMetric™ TriColor Low Range Protein Ladder (PM6628),PM6628,"Pre-stained, tricolor; reference bands 10 kDa (green) & 40 kDa (red). Optimized for Tris-Tricine gels (low-MW range).",3,10,6,unknown,,,,,https://www.smobio.com/shop/product/pm6628-pm6628-prometrictm-tricolor-low-range-protein-ladder-2-to-40-kda-250-l-483?category=10,SMOBIO_PM6628.pdf
SMOBIO,www.smobio.com,ProMetric™ TriColor Low Range Protein Ladder (PM6628),PM6628,"Pre-stained, tricolor; reference bands 10 kDa (green) & 40 kDa (red). Optimized for Tris-Tricine gels (low-MW range).",4,17,6,unknown,,,,,https://www.smobio.com/shop/product/pm6628-pm6628-prometrictm-tricolor-low-range-protein-ladder-2-to-40-kda-250-l-483?category=10,SMOBIO_PM6628.pdf
SMOBIO,www.smobio.com,ProMetric™ TriColor Low Range Protein Ladder (PM6628),PM6628,"Pre-stained, tricolor; reference bands 10 kDa (green) & 40 kDa (red). Optimized for Tris-Tricine gels (low-MW range).",5,25,6,unknown,,,,,https://www.smobio.com/shop/product/pm6628-pm6628-prometrictm-tricolor-low-range-protein-ladder-2-to-40-kda-250-l-483?category=10,SMOBIO_PM6628.pdf
SMOBIO,www.smobio.com,ProMetric™ TriColor Low Range Protein Ladder (PM6628),PM6628,"Pre-stained, tricolor; reference bands 10 kDa (green) & 40 kDa (red). Optimized for Tris-Tricine gels (low-MW range).",6,40,6,unknown,,,,,https://www.smobio.com/shop/product/pm6628-pm6628-prometrictm-tricolor-low-range-protein-ladder-2-to-40-kda-250-l-483?category=10,SMOBIO_PM6628.pdf
SMOBIO,www.smobio.com,YesBlot™ Western Marker I (WM1000),WM1000,Western blot marker (IgG-binding proteins for chemiluminescent/fluorescent detection) + 4 pre-stained bands. Reference bands 30 & 80 kDa.,1,10,8,unknown,,,,,https://www.smobio.com/shop/product/wm1000-wm1000-yesblottm-western-marker-i-250-l-401?category=10,SMOBIO_WM1000.pdf
SMOBIO,www.smobio.com,YesBlot™ Western Marker I (WM1000),WM1000,Western blot marker (IgG-binding proteins for chemiluminescent/fluorescent detection) + 4 pre-stained bands. Reference bands 30 & 80 kDa.,2,25,8,unknown,,,,,https://www.smobio.com/shop/product/wm1000-wm1000-yesblottm-western-marker-i-250-l-401?category=10,SMOBIO_WM1000.pdf
SMOBIO,www.smobio.com,YesBlot™ Western Marker I (WM1000),WM1000,Western blot marker (IgG-binding proteins for chemiluminescent/fluorescent detection) + 4 pre-stained bands. Reference bands 30 & 80 kDa.,3,45,8,unknown,,,,,https://www.smobio.com/shop/product/wm1000-wm1000-yesblottm-western-marker-i-250-l-401?category=10,SMOBIO_WM1000.pdf
SMOBIO,www.smobio.com,YesBlot™ Western Marker I (WM1000),WM1000,Western blot marker (IgG-binding proteins for chemiluminescent/fluorescent detection) + 4 pre-stained bands. Reference bands 30 & 80 kDa.,4,70,8,unknown,,,,,https://www.smobio.com/shop/product/wm1000-wm1000-yesblottm-western-marker-i-250-l-401?category=10,SMOBIO_WM1000.pdf
SMOBIO,www.smobio.com,YesBlot™ Western Marker I (WM1000),WM1000,Western blot marker (IgG-binding proteins for chemiluminescent/fluorescent detection) + 4 pre-stained bands. Reference bands 30 & 80 kDa.,5,15,8,unknown,,,,,https://www.smobio.com/shop/product/wm1000-wm1000-yesblottm-western-marker-i-250-l-401?category=10,SMOBIO_WM1000.pdf
SMOBIO,www.smobio.com,YesBlot™ Western Marker I (WM1000),WM1000,Western blot marker (IgG-binding proteins for chemiluminescent/fluorescent detection) + 4 pre-stained bands. Reference bands 30 & 80 kDa.,6,200,8,unknown,,,,,https://www.smobio.com/shop/product/wm1000-wm1000-yesblottm-western-marker-i-250-l-401?category=10,SMOBIO_WM1000.pdf
SMOBIO,www.smobio.com,YesBlot™ Western Marker I (WM1000),WM1000,Western blot marker (IgG-binding proteins for chemiluminescent/fluorescent detection) + 4 pre-stained bands. Reference bands 30 & 80 kDa.,7,30,8,unknown,,,,,https://www.smobio.com/shop/product/wm1000-wm1000-yesblottm-western-marker-i-250-l-401?category=10,SMOBIO_WM1000.pdf
SMOBIO,www.smobio.com,YesBlot™ Western Marker I (WM1000),WM1000,Western blot marker (IgG-binding proteins for chemiluminescent/fluorescent detection) + 4 pre-stained bands. Reference bands 30 & 80 kDa.,8,80,8,unknown,,,,,https://www.smobio.com/shop/product/wm1000-wm1000-yesblottm-western-marker-i-250-l-401?category=10,SMOBIO_WM1000.pdf
TIANGEN,tiangen.com,Proteo三色预染蛋白质Marker (Proteo Three-Color Pre-stained Protein Marker),MP211 / MP211-01,"预染 / Pre-stained, three-color",1,10,11,blue,#2563eb,1,false,protein-tiangen-proteo-marker-proteo-three-color-pre-stained-protein-marker,https://www.tiangen.com/content/details_40_28504.html,TIANGEN_MP211_三色预染.pdf (https://pm-oss.tiangen.top/uploads/4972263.pdf)
TIANGEN,tiangen.com,Proteo三色预染蛋白质Marker (Proteo Three-Color Pre-stained Protein Marker),MP211 / MP211-01,"预染 / Pre-stained, three-color",2,15,11,blue,#2563eb,1,false,protein-tiangen-proteo-marker-proteo-three-color-pre-stained-protein-marker,https://www.tiangen.com/content/details_40_28504.html,TIANGEN_MP211_三色预染.pdf (https://pm-oss.tiangen.top/uploads/4972263.pdf)
TIANGEN,tiangen.com,Proteo三色预染蛋白质Marker (Proteo Three-Color Pre-stained Protein Marker),MP211 / MP211-01,"预染 / Pre-stained, three-color",3,20,11,blue,#2563eb,1,false,protein-tiangen-proteo-marker-proteo-three-color-pre-stained-protein-marker,https://www.tiangen.com/content/details_40_28504.html,TIANGEN_MP211_三色预染.pdf (https://pm-oss.tiangen.top/uploads/4972263.pdf)
TIANGEN,tiangen.com,Proteo三色预染蛋白质Marker (Proteo Three-Color Pre-stained Protein Marker),MP211 / MP211-01,"预染 / Pre-stained, three-color",4,25,11,green,#16a34a,1.55,true,protein-tiangen-proteo-marker-proteo-three-color-pre-stained-protein-marker,https://www.tiangen.com/content/details_40_28504.html,TIANGEN_MP211_三色预染.pdf (https://pm-oss.tiangen.top/uploads/4972263.pdf)
TIANGEN,tiangen.com,Proteo三色预染蛋白质Marker (Proteo Three-Color Pre-stained Protein Marker),MP211 / MP211-01,"预染 / Pre-stained, three-color",5,30,11,blue,#2563eb,1,false,protein-tiangen-proteo-marker-proteo-three-color-pre-stained-protein-marker,https://www.tiangen.com/content/details_40_28504.html,TIANGEN_MP211_三色预染.pdf (https://pm-oss.tiangen.top/uploads/4972263.pdf)
TIANGEN,tiangen.com,Proteo三色预染蛋白质Marker (Proteo Three-Color Pre-stained Protein Marker),MP211 / MP211-01,"预染 / Pre-stained, three-color",6,40,11,blue,#2563eb,1,false,protein-tiangen-proteo-marker-proteo-three-color-pre-stained-protein-marker,https://www.tiangen.com/content/details_40_28504.html,TIANGEN_MP211_三色预染.pdf (https://pm-oss.tiangen.top/uploads/4972263.pdf)
TIANGEN,tiangen.com,Proteo三色预染蛋白质Marker (Proteo Three-Color Pre-stained Protein Marker),MP211 / MP211-01,"预染 / Pre-stained, three-color",7,50,11,blue,#2563eb,1,false,protein-tiangen-proteo-marker-proteo-three-color-pre-stained-protein-marker,https://www.tiangen.com/content/details_40_28504.html,TIANGEN_MP211_三色预染.pdf (https://pm-oss.tiangen.top/uploads/4972263.pdf)
TIANGEN,tiangen.com,Proteo三色预染蛋白质Marker (Proteo Three-Color Pre-stained Protein Marker),MP211 / MP211-01,"预染 / Pre-stained, three-color",8,72,11,orange,#f97316,1.55,true,protein-tiangen-proteo-marker-proteo-three-color-pre-stained-protein-marker,https://www.tiangen.com/content/details_40_28504.html,TIANGEN_MP211_三色预染.pdf (https://pm-oss.tiangen.top/uploads/4972263.pdf)
TIANGEN,tiangen.com,Proteo三色预染蛋白质Marker (Proteo Three-Color Pre-stained Protein Marker),MP211 / MP211-01,"预染 / Pre-stained, three-color",9,100,11,blue,#2563eb,1,false,protein-tiangen-proteo-marker-proteo-three-color-pre-stained-protein-marker,https://www.tiangen.com/content/details_40_28504.html,TIANGEN_MP211_三色预染.pdf (https://pm-oss.tiangen.top/uploads/4972263.pdf)
TIANGEN,tiangen.com,Proteo三色预染蛋白质Marker (Proteo Three-Color Pre-stained Protein Marker),MP211 / MP211-01,"预染 / Pre-stained, three-color",10,130,11,blue,#2563eb,1,false,protein-tiangen-proteo-marker-proteo-three-color-pre-stained-protein-marker,https://www.tiangen.com/content/details_40_28504.html,TIANGEN_MP211_三色预染.pdf (https://pm-oss.tiangen.top/uploads/4972263.pdf)
TIANGEN,tiangen.com,Proteo三色预染蛋白质Marker (Proteo Three-Color Pre-stained Protein Marker),MP211 / MP211-01,"预染 / Pre-stained, three-color",11,180,11,blue,#2563eb,1,false,protein-tiangen-proteo-marker-proteo-three-color-pre-stained-protein-marker,https://www.tiangen.com/content/details_40_28504.html,TIANGEN_MP211_三色预染.pdf (https://pm-oss.tiangen.top/uploads/4972263.pdf)
TIANGEN,tiangen.com,"蛋白质Marker (Protein Marker, unstained)",MP102,"未染 / Unstained (native, Coomassie R-250 staining)",1,14.4,5,gray,#334155,1,false,protein-tiangen-marker-protein-marker-unstained,https://www.tiangen.com/content/details_40_16421.html,TIANGEN_MP102_蛋白质Marker.pdf (https://pm-oss.tiangen.top/uploads/4991390.pdf)
TIANGEN,tiangen.com,"蛋白质Marker (Protein Marker, unstained)",MP102,"未染 / Unstained (native, Coomassie R-250 staining)",2,20,5,gray,#334155,1,false,protein-tiangen-marker-protein-marker-unstained,https://www.tiangen.com/content/details_40_16421.html,TIANGEN_MP102_蛋白质Marker.pdf (https://pm-oss.tiangen.top/uploads/4991390.pdf)
TIANGEN,tiangen.com,"蛋白质Marker (Protein Marker, unstained)",MP102,"未染 / Unstained (native, Coomassie R-250 staining)",3,45,5,gray,#334155,1,false,protein-tiangen-marker-protein-marker-unstained,https://www.tiangen.com/content/details_40_16421.html,TIANGEN_MP102_蛋白质Marker.pdf (https://pm-oss.tiangen.top/uploads/4991390.pdf)
TIANGEN,tiangen.com,"蛋白质Marker (Protein Marker, unstained)",MP102,"未染 / Unstained (native, Coomassie R-250 staining)",4,66.2,5,gray,#334155,1,false,protein-tiangen-marker-protein-marker-unstained,https://www.tiangen.com/content/details_40_16421.html,TIANGEN_MP102_蛋白质Marker.pdf (https://pm-oss.tiangen.top/uploads/4991390.pdf)
TIANGEN,tiangen.com,"蛋白质Marker (Protein Marker, unstained)",MP102,"未染 / Unstained (native, Coomassie R-250 staining)",5,94,5,gray,#334155,1,false,protein-tiangen-marker-protein-marker-unstained,https://www.tiangen.com/content/details_40_16421.html,TIANGEN_MP102_蛋白质Marker.pdf (https://pm-oss.tiangen.top/uploads/4991390.pdf)
TIANGEN,tiangen.com,预染蛋白质Marker Ⅲ (Pre-stained Protein Marker III),MP204,"预染 / Pre-stained, single-color",1,18,5,blue,#2563eb,1,false,protein-tiangen-marker-iii-pre-stained-protein-marker-iii,https://www.tiangen.com/content/details_40_16419.html,TIANGEN_MP204_预染III.pdf (https://pm-oss.tiangen.top/uploads/4991392.pdf)
TIANGEN,tiangen.com,预染蛋白质Marker Ⅲ (Pre-stained Protein Marker III),MP204,"预染 / Pre-stained, single-color",2,27,5,blue,#2563eb,1,false,protein-tiangen-marker-iii-pre-stained-protein-marker-iii,https://www.tiangen.com/content/details_40_16419.html,TIANGEN_MP204_预染III.pdf (https://pm-oss.tiangen.top/uploads/4991392.pdf)
TIANGEN,tiangen.com,预染蛋白质Marker Ⅲ (Pre-stained Protein Marker III),MP204,"预染 / Pre-stained, single-color",3,45,5,blue,#2563eb,1,false,protein-tiangen-marker-iii-pre-stained-protein-marker-iii,https://www.tiangen.com/content/details_40_16419.html,TIANGEN_MP204_预染III.pdf (https://pm-oss.tiangen.top/uploads/4991392.pdf)
TIANGEN,tiangen.com,预染蛋白质Marker Ⅲ (Pre-stained Protein Marker III),MP204,"预染 / Pre-stained, single-color",4,60,5,blue,#2563eb,1,false,protein-tiangen-marker-iii-pre-stained-protein-marker-iii,https://www.tiangen.com/content/details_40_16419.html,TIANGEN_MP204_预染III.pdf (https://pm-oss.tiangen.top/uploads/4991392.pdf)
TIANGEN,tiangen.com,预染蛋白质Marker Ⅲ (Pre-stained Protein Marker III),MP204,"预染 / Pre-stained, single-color",5,94,5,blue,#2563eb,1,false,protein-tiangen-marker-iii-pre-stained-protein-marker-iii,https://www.tiangen.com/content/details_40_16419.html,TIANGEN_MP204_预染III.pdf (https://pm-oss.tiangen.top/uploads/4991392.pdf)
TIANGEN,tiangen.com,宽范围彩色预染蛋白质Marker (Wide Range Color Pre-stained Protein Marker),MP206,"预染 / Pre-stained, multi-color (wide range)",1,11,11,blue,#2563eb,1,false,protein-tiangen-marker-wide-range-color-pre-stained-protein-marker,https://www.tiangen.com/content/details_40_16417.html,TIANGEN_MP206_宽范围彩色预染.pdf (https://pm-oss.tiangen.top/uploads/4994096.pdf)
TIANGEN,tiangen.com,宽范围彩色预染蛋白质Marker (Wide Range Color Pre-stained Protein Marker),MP206,"预染 / Pre-stained, multi-color (wide range)",2,17,11,blue,#2563eb,1,false,protein-tiangen-marker-wide-range-color-pre-stained-protein-marker,https://www.tiangen.com/content/details_40_16417.html,TIANGEN_MP206_宽范围彩色预染.pdf (https://pm-oss.tiangen.top/uploads/4994096.pdf)
TIANGEN,tiangen.com,宽范围彩色预染蛋白质Marker (Wide Range Color Pre-stained Protein Marker),MP206,"预染 / Pre-stained, multi-color (wide range)",3,25,11,blue,#2563eb,1,false,protein-tiangen-marker-wide-range-color-pre-stained-protein-marker,https://www.tiangen.com/content/details_40_16417.html,TIANGEN_MP206_宽范围彩色预染.pdf (https://pm-oss.tiangen.top/uploads/4994096.pdf)
TIANGEN,tiangen.com,宽范围彩色预染蛋白质Marker (Wide Range Color Pre-stained Protein Marker),MP206,"预染 / Pre-stained, multi-color (wide range)",4,35,11,blue,#2563eb,1,false,protein-tiangen-marker-wide-range-color-pre-stained-protein-marker,https://www.tiangen.com/content/details_40_16417.html,TIANGEN_MP206_宽范围彩色预染.pdf (https://pm-oss.tiangen.top/uploads/4994096.pdf)
TIANGEN,tiangen.com,宽范围彩色预染蛋白质Marker (Wide Range Color Pre-stained Protein Marker),MP206,"预染 / Pre-stained, multi-color (wide range)",5,48,11,blue,#2563eb,1,false,protein-tiangen-marker-wide-range-color-pre-stained-protein-marker,https://www.tiangen.com/content/details_40_16417.html,TIANGEN_MP206_宽范围彩色预染.pdf (https://pm-oss.tiangen.top/uploads/4994096.pdf)
TIANGEN,tiangen.com,宽范围彩色预染蛋白质Marker (Wide Range Color Pre-stained Protein Marker),MP206,"预染 / Pre-stained, multi-color (wide range)",6,63,11,blue,#2563eb,1,false,protein-tiangen-marker-wide-range-color-pre-stained-protein-marker,https://www.tiangen.com/content/details_40_16417.html,TIANGEN_MP206_宽范围彩色预染.pdf (https://pm-oss.tiangen.top/uploads/4994096.pdf)
TIANGEN,tiangen.com,宽范围彩色预染蛋白质Marker (Wide Range Color Pre-stained Protein Marker),MP206,"预染 / Pre-stained, multi-color (wide range)",7,75,11,blue,#2563eb,1,false,protein-tiangen-marker-wide-range-color-pre-stained-protein-marker,https://www.tiangen.com/content/details_40_16417.html,TIANGEN_MP206_宽范围彩色预染.pdf (https://pm-oss.tiangen.top/uploads/4994096.pdf)
TIANGEN,tiangen.com,宽范围彩色预染蛋白质Marker (Wide Range Color Pre-stained Protein Marker),MP206,"预染 / Pre-stained, multi-color (wide range)",8,100,11,blue,#2563eb,1,false,protein-tiangen-marker-wide-range-color-pre-stained-protein-marker,https://www.tiangen.com/content/details_40_16417.html,TIANGEN_MP206_宽范围彩色预染.pdf (https://pm-oss.tiangen.top/uploads/4994096.pdf)
TIANGEN,tiangen.com,宽范围彩色预染蛋白质Marker (Wide Range Color Pre-stained Protein Marker),MP206,"预染 / Pre-stained, multi-color (wide range)",9,135,11,blue,#2563eb,1,false,protein-tiangen-marker-wide-range-color-pre-stained-protein-marker,https://www.tiangen.com/content/details_40_16417.html,TIANGEN_MP206_宽范围彩色预染.pdf (https://pm-oss.tiangen.top/uploads/4994096.pdf)
TIANGEN,tiangen.com,宽范围彩色预染蛋白质Marker (Wide Range Color Pre-stained Protein Marker),MP206,"预染 / Pre-stained, multi-color (wide range)",10,180,11,blue,#2563eb,1,false,protein-tiangen-marker-wide-range-color-pre-stained-protein-marker,https://www.tiangen.com/content/details_40_16417.html,TIANGEN_MP206_宽范围彩色预染.pdf (https://pm-oss.tiangen.top/uploads/4994096.pdf)
TIANGEN,tiangen.com,宽范围彩色预染蛋白质Marker (Wide Range Color Pre-stained Protein Marker),MP206,"预染 / Pre-stained, multi-color (wide range)",11,245,11,blue,#2563eb,1,false,protein-tiangen-marker-wide-range-color-pre-stained-protein-marker,https://www.tiangen.com/content/details_40_16417.html,TIANGEN_MP206_宽范围彩色预染.pdf (https://pm-oss.tiangen.top/uploads/4994096.pdf)
ThermoFisher,https://www.thermofisher.com (China mirror served: thermofisher.cn — all thermofisher.com product URLs 301-redirect to thermofisher.cn in this environment),PageRuler Prestained Protein Ladder,26616,"Prestained (3-color: blue, orange, green; reference bands at 25 & 70 kDa intensified)",1,10,10,blue,#2563eb,1,false,protein-thermofisher-pageruler-prestained-protein-ladder,https://www.thermofisher.com/order/catalog/product/26616,pdfs/ThermoFisher_PageRuler_26616_UG.pdf ✓
ThermoFisher,https://www.thermofisher.com (China mirror served: thermofisher.cn — all thermofisher.com product URLs 301-redirect to thermofisher.cn in this environment),PageRuler Prestained Protein Ladder,26616,"Prestained (3-color: blue, orange, green; reference bands at 25 & 70 kDa intensified)",2,15,10,blue,#2563eb,1,false,protein-thermofisher-pageruler-prestained-protein-ladder,https://www.thermofisher.com/order/catalog/product/26616,pdfs/ThermoFisher_PageRuler_26616_UG.pdf ✓
ThermoFisher,https://www.thermofisher.com (China mirror served: thermofisher.cn — all thermofisher.com product URLs 301-redirect to thermofisher.cn in this environment),PageRuler Prestained Protein Ladder,26616,"Prestained (3-color: blue, orange, green; reference bands at 25 & 70 kDa intensified)",3,25,10,green,#16a34a,1.55,true,protein-thermofisher-pageruler-prestained-protein-ladder,https://www.thermofisher.com/order/catalog/product/26616,pdfs/ThermoFisher_PageRuler_26616_UG.pdf ✓
ThermoFisher,https://www.thermofisher.com (China mirror served: thermofisher.cn — all thermofisher.com product URLs 301-redirect to thermofisher.cn in this environment),PageRuler Prestained Protein Ladder,26616,"Prestained (3-color: blue, orange, green; reference bands at 25 & 70 kDa intensified)",4,35,10,blue,#2563eb,1,false,protein-thermofisher-pageruler-prestained-protein-ladder,https://www.thermofisher.com/order/catalog/product/26616,pdfs/ThermoFisher_PageRuler_26616_UG.pdf ✓
ThermoFisher,https://www.thermofisher.com (China mirror served: thermofisher.cn — all thermofisher.com product URLs 301-redirect to thermofisher.cn in this environment),PageRuler Prestained Protein Ladder,26616,"Prestained (3-color: blue, orange, green; reference bands at 25 & 70 kDa intensified)",5,40,10,blue,#2563eb,1,false,protein-thermofisher-pageruler-prestained-protein-ladder,https://www.thermofisher.com/order/catalog/product/26616,pdfs/ThermoFisher_PageRuler_26616_UG.pdf ✓
ThermoFisher,https://www.thermofisher.com (China mirror served: thermofisher.cn — all thermofisher.com product URLs 301-redirect to thermofisher.cn in this environment),PageRuler Prestained Protein Ladder,26616,"Prestained (3-color: blue, orange, green; reference bands at 25 & 70 kDa intensified)",6,55,10,blue,#2563eb,1,false,protein-thermofisher-pageruler-prestained-protein-ladder,https://www.thermofisher.com/order/catalog/product/26616,pdfs/ThermoFisher_PageRuler_26616_UG.pdf ✓
ThermoFisher,https://www.thermofisher.com (China mirror served: thermofisher.cn — all thermofisher.com product URLs 301-redirect to thermofisher.cn in this environment),PageRuler Prestained Protein Ladder,26616,"Prestained (3-color: blue, orange, green; reference bands at 25 & 70 kDa intensified)",7,70,10,orange,#f97316,1.55,true,protein-thermofisher-pageruler-prestained-protein-ladder,https://www.thermofisher.com/order/catalog/product/26616,pdfs/ThermoFisher_PageRuler_26616_UG.pdf ✓
ThermoFisher,https://www.thermofisher.com (China mirror served: thermofisher.cn — all thermofisher.com product URLs 301-redirect to thermofisher.cn in this environment),PageRuler Prestained Protein Ladder,26616,"Prestained (3-color: blue, orange, green; reference bands at 25 & 70 kDa intensified)",8,100,10,blue,#2563eb,1,false,protein-thermofisher-pageruler-prestained-protein-ladder,https://www.thermofisher.com/order/catalog/product/26616,pdfs/ThermoFisher_PageRuler_26616_UG.pdf ✓
ThermoFisher,https://www.thermofisher.com (China mirror served: thermofisher.cn — all thermofisher.com product URLs 301-redirect to thermofisher.cn in this environment),PageRuler Prestained Protein Ladder,26616,"Prestained (3-color: blue, orange, green; reference bands at 25 & 70 kDa intensified)",9,130,10,blue,#2563eb,1,false,protein-thermofisher-pageruler-prestained-protein-ladder,https://www.thermofisher.com/order/catalog/product/26616,pdfs/ThermoFisher_PageRuler_26616_UG.pdf ✓
ThermoFisher,https://www.thermofisher.com (China mirror served: thermofisher.cn — all thermofisher.com product URLs 301-redirect to thermofisher.cn in this environment),PageRuler Prestained Protein Ladder,26616,"Prestained (3-color: blue, orange, green; reference bands at 25 & 70 kDa intensified)",10,180,10,blue,#2563eb,1,false,protein-thermofisher-pageruler-prestained-protein-ladder,https://www.thermofisher.com/order/catalog/product/26616,pdfs/ThermoFisher_PageRuler_26616_UG.pdf ✓
ThermoFisher,https://www.thermofisher.com (China mirror served: thermofisher.cn — all thermofisher.com product URLs 301-redirect to thermofisher.cn in this environment),PageRuler Plus Prestained Protein Ladder,26620,"Prestained (3-color: blue, orange, green)",1,10,9,blue,#2563eb,1,false,protein-thermofisher-pageruler-plus-prestained-protein-ladder,https://www.thermofisher.com/order/catalog/product/26620,pdfs/ThermoFisher_PageRulerPlus_26620_UG.pdf ✓
ThermoFisher,https://www.thermofisher.com (China mirror served: thermofisher.cn — all thermofisher.com product URLs 301-redirect to thermofisher.cn in this environment),PageRuler Plus Prestained Protein Ladder,26620,"Prestained (3-color: blue, orange, green)",2,15,9,blue,#2563eb,1,false,protein-thermofisher-pageruler-plus-prestained-protein-ladder,https://www.thermofisher.com/order/catalog/product/26620,pdfs/ThermoFisher_PageRulerPlus_26620_UG.pdf ✓
ThermoFisher,https://www.thermofisher.com (China mirror served: thermofisher.cn — all thermofisher.com product URLs 301-redirect to thermofisher.cn in this environment),PageRuler Plus Prestained Protein Ladder,26620,"Prestained (3-color: blue, orange, green)",3,25,9,green,#16a34a,1.55,true,protein-thermofisher-pageruler-plus-prestained-protein-ladder,https://www.thermofisher.com/order/catalog/product/26620,pdfs/ThermoFisher_PageRulerPlus_26620_UG.pdf ✓
ThermoFisher,https://www.thermofisher.com (China mirror served: thermofisher.cn — all thermofisher.com product URLs 301-redirect to thermofisher.cn in this environment),PageRuler Plus Prestained Protein Ladder,26620,"Prestained (3-color: blue, orange, green)",4,35,9,blue,#2563eb,1,false,protein-thermofisher-pageruler-plus-prestained-protein-ladder,https://www.thermofisher.com/order/catalog/product/26620,pdfs/ThermoFisher_PageRulerPlus_26620_UG.pdf ✓
ThermoFisher,https://www.thermofisher.com (China mirror served: thermofisher.cn — all thermofisher.com product URLs 301-redirect to thermofisher.cn in this environment),PageRuler Plus Prestained Protein Ladder,26620,"Prestained (3-color: blue, orange, green)",5,55,9,blue,#2563eb,1,false,protein-thermofisher-pageruler-plus-prestained-protein-ladder,https://www.thermofisher.com/order/catalog/product/26620,pdfs/ThermoFisher_PageRulerPlus_26620_UG.pdf ✓
ThermoFisher,https://www.thermofisher.com (China mirror served: thermofisher.cn — all thermofisher.com product URLs 301-redirect to thermofisher.cn in this environment),PageRuler Plus Prestained Protein Ladder,26620,"Prestained (3-color: blue, orange, green)",6,70,9,orange,#f97316,1.55,true,protein-thermofisher-pageruler-plus-prestained-protein-ladder,https://www.thermofisher.com/order/catalog/product/26620,pdfs/ThermoFisher_PageRulerPlus_26620_UG.pdf ✓
ThermoFisher,https://www.thermofisher.com (China mirror served: thermofisher.cn — all thermofisher.com product URLs 301-redirect to thermofisher.cn in this environment),PageRuler Plus Prestained Protein Ladder,26620,"Prestained (3-color: blue, orange, green)",7,100,9,blue,#2563eb,1,false,protein-thermofisher-pageruler-plus-prestained-protein-ladder,https://www.thermofisher.com/order/catalog/product/26620,pdfs/ThermoFisher_PageRulerPlus_26620_UG.pdf ✓
ThermoFisher,https://www.thermofisher.com (China mirror served: thermofisher.cn — all thermofisher.com product URLs 301-redirect to thermofisher.cn in this environment),PageRuler Plus Prestained Protein Ladder,26620,"Prestained (3-color: blue, orange, green)",8,130,9,blue,#2563eb,1,false,protein-thermofisher-pageruler-plus-prestained-protein-ladder,https://www.thermofisher.com/order/catalog/product/26620,pdfs/ThermoFisher_PageRulerPlus_26620_UG.pdf ✓
ThermoFisher,https://www.thermofisher.com (China mirror served: thermofisher.cn — all thermofisher.com product URLs 301-redirect to thermofisher.cn in this environment),PageRuler Plus Prestained Protein Ladder,26620,"Prestained (3-color: blue, orange, green)",9,250,9,blue,#2563eb,1,false,protein-thermofisher-pageruler-plus-prestained-protein-ladder,https://www.thermofisher.com/order/catalog/product/26620,pdfs/ThermoFisher_PageRulerPlus_26620_UG.pdf ✓
ThermoFisher,https://www.thermofisher.com (China mirror served: thermofisher.cn — all thermofisher.com product URLs 301-redirect to thermofisher.cn in this environment),PageRuler Unstained Protein Ladder,26614,Unstained,1,10,14,gray,#334155,1,false,protein-thermofisher-pageruler-unstained-protein-ladder,https://www.thermofisher.com/order/catalog/product/26614,pdfs/ThermoFisher_PageRuler_Unstained_26614_UG.pdf ✓
ThermoFisher,https://www.thermofisher.com (China mirror served: thermofisher.cn — all thermofisher.com product URLs 301-redirect to thermofisher.cn in this environment),PageRuler Unstained Protein Ladder,26614,Unstained,2,15,14,gray,#334155,1,false,protein-thermofisher-pageruler-unstained-protein-ladder,https://www.thermofisher.com/order/catalog/product/26614,pdfs/ThermoFisher_PageRuler_Unstained_26614_UG.pdf ✓
ThermoFisher,https://www.thermofisher.com (China mirror served: thermofisher.cn — all thermofisher.com product URLs 301-redirect to thermofisher.cn in this environment),PageRuler Unstained Protein Ladder,26614,Unstained,3,20,14,gray,#334155,1,false,protein-thermofisher-pageruler-unstained-protein-ladder,https://www.thermofisher.com/order/catalog/product/26614,pdfs/ThermoFisher_PageRuler_Unstained_26614_UG.pdf ✓
ThermoFisher,https://www.thermofisher.com (China mirror served: thermofisher.cn — all thermofisher.com product URLs 301-redirect to thermofisher.cn in this environment),PageRuler Unstained Protein Ladder,26614,Unstained,4,25,14,gray,#334155,1,false,protein-thermofisher-pageruler-unstained-protein-ladder,https://www.thermofisher.com/order/catalog/product/26614,pdfs/ThermoFisher_PageRuler_Unstained_26614_UG.pdf ✓
ThermoFisher,https://www.thermofisher.com (China mirror served: thermofisher.cn — all thermofisher.com product URLs 301-redirect to thermofisher.cn in this environment),PageRuler Unstained Protein Ladder,26614,Unstained,5,30,14,gray,#334155,1,false,protein-thermofisher-pageruler-unstained-protein-ladder,https://www.thermofisher.com/order/catalog/product/26614,pdfs/ThermoFisher_PageRuler_Unstained_26614_UG.pdf ✓
ThermoFisher,https://www.thermofisher.com (China mirror served: thermofisher.cn — all thermofisher.com product URLs 301-redirect to thermofisher.cn in this environment),PageRuler Unstained Protein Ladder,26614,Unstained,6,40,14,gray,#334155,1,false,protein-thermofisher-pageruler-unstained-protein-ladder,https://www.thermofisher.com/order/catalog/product/26614,pdfs/ThermoFisher_PageRuler_Unstained_26614_UG.pdf ✓
ThermoFisher,https://www.thermofisher.com (China mirror served: thermofisher.cn — all thermofisher.com product URLs 301-redirect to thermofisher.cn in this environment),PageRuler Unstained Protein Ladder,26614,Unstained,7,50,14,gray,#334155,1,false,protein-thermofisher-pageruler-unstained-protein-ladder,https://www.thermofisher.com/order/catalog/product/26614,pdfs/ThermoFisher_PageRuler_Unstained_26614_UG.pdf ✓
ThermoFisher,https://www.thermofisher.com (China mirror served: thermofisher.cn — all thermofisher.com product URLs 301-redirect to thermofisher.cn in this environment),PageRuler Unstained Protein Ladder,26614,Unstained,8,60,14,gray,#334155,1,false,protein-thermofisher-pageruler-unstained-protein-ladder,https://www.thermofisher.com/order/catalog/product/26614,pdfs/ThermoFisher_PageRuler_Unstained_26614_UG.pdf ✓
ThermoFisher,https://www.thermofisher.com (China mirror served: thermofisher.cn — all thermofisher.com product URLs 301-redirect to thermofisher.cn in this environment),PageRuler Unstained Protein Ladder,26614,Unstained,9,70,14,gray,#334155,1,false,protein-thermofisher-pageruler-unstained-protein-ladder,https://www.thermofisher.com/order/catalog/product/26614,pdfs/ThermoFisher_PageRuler_Unstained_26614_UG.pdf ✓
ThermoFisher,https://www.thermofisher.com (China mirror served: thermofisher.cn — all thermofisher.com product URLs 301-redirect to thermofisher.cn in this environment),PageRuler Unstained Protein Ladder,26614,Unstained,10,85,14,gray,#334155,1,false,protein-thermofisher-pageruler-unstained-protein-ladder,https://www.thermofisher.com/order/catalog/product/26614,pdfs/ThermoFisher_PageRuler_Unstained_26614_UG.pdf ✓
ThermoFisher,https://www.thermofisher.com (China mirror served: thermofisher.cn — all thermofisher.com product URLs 301-redirect to thermofisher.cn in this environment),PageRuler Unstained Protein Ladder,26614,Unstained,11,100,14,gray,#334155,1,false,protein-thermofisher-pageruler-unstained-protein-ladder,https://www.thermofisher.com/order/catalog/product/26614,pdfs/ThermoFisher_PageRuler_Unstained_26614_UG.pdf ✓
ThermoFisher,https://www.thermofisher.com (China mirror served: thermofisher.cn — all thermofisher.com product URLs 301-redirect to thermofisher.cn in this environment),PageRuler Unstained Protein Ladder,26614,Unstained,12,120,14,gray,#334155,1,false,protein-thermofisher-pageruler-unstained-protein-ladder,https://www.thermofisher.com/order/catalog/product/26614,pdfs/ThermoFisher_PageRuler_Unstained_26614_UG.pdf ✓
ThermoFisher,https://www.thermofisher.com (China mirror served: thermofisher.cn — all thermofisher.com product URLs 301-redirect to thermofisher.cn in this environment),PageRuler Unstained Protein Ladder,26614,Unstained,13,150,14,gray,#334155,1,false,protein-thermofisher-pageruler-unstained-protein-ladder,https://www.thermofisher.com/order/catalog/product/26614,pdfs/ThermoFisher_PageRuler_Unstained_26614_UG.pdf ✓
ThermoFisher,https://www.thermofisher.com (China mirror served: thermofisher.cn — all thermofisher.com product URLs 301-redirect to thermofisher.cn in this environment),PageRuler Unstained Protein Ladder,26614,Unstained,14,200,14,gray,#334155,1,false,protein-thermofisher-pageruler-unstained-protein-ladder,https://www.thermofisher.com/order/catalog/product/26614,pdfs/ThermoFisher_PageRuler_Unstained_26614_UG.pdf ✓
ThermoFisher,https://www.thermofisher.com (China mirror served: thermofisher.cn — all thermofisher.com product URLs 301-redirect to thermofisher.cn in this environment),PageRuler Unstained Broad Range Protein Ladder,26630,Unstained,1,5,11,gray,#334155,1,false,protein-thermofisher-pageruler-unstained-broad-range-protein-ladder,https://www.thermofisher.com/order/catalog/product/26630,pdfs/ThermoFisher_PageRuler_Broad_26630_UG.pdf ✓
ThermoFisher,https://www.thermofisher.com (China mirror served: thermofisher.cn — all thermofisher.com product URLs 301-redirect to thermofisher.cn in this environment),PageRuler Unstained Broad Range Protein Ladder,26630,Unstained,2,10,11,gray,#334155,1,false,protein-thermofisher-pageruler-unstained-broad-range-protein-ladder,https://www.thermofisher.com/order/catalog/product/26630,pdfs/ThermoFisher_PageRuler_Broad_26630_UG.pdf ✓
ThermoFisher,https://www.thermofisher.com (China mirror served: thermofisher.cn — all thermofisher.com product URLs 301-redirect to thermofisher.cn in this environment),PageRuler Unstained Broad Range Protein Ladder,26630,Unstained,3,15,11,gray,#334155,1,false,protein-thermofisher-pageruler-unstained-broad-range-protein-ladder,https://www.thermofisher.com/order/catalog/product/26630,pdfs/ThermoFisher_PageRuler_Broad_26630_UG.pdf ✓
ThermoFisher,https://www.thermofisher.com (China mirror served: thermofisher.cn — all thermofisher.com product URLs 301-redirect to thermofisher.cn in this environment),PageRuler Unstained Broad Range Protein Ladder,26630,Unstained,4,20,11,gray,#334155,1,false,protein-thermofisher-pageruler-unstained-broad-range-protein-ladder,https://www.thermofisher.com/order/catalog/product/26630,pdfs/ThermoFisher_PageRuler_Broad_26630_UG.pdf ✓
ThermoFisher,https://www.thermofisher.com (China mirror served: thermofisher.cn — all thermofisher.com product URLs 301-redirect to thermofisher.cn in this environment),PageRuler Unstained Broad Range Protein Ladder,26630,Unstained,5,30,11,gray,#334155,1,false,protein-thermofisher-pageruler-unstained-broad-range-protein-ladder,https://www.thermofisher.com/order/catalog/product/26630,pdfs/ThermoFisher_PageRuler_Broad_26630_UG.pdf ✓
ThermoFisher,https://www.thermofisher.com (China mirror served: thermofisher.cn — all thermofisher.com product URLs 301-redirect to thermofisher.cn in this environment),PageRuler Unstained Broad Range Protein Ladder,26630,Unstained,6,40,11,gray,#334155,1,false,protein-thermofisher-pageruler-unstained-broad-range-protein-ladder,https://www.thermofisher.com/order/catalog/product/26630,pdfs/ThermoFisher_PageRuler_Broad_26630_UG.pdf ✓
ThermoFisher,https://www.thermofisher.com (China mirror served: thermofisher.cn — all thermofisher.com product URLs 301-redirect to thermofisher.cn in this environment),PageRuler Unstained Broad Range Protein Ladder,26630,Unstained,7,50,11,gray,#334155,1,false,protein-thermofisher-pageruler-unstained-broad-range-protein-ladder,https://www.thermofisher.com/order/catalog/product/26630,pdfs/ThermoFisher_PageRuler_Broad_26630_UG.pdf ✓
ThermoFisher,https://www.thermofisher.com (China mirror served: thermofisher.cn — all thermofisher.com product URLs 301-redirect to thermofisher.cn in this environment),PageRuler Unstained Broad Range Protein Ladder,26630,Unstained,8,70,11,gray,#334155,1,false,protein-thermofisher-pageruler-unstained-broad-range-protein-ladder,https://www.thermofisher.com/order/catalog/product/26630,pdfs/ThermoFisher_PageRuler_Broad_26630_UG.pdf ✓
ThermoFisher,https://www.thermofisher.com (China mirror served: thermofisher.cn — all thermofisher.com product URLs 301-redirect to thermofisher.cn in this environment),PageRuler Unstained Broad Range Protein Ladder,26630,Unstained,9,100,11,gray,#334155,1,false,protein-thermofisher-pageruler-unstained-broad-range-protein-ladder,https://www.thermofisher.com/order/catalog/product/26630,pdfs/ThermoFisher_PageRuler_Broad_26630_UG.pdf ✓
ThermoFisher,https://www.thermofisher.com (China mirror served: thermofisher.cn — all thermofisher.com product URLs 301-redirect to thermofisher.cn in this environment),PageRuler Unstained Broad Range Protein Ladder,26630,Unstained,10,150,11,gray,#334155,1,false,protein-thermofisher-pageruler-unstained-broad-range-protein-ladder,https://www.thermofisher.com/order/catalog/product/26630,pdfs/ThermoFisher_PageRuler_Broad_26630_UG.pdf ✓
ThermoFisher,https://www.thermofisher.com (China mirror served: thermofisher.cn — all thermofisher.com product URLs 301-redirect to thermofisher.cn in this environment),PageRuler Unstained Broad Range Protein Ladder,26630,Unstained,11,250,11,gray,#334155,1,false,protein-thermofisher-pageruler-unstained-broad-range-protein-ladder,https://www.thermofisher.com/order/catalog/product/26630,pdfs/ThermoFisher_PageRuler_Broad_26630_UG.pdf ✓
ThermoFisher,https://www.thermofisher.com (China mirror served: thermofisher.cn — all thermofisher.com product URLs 301-redirect to thermofisher.cn in this environment),PageRuler Unstained Low Range Protein Ladder,26632,Unstained,1,3.4,8,gray,#334155,1,false,protein-thermofisher-pageruler-unstained-low-range-protein-ladder,https://www.thermofisher.com/order/catalog/product/26632,pdfs/ThermoFisher_PageRuler_LowRange_26632_UG.pdf ✓
ThermoFisher,https://www.thermofisher.com (China mirror served: thermofisher.cn — all thermofisher.com product URLs 301-redirect to thermofisher.cn in this environment),PageRuler Unstained Low Range Protein Ladder,26632,Unstained,2,5,8,gray,#334155,1,false,protein-thermofisher-pageruler-unstained-low-range-protein-ladder,https://www.thermofisher.com/order/catalog/product/26632,pdfs/ThermoFisher_PageRuler_LowRange_26632_UG.pdf ✓
ThermoFisher,https://www.thermofisher.com (China mirror served: thermofisher.cn — all thermofisher.com product URLs 301-redirect to thermofisher.cn in this environment),PageRuler Unstained Low Range Protein Ladder,26632,Unstained,3,10,8,gray,#334155,1,false,protein-thermofisher-pageruler-unstained-low-range-protein-ladder,https://www.thermofisher.com/order/catalog/product/26632,pdfs/ThermoFisher_PageRuler_LowRange_26632_UG.pdf ✓
ThermoFisher,https://www.thermofisher.com (China mirror served: thermofisher.cn — all thermofisher.com product URLs 301-redirect to thermofisher.cn in this environment),PageRuler Unstained Low Range Protein Ladder,26632,Unstained,4,15,8,gray,#334155,1,false,protein-thermofisher-pageruler-unstained-low-range-protein-ladder,https://www.thermofisher.com/order/catalog/product/26632,pdfs/ThermoFisher_PageRuler_LowRange_26632_UG.pdf ✓
ThermoFisher,https://www.thermofisher.com (China mirror served: thermofisher.cn — all thermofisher.com product URLs 301-redirect to thermofisher.cn in this environment),PageRuler Unstained Low Range Protein Ladder,26632,Unstained,5,20,8,gray,#334155,1,false,protein-thermofisher-pageruler-unstained-low-range-protein-ladder,https://www.thermofisher.com/order/catalog/product/26632,pdfs/ThermoFisher_PageRuler_LowRange_26632_UG.pdf ✓
ThermoFisher,https://www.thermofisher.com (China mirror served: thermofisher.cn — all thermofisher.com product URLs 301-redirect to thermofisher.cn in this environment),PageRuler Unstained Low Range Protein Ladder,26632,Unstained,6,25,8,gray,#334155,1,false,protein-thermofisher-pageruler-unstained-low-range-protein-ladder,https://www.thermofisher.com/order/catalog/product/26632,pdfs/ThermoFisher_PageRuler_LowRange_26632_UG.pdf ✓
ThermoFisher,https://www.thermofisher.com (China mirror served: thermofisher.cn — all thermofisher.com product URLs 301-redirect to thermofisher.cn in this environment),PageRuler Unstained Low Range Protein Ladder,26632,Unstained,7,30,8,gray,#334155,1,false,protein-thermofisher-pageruler-unstained-low-range-protein-ladder,https://www.thermofisher.com/order/catalog/product/26632,pdfs/ThermoFisher_PageRuler_LowRange_26632_UG.pdf ✓
ThermoFisher,https://www.thermofisher.com (China mirror served: thermofisher.cn — all thermofisher.com product URLs 301-redirect to thermofisher.cn in this environment),PageRuler Unstained Low Range Protein Ladder,26632,Unstained,8,100,8,gray,#334155,1,false,protein-thermofisher-pageruler-unstained-low-range-protein-ladder,https://www.thermofisher.com/order/catalog/product/26632,pdfs/ThermoFisher_PageRuler_LowRange_26632_UG.pdf ✓
ThermoFisher,https://www.thermofisher.com (China mirror served: thermofisher.cn — all thermofisher.com product URLs 301-redirect to thermofisher.cn in this environment),Spectra Multicolor Broad Range Protein Ladder,26634,Prestained (4-color),1,10,10,blue,#2563eb,1,false,protein-thermofisher-spectra-multicolor-broad-range-protein-ladder,https://www.thermofisher.com/order/catalog/product/26634,pdfs/ThermoFisher_Spectra_26634_UG.pdf ✓
ThermoFisher,https://www.thermofisher.com (China mirror served: thermofisher.cn — all thermofisher.com product URLs 301-redirect to thermofisher.cn in this environment),Spectra Multicolor Broad Range Protein Ladder,26634,Prestained (4-color),2,15,10,blue,#2563eb,1,false,protein-thermofisher-spectra-multicolor-broad-range-protein-ladder,https://www.thermofisher.com/order/catalog/product/26634,pdfs/ThermoFisher_Spectra_26634_UG.pdf ✓
ThermoFisher,https://www.thermofisher.com (China mirror served: thermofisher.cn — all thermofisher.com product URLs 301-redirect to thermofisher.cn in this environment),Spectra Multicolor Broad Range Protein Ladder,26634,Prestained (4-color),3,25,10,blue,#2563eb,1,false,protein-thermofisher-spectra-multicolor-broad-range-protein-ladder,https://www.thermofisher.com/order/catalog/product/26634,pdfs/ThermoFisher_Spectra_26634_UG.pdf ✓
ThermoFisher,https://www.thermofisher.com (China mirror served: thermofisher.cn — all thermofisher.com product URLs 301-redirect to thermofisher.cn in this environment),Spectra Multicolor Broad Range Protein Ladder,26634,Prestained (4-color),4,35,10,blue,#2563eb,1,false,protein-thermofisher-spectra-multicolor-broad-range-protein-ladder,https://www.thermofisher.com/order/catalog/product/26634,pdfs/ThermoFisher_Spectra_26634_UG.pdf ✓
ThermoFisher,https://www.thermofisher.com (China mirror served: thermofisher.cn — all thermofisher.com product URLs 301-redirect to thermofisher.cn in this environment),Spectra Multicolor Broad Range Protein Ladder,26634,Prestained (4-color),5,40,10,blue,#2563eb,1,false,protein-thermofisher-spectra-multicolor-broad-range-protein-ladder,https://www.thermofisher.com/order/catalog/product/26634,pdfs/ThermoFisher_Spectra_26634_UG.pdf ✓
ThermoFisher,https://www.thermofisher.com (China mirror served: thermofisher.cn — all thermofisher.com product URLs 301-redirect to thermofisher.cn in this environment),Spectra Multicolor Broad Range Protein Ladder,26634,Prestained (4-color),6,50,10,orange,#f97316,1.55,true,protein-thermofisher-spectra-multicolor-broad-range-protein-ladder,https://www.thermofisher.com/order/catalog/product/26634,pdfs/ThermoFisher_Spectra_26634_UG.pdf ✓
ThermoFisher,https://www.thermofisher.com (China mirror served: thermofisher.cn — all thermofisher.com product URLs 301-redirect to thermofisher.cn in this environment),Spectra Multicolor Broad Range Protein Ladder,26634,Prestained (4-color),7,70,10,yellow,#eab308,1.55,true,protein-thermofisher-spectra-multicolor-broad-range-protein-ladder,https://www.thermofisher.com/order/catalog/product/26634,pdfs/ThermoFisher_Spectra_26634_UG.pdf ✓
ThermoFisher,https://www.thermofisher.com (China mirror served: thermofisher.cn — all thermofisher.com product URLs 301-redirect to thermofisher.cn in this environment),Spectra Multicolor Broad Range Protein Ladder,26634,Prestained (4-color),8,100,10,green,#16a34a,1.55,true,protein-thermofisher-spectra-multicolor-broad-range-protein-ladder,https://www.thermofisher.com/order/catalog/product/26634,pdfs/ThermoFisher_Spectra_26634_UG.pdf ✓
ThermoFisher,https://www.thermofisher.com (China mirror served: thermofisher.cn — all thermofisher.com product URLs 301-redirect to thermofisher.cn in this environment),Spectra Multicolor Broad Range Protein Ladder,26634,Prestained (4-color),9,140,10,pink,#ec4899,1.55,true,protein-thermofisher-spectra-multicolor-broad-range-protein-ladder,https://www.thermofisher.com/order/catalog/product/26634,pdfs/ThermoFisher_Spectra_26634_UG.pdf ✓
ThermoFisher,https://www.thermofisher.com (China mirror served: thermofisher.cn — all thermofisher.com product URLs 301-redirect to thermofisher.cn in this environment),Spectra Multicolor Broad Range Protein Ladder,26634,Prestained (4-color),10,260,10,blue,#2563eb,1.55,true,protein-thermofisher-spectra-multicolor-broad-range-protein-ladder,https://www.thermofisher.com/order/catalog/product/26634,pdfs/ThermoFisher_Spectra_26634_UG.pdf ✓
ThermoFisher,https://www.thermofisher.com (China mirror served: thermofisher.cn — all thermofisher.com product URLs 301-redirect to thermofisher.cn in this environment),Pierce Prestained Protein MW Marker,26612,Prestained (6 blue-stained natural proteins),1,20,6,blue,#2563eb,1,false,protein-thermofisher-pierce-prestained-protein-mw-marker,https://www.thermofisher.com/order/catalog/product/26612,pdfs/ThermoFisher_Pierce_26612_UG.pdf ✓
ThermoFisher,https://www.thermofisher.com (China mirror served: thermofisher.cn — all thermofisher.com product URLs 301-redirect to thermofisher.cn in this environment),Pierce Prestained Protein MW Marker,26612,Prestained (6 blue-stained natural proteins),2,25,6,blue,#2563eb,1,false,protein-thermofisher-pierce-prestained-protein-mw-marker,https://www.thermofisher.com/order/catalog/product/26612,pdfs/ThermoFisher_Pierce_26612_UG.pdf ✓
ThermoFisher,https://www.thermofisher.com (China mirror served: thermofisher.cn — all thermofisher.com product URLs 301-redirect to thermofisher.cn in this environment),Pierce Prestained Protein MW Marker,26612,Prestained (6 blue-stained natural proteins),3,35,6,blue,#2563eb,1,false,protein-thermofisher-pierce-prestained-protein-mw-marker,https://www.thermofisher.com/order/catalog/product/26612,pdfs/ThermoFisher_Pierce_26612_UG.pdf ✓
ThermoFisher,https://www.thermofisher.com (China mirror served: thermofisher.cn — all thermofisher.com product URLs 301-redirect to thermofisher.cn in this environment),Pierce Prestained Protein MW Marker,26612,Prestained (6 blue-stained natural proteins),4,50,6,blue,#2563eb,1,false,protein-thermofisher-pierce-prestained-protein-mw-marker,https://www.thermofisher.com/order/catalog/product/26612,pdfs/ThermoFisher_Pierce_26612_UG.pdf ✓
ThermoFisher,https://www.thermofisher.com (China mirror served: thermofisher.cn — all thermofisher.com product URLs 301-redirect to thermofisher.cn in this environment),Pierce Prestained Protein MW Marker,26612,Prestained (6 blue-stained natural proteins),5,85,6,blue,#2563eb,1,false,protein-thermofisher-pierce-prestained-protein-mw-marker,https://www.thermofisher.com/order/catalog/product/26612,pdfs/ThermoFisher_Pierce_26612_UG.pdf ✓
ThermoFisher,https://www.thermofisher.com (China mirror served: thermofisher.cn — all thermofisher.com product URLs 301-redirect to thermofisher.cn in this environment),Pierce Prestained Protein MW Marker,26612,Prestained (6 blue-stained natural proteins),6,120,6,blue,#2563eb,1,false,protein-thermofisher-pierce-prestained-protein-mw-marker,https://www.thermofisher.com/order/catalog/product/26612,pdfs/ThermoFisher_Pierce_26612_UG.pdf ✓
ThermoFisher,https://www.thermofisher.com (China mirror served: thermofisher.cn — all thermofisher.com product URLs 301-redirect to thermofisher.cn in this environment),Novex Sharp Prestained Protein Standard,LC5800,Prestained,1,3.5,12,blue,#2563eb,1,false,protein-thermofisher-novex-sharp-prestained-protein-standard,https://www.thermofisher.com/order/catalog/product/LC5800,pdfs/ThermoFisher_NovexSharp_LC5800_UG.pdf ✓
ThermoFisher,https://www.thermofisher.com (China mirror served: thermofisher.cn — all thermofisher.com product URLs 301-redirect to thermofisher.cn in this environment),Novex Sharp Prestained Protein Standard,LC5800,Prestained,2,10,12,blue,#2563eb,1,false,protein-thermofisher-novex-sharp-prestained-protein-standard,https://www.thermofisher.com/order/catalog/product/LC5800,pdfs/ThermoFisher_NovexSharp_LC5800_UG.pdf ✓
ThermoFisher,https://www.thermofisher.com (China mirror served: thermofisher.cn — all thermofisher.com product URLs 301-redirect to thermofisher.cn in this environment),Novex Sharp Prestained Protein Standard,LC5800,Prestained,3,15,12,blue,#2563eb,1,false,protein-thermofisher-novex-sharp-prestained-protein-standard,https://www.thermofisher.com/order/catalog/product/LC5800,pdfs/ThermoFisher_NovexSharp_LC5800_UG.pdf ✓
ThermoFisher,https://www.thermofisher.com (China mirror served: thermofisher.cn — all thermofisher.com product URLs 301-redirect to thermofisher.cn in this environment),Novex Sharp Prestained Protein Standard,LC5800,Prestained,4,20,12,blue,#2563eb,1,false,protein-thermofisher-novex-sharp-prestained-protein-standard,https://www.thermofisher.com/order/catalog/product/LC5800,pdfs/ThermoFisher_NovexSharp_LC5800_UG.pdf ✓
ThermoFisher,https://www.thermofisher.com (China mirror served: thermofisher.cn — all thermofisher.com product URLs 301-redirect to thermofisher.cn in this environment),Novex Sharp Prestained Protein Standard,LC5800,Prestained,5,30,12,blue,#2563eb,1,false,protein-thermofisher-novex-sharp-prestained-protein-standard,https://www.thermofisher.com/order/catalog/product/LC5800,pdfs/ThermoFisher_NovexSharp_LC5800_UG.pdf ✓
ThermoFisher,https://www.thermofisher.com (China mirror served: thermofisher.cn — all thermofisher.com product URLs 301-redirect to thermofisher.cn in this environment),Novex Sharp Prestained Protein Standard,LC5800,Prestained,6,40,12,blue,#2563eb,1,false,protein-thermofisher-novex-sharp-prestained-protein-standard,https://www.thermofisher.com/order/catalog/product/LC5800,pdfs/ThermoFisher_NovexSharp_LC5800_UG.pdf ✓
ThermoFisher,https://www.thermofisher.com (China mirror served: thermofisher.cn — all thermofisher.com product URLs 301-redirect to thermofisher.cn in this environment),Novex Sharp Prestained Protein Standard,LC5800,Prestained,7,50,12,blue,#2563eb,1,false,protein-thermofisher-novex-sharp-prestained-protein-standard,https://www.thermofisher.com/order/catalog/product/LC5800,pdfs/ThermoFisher_NovexSharp_LC5800_UG.pdf ✓
ThermoFisher,https://www.thermofisher.com (China mirror served: thermofisher.cn — all thermofisher.com product URLs 301-redirect to thermofisher.cn in this environment),Novex Sharp Prestained Protein Standard,LC5800,Prestained,8,60,12,blue,#2563eb,1,false,protein-thermofisher-novex-sharp-prestained-protein-standard,https://www.thermofisher.com/order/catalog/product/LC5800,pdfs/ThermoFisher_NovexSharp_LC5800_UG.pdf ✓
ThermoFisher,https://www.thermofisher.com (China mirror served: thermofisher.cn — all thermofisher.com product URLs 301-redirect to thermofisher.cn in this environment),Novex Sharp Prestained Protein Standard,LC5800,Prestained,9,80,12,blue,#2563eb,1,false,protein-thermofisher-novex-sharp-prestained-protein-standard,https://www.thermofisher.com/order/catalog/product/LC5800,pdfs/ThermoFisher_NovexSharp_LC5800_UG.pdf ✓
ThermoFisher,https://www.thermofisher.com (China mirror served: thermofisher.cn — all thermofisher.com product URLs 301-redirect to thermofisher.cn in this environment),Novex Sharp Prestained Protein Standard,LC5800,Prestained,10,110,12,blue,#2563eb,1,false,protein-thermofisher-novex-sharp-prestained-protein-standard,https://www.thermofisher.com/order/catalog/product/LC5800,pdfs/ThermoFisher_NovexSharp_LC5800_UG.pdf ✓
ThermoFisher,https://www.thermofisher.com (China mirror served: thermofisher.cn — all thermofisher.com product URLs 301-redirect to thermofisher.cn in this environment),Novex Sharp Prestained Protein Standard,LC5800,Prestained,11,160,12,blue,#2563eb,1,false,protein-thermofisher-novex-sharp-prestained-protein-standard,https://www.thermofisher.com/order/catalog/product/LC5800,pdfs/ThermoFisher_NovexSharp_LC5800_UG.pdf ✓
ThermoFisher,https://www.thermofisher.com (China mirror served: thermofisher.cn — all thermofisher.com product URLs 301-redirect to thermofisher.cn in this environment),Novex Sharp Prestained Protein Standard,LC5800,Prestained,12,260,12,blue,#2563eb,1,false,protein-thermofisher-novex-sharp-prestained-protein-standard,https://www.thermofisher.com/order/catalog/product/LC5800,pdfs/ThermoFisher_NovexSharp_LC5800_UG.pdf ✓
ThermoFisher,https://www.thermofisher.com (China mirror served: thermofisher.cn — all thermofisher.com product URLs 301-redirect to thermofisher.cn in this environment),SeeBlue Plus2 Prestained Protein Standard,LC5925,"Prestained (3-color: blue, yellow, pink)",1,3,10,blue,#2563eb,1,false,protein-thermofisher-seeblue-plus2-prestained-protein-standard,https://www.thermofisher.com/order/catalog/product/LC5925,pdfs/ThermoFisher_SeeBluePlus2_LC5925_manual.pdf ✓
ThermoFisher,https://www.thermofisher.com (China mirror served: thermofisher.cn — all thermofisher.com product URLs 301-redirect to thermofisher.cn in this environment),SeeBlue Plus2 Prestained Protein Standard,LC5925,"Prestained (3-color: blue, yellow, pink)",2,6,10,blue,#2563eb,1,false,protein-thermofisher-seeblue-plus2-prestained-protein-standard,https://www.thermofisher.com/order/catalog/product/LC5925,pdfs/ThermoFisher_SeeBluePlus2_LC5925_manual.pdf ✓
ThermoFisher,https://www.thermofisher.com (China mirror served: thermofisher.cn — all thermofisher.com product URLs 301-redirect to thermofisher.cn in this environment),SeeBlue Plus2 Prestained Protein Standard,LC5925,"Prestained (3-color: blue, yellow, pink)",3,14,10,blue,#2563eb,1,false,protein-thermofisher-seeblue-plus2-prestained-protein-standard,https://www.thermofisher.com/order/catalog/product/LC5925,pdfs/ThermoFisher_SeeBluePlus2_LC5925_manual.pdf ✓
ThermoFisher,https://www.thermofisher.com (China mirror served: thermofisher.cn — all thermofisher.com product URLs 301-redirect to thermofisher.cn in this environment),SeeBlue Plus2 Prestained Protein Standard,LC5925,"Prestained (3-color: blue, yellow, pink)",4,17,10,blue,#2563eb,1,false,protein-thermofisher-seeblue-plus2-prestained-protein-standard,https://www.thermofisher.com/order/catalog/product/LC5925,pdfs/ThermoFisher_SeeBluePlus2_LC5925_manual.pdf ✓
ThermoFisher,https://www.thermofisher.com (China mirror served: thermofisher.cn — all thermofisher.com product URLs 301-redirect to thermofisher.cn in this environment),SeeBlue Plus2 Prestained Protein Standard,LC5925,"Prestained (3-color: blue, yellow, pink)",5,28,10,blue,#2563eb,1,false,protein-thermofisher-seeblue-plus2-prestained-protein-standard,https://www.thermofisher.com/order/catalog/product/LC5925,pdfs/ThermoFisher_SeeBluePlus2_LC5925_manual.pdf ✓
ThermoFisher,https://www.thermofisher.com (China mirror served: thermofisher.cn — all thermofisher.com product URLs 301-redirect to thermofisher.cn in this environment),SeeBlue Plus2 Prestained Protein Standard,LC5925,"Prestained (3-color: blue, yellow, pink)",6,38,10,blue,#2563eb,1,false,protein-thermofisher-seeblue-plus2-prestained-protein-standard,https://www.thermofisher.com/order/catalog/product/LC5925,pdfs/ThermoFisher_SeeBluePlus2_LC5925_manual.pdf ✓
ThermoFisher,https://www.thermofisher.com (China mirror served: thermofisher.cn — all thermofisher.com product URLs 301-redirect to thermofisher.cn in this environment),SeeBlue Plus2 Prestained Protein Standard,LC5925,"Prestained (3-color: blue, yellow, pink)",7,49,10,blue,#2563eb,1,false,protein-thermofisher-seeblue-plus2-prestained-protein-standard,https://www.thermofisher.com/order/catalog/product/LC5925,pdfs/ThermoFisher_SeeBluePlus2_LC5925_manual.pdf ✓
ThermoFisher,https://www.thermofisher.com (China mirror served: thermofisher.cn — all thermofisher.com product URLs 301-redirect to thermofisher.cn in this environment),SeeBlue Plus2 Prestained Protein Standard,LC5925,"Prestained (3-color: blue, yellow, pink)",8,62,10,blue,#2563eb,1,false,protein-thermofisher-seeblue-plus2-prestained-protein-standard,https://www.thermofisher.com/order/catalog/product/LC5925,pdfs/ThermoFisher_SeeBluePlus2_LC5925_manual.pdf ✓
ThermoFisher,https://www.thermofisher.com (China mirror served: thermofisher.cn — all thermofisher.com product URLs 301-redirect to thermofisher.cn in this environment),SeeBlue Plus2 Prestained Protein Standard,LC5925,"Prestained (3-color: blue, yellow, pink)",9,98,10,blue,#2563eb,1,false,protein-thermofisher-seeblue-plus2-prestained-protein-standard,https://www.thermofisher.com/order/catalog/product/LC5925,pdfs/ThermoFisher_SeeBluePlus2_LC5925_manual.pdf ✓
ThermoFisher,https://www.thermofisher.com (China mirror served: thermofisher.cn — all thermofisher.com product URLs 301-redirect to thermofisher.cn in this environment),SeeBlue Plus2 Prestained Protein Standard,LC5925,"Prestained (3-color: blue, yellow, pink)",10,198,10,blue,#2563eb,1,false,protein-thermofisher-seeblue-plus2-prestained-protein-standard,https://www.thermofisher.com/order/catalog/product/LC5925,pdfs/ThermoFisher_SeeBluePlus2_LC5925_manual.pdf ✓
ThermoFisher,https://www.thermofisher.com (China mirror served: thermofisher.cn — all thermofisher.com product URLs 301-redirect to thermofisher.cn in this environment),MagicMark XP Western Protein Standard,LC5602,Unstained (Western standard; for chemiluminescent/fluorescent detection on western blots),1,20,9,gray,#334155,1,false,protein-thermofisher-magicmark-xp-western-protein-standard,https://www.thermofisher.com/order/catalog/product/LC5602,pdfs/ThermoFisher_MagicMarkXP_LC5602_UG.pdf ✓
ThermoFisher,https://www.thermofisher.com (China mirror served: thermofisher.cn — all thermofisher.com product URLs 301-redirect to thermofisher.cn in this environment),MagicMark XP Western Protein Standard,LC5602,Unstained (Western standard; for chemiluminescent/fluorescent detection on western blots),2,30,9,gray,#334155,1,false,protein-thermofisher-magicmark-xp-western-protein-standard,https://www.thermofisher.com/order/catalog/product/LC5602,pdfs/ThermoFisher_MagicMarkXP_LC5602_UG.pdf ✓
ThermoFisher,https://www.thermofisher.com (China mirror served: thermofisher.cn — all thermofisher.com product URLs 301-redirect to thermofisher.cn in this environment),MagicMark XP Western Protein Standard,LC5602,Unstained (Western standard; for chemiluminescent/fluorescent detection on western blots),3,40,9,gray,#334155,1,false,protein-thermofisher-magicmark-xp-western-protein-standard,https://www.thermofisher.com/order/catalog/product/LC5602,pdfs/ThermoFisher_MagicMarkXP_LC5602_UG.pdf ✓
ThermoFisher,https://www.thermofisher.com (China mirror served: thermofisher.cn — all thermofisher.com product URLs 301-redirect to thermofisher.cn in this environment),MagicMark XP Western Protein Standard,LC5602,Unstained (Western standard; for chemiluminescent/fluorescent detection on western blots),4,50,9,gray,#334155,1,false,protein-thermofisher-magicmark-xp-western-protein-standard,https://www.thermofisher.com/order/catalog/product/LC5602,pdfs/ThermoFisher_MagicMarkXP_LC5602_UG.pdf ✓
ThermoFisher,https://www.thermofisher.com (China mirror served: thermofisher.cn — all thermofisher.com product URLs 301-redirect to thermofisher.cn in this environment),MagicMark XP Western Protein Standard,LC5602,Unstained (Western standard; for chemiluminescent/fluorescent detection on western blots),5,60,9,gray,#334155,1,false,protein-thermofisher-magicmark-xp-western-protein-standard,https://www.thermofisher.com/order/catalog/product/LC5602,pdfs/ThermoFisher_MagicMarkXP_LC5602_UG.pdf ✓
ThermoFisher,https://www.thermofisher.com (China mirror served: thermofisher.cn — all thermofisher.com product URLs 301-redirect to thermofisher.cn in this environment),MagicMark XP Western Protein Standard,LC5602,Unstained (Western standard; for chemiluminescent/fluorescent detection on western blots),6,80,9,gray,#334155,1,false,protein-thermofisher-magicmark-xp-western-protein-standard,https://www.thermofisher.com/order/catalog/product/LC5602,pdfs/ThermoFisher_MagicMarkXP_LC5602_UG.pdf ✓
ThermoFisher,https://www.thermofisher.com (China mirror served: thermofisher.cn — all thermofisher.com product URLs 301-redirect to thermofisher.cn in this environment),MagicMark XP Western Protein Standard,LC5602,Unstained (Western standard; for chemiluminescent/fluorescent detection on western blots),7,100,9,gray,#334155,1,false,protein-thermofisher-magicmark-xp-western-protein-standard,https://www.thermofisher.com/order/catalog/product/LC5602,pdfs/ThermoFisher_MagicMarkXP_LC5602_UG.pdf ✓
ThermoFisher,https://www.thermofisher.com (China mirror served: thermofisher.cn — all thermofisher.com product URLs 301-redirect to thermofisher.cn in this environment),MagicMark XP Western Protein Standard,LC5602,Unstained (Western standard; for chemiluminescent/fluorescent detection on western blots),8,120,9,gray,#334155,1,false,protein-thermofisher-magicmark-xp-western-protein-standard,https://www.thermofisher.com/order/catalog/product/LC5602,pdfs/ThermoFisher_MagicMarkXP_LC5602_UG.pdf ✓
ThermoFisher,https://www.thermofisher.com (China mirror served: thermofisher.cn — all thermofisher.com product URLs 301-redirect to thermofisher.cn in this environment),MagicMark XP Western Protein Standard,LC5602,Unstained (Western standard; for chemiluminescent/fluorescent detection on western blots),9,220,9,gray,#334155,1,false,protein-thermofisher-magicmark-xp-western-protein-standard,https://www.thermofisher.com/order/catalog/product/LC5602,pdfs/ThermoFisher_MagicMarkXP_LC5602_UG.pdf ✓
ThermoFisher,https://www.thermofisher.com (China mirror served: thermofisher.cn — all thermofisher.com product URLs 301-redirect to thermofisher.cn in this environment),HiMark Prestained Protein Standard,LC5699,"Prestained (dual-color: purple, pink; for high-MW native/SDS-PAGE)",1,31,9,blue,#2563eb,1,false,protein-thermofisher-himark-prestained-protein-standard,https://www.thermofisher.com/order/catalog/product/LC5699,pdfs/ThermoFisher_HiMark_LC5699_manual.pdf ✓
ThermoFisher,https://www.thermofisher.com (China mirror served: thermofisher.cn — all thermofisher.com product URLs 301-redirect to thermofisher.cn in this environment),HiMark Prestained Protein Standard,LC5699,"Prestained (dual-color: purple, pink; for high-MW native/SDS-PAGE)",2,41,9,blue,#2563eb,1,false,protein-thermofisher-himark-prestained-protein-standard,https://www.thermofisher.com/order/catalog/product/LC5699,pdfs/ThermoFisher_HiMark_LC5699_manual.pdf ✓
ThermoFisher,https://www.thermofisher.com (China mirror served: thermofisher.cn — all thermofisher.com product URLs 301-redirect to thermofisher.cn in this environment),HiMark Prestained Protein Standard,LC5699,"Prestained (dual-color: purple, pink; for high-MW native/SDS-PAGE)",3,55,9,blue,#2563eb,1,false,protein-thermofisher-himark-prestained-protein-standard,https://www.thermofisher.com/order/catalog/product/LC5699,pdfs/ThermoFisher_HiMark_LC5699_manual.pdf ✓
ThermoFisher,https://www.thermofisher.com (China mirror served: thermofisher.cn — all thermofisher.com product URLs 301-redirect to thermofisher.cn in this environment),HiMark Prestained Protein Standard,LC5699,"Prestained (dual-color: purple, pink; for high-MW native/SDS-PAGE)",4,71,9,blue,#2563eb,1,false,protein-thermofisher-himark-prestained-protein-standard,https://www.thermofisher.com/order/catalog/product/LC5699,pdfs/ThermoFisher_HiMark_LC5699_manual.pdf ✓
ThermoFisher,https://www.thermofisher.com (China mirror served: thermofisher.cn — all thermofisher.com product URLs 301-redirect to thermofisher.cn in this environment),HiMark Prestained Protein Standard,LC5699,"Prestained (dual-color: purple, pink; for high-MW native/SDS-PAGE)",5,117,9,blue,#2563eb,1,false,protein-thermofisher-himark-prestained-protein-standard,https://www.thermofisher.com/order/catalog/product/LC5699,pdfs/ThermoFisher_HiMark_LC5699_manual.pdf ✓
ThermoFisher,https://www.thermofisher.com (China mirror served: thermofisher.cn — all thermofisher.com product URLs 301-redirect to thermofisher.cn in this environment),HiMark Prestained Protein Standard,LC5699,"Prestained (dual-color: purple, pink; for high-MW native/SDS-PAGE)",6,171,9,blue,#2563eb,1,false,protein-thermofisher-himark-prestained-protein-standard,https://www.thermofisher.com/order/catalog/product/LC5699,pdfs/ThermoFisher_HiMark_LC5699_manual.pdf ✓
ThermoFisher,https://www.thermofisher.com (China mirror served: thermofisher.cn — all thermofisher.com product URLs 301-redirect to thermofisher.cn in this environment),HiMark Prestained Protein Standard,LC5699,"Prestained (dual-color: purple, pink; for high-MW native/SDS-PAGE)",7,238,9,blue,#2563eb,1,false,protein-thermofisher-himark-prestained-protein-standard,https://www.thermofisher.com/order/catalog/product/LC5699,pdfs/ThermoFisher_HiMark_LC5699_manual.pdf ✓
ThermoFisher,https://www.thermofisher.com (China mirror served: thermofisher.cn — all thermofisher.com product URLs 301-redirect to thermofisher.cn in this environment),HiMark Prestained Protein Standard,LC5699,"Prestained (dual-color: purple, pink; for high-MW native/SDS-PAGE)",8,268,9,blue,#2563eb,1,false,protein-thermofisher-himark-prestained-protein-standard,https://www.thermofisher.com/order/catalog/product/LC5699,pdfs/ThermoFisher_HiMark_LC5699_manual.pdf ✓
ThermoFisher,https://www.thermofisher.com (China mirror served: thermofisher.cn — all thermofisher.com product URLs 301-redirect to thermofisher.cn in this environment),HiMark Prestained Protein Standard,LC5699,"Prestained (dual-color: purple, pink; for high-MW native/SDS-PAGE)",9,460,9,blue,#2563eb,1,false,protein-thermofisher-himark-prestained-protein-standard,https://www.thermofisher.com/order/catalog/product/LC5699,pdfs/ThermoFisher_HiMark_LC5699_manual.pdf ✓
TransGen_Biotech,transgenbiotech.com,ProteinRuler® I (12-80 kDa),DR101-01 / DR101-02,Unstained recombinant proteins + 1 blue prestained reference band (12 kDa),1,12,6,blue,#2563eb,1,false,protein-transgen-biotech-proteinruler-i-12-80-kda,https://www.transgenbiotech.com/unstained_protein_marker/proteinruler_i_12_80_kda.html,TransGen_DR101_ProteinRuler_I.pdf (https://www.transgenbiotech.com/download/pdf/1/DR101_400/DR101.pdf)
TransGen_Biotech,transgenbiotech.com,ProteinRuler® I (12-80 kDa),DR101-01 / DR101-02,Unstained recombinant proteins + 1 blue prestained reference band (12 kDa),2,20,6,blue,#2563eb,1,false,protein-transgen-biotech-proteinruler-i-12-80-kda,https://www.transgenbiotech.com/unstained_protein_marker/proteinruler_i_12_80_kda.html,TransGen_DR101_ProteinRuler_I.pdf (https://www.transgenbiotech.com/download/pdf/1/DR101_400/DR101.pdf)
TransGen_Biotech,transgenbiotech.com,ProteinRuler® I (12-80 kDa),DR101-01 / DR101-02,Unstained recombinant proteins + 1 blue prestained reference band (12 kDa),3,30,6,blue,#2563eb,1,false,protein-transgen-biotech-proteinruler-i-12-80-kda,https://www.transgenbiotech.com/unstained_protein_marker/proteinruler_i_12_80_kda.html,TransGen_DR101_ProteinRuler_I.pdf (https://www.transgenbiotech.com/download/pdf/1/DR101_400/DR101.pdf)
TransGen_Biotech,transgenbiotech.com,ProteinRuler® I (12-80 kDa),DR101-01 / DR101-02,Unstained recombinant proteins + 1 blue prestained reference band (12 kDa),4,40,6,blue,#2563eb,1,false,protein-transgen-biotech-proteinruler-i-12-80-kda,https://www.transgenbiotech.com/unstained_protein_marker/proteinruler_i_12_80_kda.html,TransGen_DR101_ProteinRuler_I.pdf (https://www.transgenbiotech.com/download/pdf/1/DR101_400/DR101.pdf)
TransGen_Biotech,transgenbiotech.com,ProteinRuler® I (12-80 kDa),DR101-01 / DR101-02,Unstained recombinant proteins + 1 blue prestained reference band (12 kDa),5,60,6,blue,#2563eb,1,false,protein-transgen-biotech-proteinruler-i-12-80-kda,https://www.transgenbiotech.com/unstained_protein_marker/proteinruler_i_12_80_kda.html,TransGen_DR101_ProteinRuler_I.pdf (https://www.transgenbiotech.com/download/pdf/1/DR101_400/DR101.pdf)
TransGen_Biotech,transgenbiotech.com,ProteinRuler® I (12-80 kDa),DR101-01 / DR101-02,Unstained recombinant proteins + 1 blue prestained reference band (12 kDa),6,80,6,blue,#2563eb,1,false,protein-transgen-biotech-proteinruler-i-12-80-kda,https://www.transgenbiotech.com/unstained_protein_marker/proteinruler_i_12_80_kda.html,TransGen_DR101_ProteinRuler_I.pdf (https://www.transgenbiotech.com/download/pdf/1/DR101_400/DR101.pdf)
TransGen_Biotech,transgenbiotech.com,ProteinRuler® II (12-120 kDa),DR201-01 / DR201-02,Unstained recombinant proteins + 1 blue prestained reference band (12 kDa),1,12,9,blue,#2563eb,1,false,protein-transgen-biotech-proteinruler-ii-12-120-kda,https://www.transgenbiotech.com/unstained_protein_marker/proteinruler_ii_12_120_kda.html,TransGen_DR201_ProteinRuler_II.pdf (https://www.transgenbiotech.com/download/pdf/1/DR201_403/DR201.pdf)
TransGen_Biotech,transgenbiotech.com,ProteinRuler® II (12-120 kDa),DR201-01 / DR201-02,Unstained recombinant proteins + 1 blue prestained reference band (12 kDa),2,20,9,blue,#2563eb,1,false,protein-transgen-biotech-proteinruler-ii-12-120-kda,https://www.transgenbiotech.com/unstained_protein_marker/proteinruler_ii_12_120_kda.html,TransGen_DR201_ProteinRuler_II.pdf (https://www.transgenbiotech.com/download/pdf/1/DR201_403/DR201.pdf)
TransGen_Biotech,transgenbiotech.com,ProteinRuler® II (12-120 kDa),DR201-01 / DR201-02,Unstained recombinant proteins + 1 blue prestained reference band (12 kDa),3,30,9,blue,#2563eb,1,false,protein-transgen-biotech-proteinruler-ii-12-120-kda,https://www.transgenbiotech.com/unstained_protein_marker/proteinruler_ii_12_120_kda.html,TransGen_DR201_ProteinRuler_II.pdf (https://www.transgenbiotech.com/download/pdf/1/DR201_403/DR201.pdf)
TransGen_Biotech,transgenbiotech.com,ProteinRuler® II (12-120 kDa),DR201-01 / DR201-02,Unstained recombinant proteins + 1 blue prestained reference band (12 kDa),4,40,9,blue,#2563eb,1,false,protein-transgen-biotech-proteinruler-ii-12-120-kda,https://www.transgenbiotech.com/unstained_protein_marker/proteinruler_ii_12_120_kda.html,TransGen_DR201_ProteinRuler_II.pdf (https://www.transgenbiotech.com/download/pdf/1/DR201_403/DR201.pdf)
TransGen_Biotech,transgenbiotech.com,ProteinRuler® II (12-120 kDa),DR201-01 / DR201-02,Unstained recombinant proteins + 1 blue prestained reference band (12 kDa),5,50,9,blue,#2563eb,1,false,protein-transgen-biotech-proteinruler-ii-12-120-kda,https://www.transgenbiotech.com/unstained_protein_marker/proteinruler_ii_12_120_kda.html,TransGen_DR201_ProteinRuler_II.pdf (https://www.transgenbiotech.com/download/pdf/1/DR201_403/DR201.pdf)
TransGen_Biotech,transgenbiotech.com,ProteinRuler® II (12-120 kDa),DR201-01 / DR201-02,Unstained recombinant proteins + 1 blue prestained reference band (12 kDa),6,60,9,blue,#2563eb,1,false,protein-transgen-biotech-proteinruler-ii-12-120-kda,https://www.transgenbiotech.com/unstained_protein_marker/proteinruler_ii_12_120_kda.html,TransGen_DR201_ProteinRuler_II.pdf (https://www.transgenbiotech.com/download/pdf/1/DR201_403/DR201.pdf)
TransGen_Biotech,transgenbiotech.com,ProteinRuler® II (12-120 kDa),DR201-01 / DR201-02,Unstained recombinant proteins + 1 blue prestained reference band (12 kDa),7,80,9,blue,#2563eb,1,false,protein-transgen-biotech-proteinruler-ii-12-120-kda,https://www.transgenbiotech.com/unstained_protein_marker/proteinruler_ii_12_120_kda.html,TransGen_DR201_ProteinRuler_II.pdf (https://www.transgenbiotech.com/download/pdf/1/DR201_403/DR201.pdf)
TransGen_Biotech,transgenbiotech.com,ProteinRuler® II (12-120 kDa),DR201-01 / DR201-02,Unstained recombinant proteins + 1 blue prestained reference band (12 kDa),8,100,9,blue,#2563eb,1,false,protein-transgen-biotech-proteinruler-ii-12-120-kda,https://www.transgenbiotech.com/unstained_protein_marker/proteinruler_ii_12_120_kda.html,TransGen_DR201_ProteinRuler_II.pdf (https://www.transgenbiotech.com/download/pdf/1/DR201_403/DR201.pdf)
TransGen_Biotech,transgenbiotech.com,ProteinRuler® II (12-120 kDa),DR201-01 / DR201-02,Unstained recombinant proteins + 1 blue prestained reference band (12 kDa),9,120,9,blue,#2563eb,1,false,protein-transgen-biotech-proteinruler-ii-12-120-kda,https://www.transgenbiotech.com/unstained_protein_marker/proteinruler_ii_12_120_kda.html,TransGen_DR201_ProteinRuler_II.pdf (https://www.transgenbiotech.com/download/pdf/1/DR201_403/DR201.pdf)
TransGen_Biotech,transgenbiotech.com,ProteinRuler® IV (30-200 kDa),DR401-01 / DR401-02,Unstained recombinant proteins + 1 blue prestained reference band (30 kDa),1,30,7,blue,#2563eb,1,false,protein-transgen-biotech-proteinruler-iv-30-200-kda,https://www.transgenbiotech.com/unstained_protein_marker/proteinruler_iv_30_200_kda.html,TransGen_DR401_ProteinRuler_IV.pdf (https://www.transgenbiotech.com/download/pdf/1/DR401_407/DR401.pdf)
TransGen_Biotech,transgenbiotech.com,ProteinRuler® IV (30-200 kDa),DR401-01 / DR401-02,Unstained recombinant proteins + 1 blue prestained reference band (30 kDa),2,40,7,blue,#2563eb,1,false,protein-transgen-biotech-proteinruler-iv-30-200-kda,https://www.transgenbiotech.com/unstained_protein_marker/proteinruler_iv_30_200_kda.html,TransGen_DR401_ProteinRuler_IV.pdf (https://www.transgenbiotech.com/download/pdf/1/DR401_407/DR401.pdf)
TransGen_Biotech,transgenbiotech.com,ProteinRuler® IV (30-200 kDa),DR401-01 / DR401-02,Unstained recombinant proteins + 1 blue prestained reference band (30 kDa),3,60,7,blue,#2563eb,1,false,protein-transgen-biotech-proteinruler-iv-30-200-kda,https://www.transgenbiotech.com/unstained_protein_marker/proteinruler_iv_30_200_kda.html,TransGen_DR401_ProteinRuler_IV.pdf (https://www.transgenbiotech.com/download/pdf/1/DR401_407/DR401.pdf)
TransGen_Biotech,transgenbiotech.com,ProteinRuler® IV (30-200 kDa),DR401-01 / DR401-02,Unstained recombinant proteins + 1 blue prestained reference band (30 kDa),4,80,7,blue,#2563eb,1,false,protein-transgen-biotech-proteinruler-iv-30-200-kda,https://www.transgenbiotech.com/unstained_protein_marker/proteinruler_iv_30_200_kda.html,TransGen_DR401_ProteinRuler_IV.pdf (https://www.transgenbiotech.com/download/pdf/1/DR401_407/DR401.pdf)
TransGen_Biotech,transgenbiotech.com,ProteinRuler® IV (30-200 kDa),DR401-01 / DR401-02,Unstained recombinant proteins + 1 blue prestained reference band (30 kDa),5,100,7,blue,#2563eb,1,false,protein-transgen-biotech-proteinruler-iv-30-200-kda,https://www.transgenbiotech.com/unstained_protein_marker/proteinruler_iv_30_200_kda.html,TransGen_DR401_ProteinRuler_IV.pdf (https://www.transgenbiotech.com/download/pdf/1/DR401_407/DR401.pdf)
TransGen_Biotech,transgenbiotech.com,ProteinRuler® IV (30-200 kDa),DR401-01 / DR401-02,Unstained recombinant proteins + 1 blue prestained reference band (30 kDa),6,150,7,blue,#2563eb,1,false,protein-transgen-biotech-proteinruler-iv-30-200-kda,https://www.transgenbiotech.com/unstained_protein_marker/proteinruler_iv_30_200_kda.html,TransGen_DR401_ProteinRuler_IV.pdf (https://www.transgenbiotech.com/download/pdf/1/DR401_407/DR401.pdf)
TransGen_Biotech,transgenbiotech.com,ProteinRuler® IV (30-200 kDa),DR401-01 / DR401-02,Unstained recombinant proteins + 1 blue prestained reference band (30 kDa),7,200,7,blue,#2563eb,1,false,protein-transgen-biotech-proteinruler-iv-30-200-kda,https://www.transgenbiotech.com/unstained_protein_marker/proteinruler_iv_30_200_kda.html,TransGen_DR401_ProteinRuler_IV.pdf (https://www.transgenbiotech.com/download/pdf/1/DR401_407/DR401.pdf)
TransGen_Biotech,transgenbiotech.com,Blue Plus® Protein Marker (14-100 kDa),DM101-01 / DM101-02,"Prestained, multi-color (50 kDa = orange, 14 kDa = yellow, others blue)",1,14,7,yellow,#eab308,1.55,true,protein-transgen-biotech-blue-plus-protein-marker-14-100-kda,https://www.transgenbiotech.com/prestained_protein_marker/blue_plus_protein_marker_14_100_kda.html,- PDF: TransGen_DM101_BluePlus_I.pdf (https://www.transgenbiotech.com/download/pdf/1/DM101_408/DM101.pdf)
TransGen_Biotech,transgenbiotech.com,Blue Plus® Protein Marker (14-100 kDa),DM101-01 / DM101-02,"Prestained, multi-color (50 kDa = orange, 14 kDa = yellow, others blue)",2,25,7,blue,#2563eb,1,false,protein-transgen-biotech-blue-plus-protein-marker-14-100-kda,https://www.transgenbiotech.com/prestained_protein_marker/blue_plus_protein_marker_14_100_kda.html,- PDF: TransGen_DM101_BluePlus_I.pdf (https://www.transgenbiotech.com/download/pdf/1/DM101_408/DM101.pdf)
TransGen_Biotech,transgenbiotech.com,Blue Plus® Protein Marker (14-100 kDa),DM101-01 / DM101-02,"Prestained, multi-color (50 kDa = orange, 14 kDa = yellow, others blue)",3,35,7,blue,#2563eb,1,false,protein-transgen-biotech-blue-plus-protein-marker-14-100-kda,https://www.transgenbiotech.com/prestained_protein_marker/blue_plus_protein_marker_14_100_kda.html,- PDF: TransGen_DM101_BluePlus_I.pdf (https://www.transgenbiotech.com/download/pdf/1/DM101_408/DM101.pdf)
TransGen_Biotech,transgenbiotech.com,Blue Plus® Protein Marker (14-100 kDa),DM101-01 / DM101-02,"Prestained, multi-color (50 kDa = orange, 14 kDa = yellow, others blue)",4,45,7,blue,#2563eb,1,false,protein-transgen-biotech-blue-plus-protein-marker-14-100-kda,https://www.transgenbiotech.com/prestained_protein_marker/blue_plus_protein_marker_14_100_kda.html,- PDF: TransGen_DM101_BluePlus_I.pdf (https://www.transgenbiotech.com/download/pdf/1/DM101_408/DM101.pdf)
TransGen_Biotech,transgenbiotech.com,Blue Plus® Protein Marker (14-100 kDa),DM101-01 / DM101-02,"Prestained, multi-color (50 kDa = orange, 14 kDa = yellow, others blue)",5,50,7,orange,#f97316,1.55,true,protein-transgen-biotech-blue-plus-protein-marker-14-100-kda,https://www.transgenbiotech.com/prestained_protein_marker/blue_plus_protein_marker_14_100_kda.html,- PDF: TransGen_DM101_BluePlus_I.pdf (https://www.transgenbiotech.com/download/pdf/1/DM101_408/DM101.pdf)
TransGen_Biotech,transgenbiotech.com,Blue Plus® Protein Marker (14-100 kDa),DM101-01 / DM101-02,"Prestained, multi-color (50 kDa = orange, 14 kDa = yellow, others blue)",6,70,7,blue,#2563eb,1,false,protein-transgen-biotech-blue-plus-protein-marker-14-100-kda,https://www.transgenbiotech.com/prestained_protein_marker/blue_plus_protein_marker_14_100_kda.html,- PDF: TransGen_DM101_BluePlus_I.pdf (https://www.transgenbiotech.com/download/pdf/1/DM101_408/DM101.pdf)
TransGen_Biotech,transgenbiotech.com,Blue Plus® Protein Marker (14-100 kDa),DM101-01 / DM101-02,"Prestained, multi-color (50 kDa = orange, 14 kDa = yellow, others blue)",7,100,7,blue,#2563eb,1,false,protein-transgen-biotech-blue-plus-protein-marker-14-100-kda,https://www.transgenbiotech.com/prestained_protein_marker/blue_plus_protein_marker_14_100_kda.html,- PDF: TransGen_DM101_BluePlus_I.pdf (https://www.transgenbiotech.com/download/pdf/1/DM101_408/DM101.pdf)
TransGen_Biotech,transgenbiotech.com,Blue Plus® II Protein Marker (14-120 kDa),DM111-01 / DM111-02,"Prestained, multi-color (50 & 120 kDa = orange, 14 kDa = yellow, others blue)",1,14,8,yellow,#eab308,1.55,true,protein-transgen-biotech-blue-plus-ii-protein-marker-14-120-kda,https://www.transgenbiotech.com/prestained_protein_marker/blue_plus_ii_protein_marker_14_120_kda.html,TransGen_DM111_BluePlus_II.pdf (https://www.transgenbiotech.com/download/pdf/1/DM111_411/DM111.pdf)
TransGen_Biotech,transgenbiotech.com,Blue Plus® II Protein Marker (14-120 kDa),DM111-01 / DM111-02,"Prestained, multi-color (50 & 120 kDa = orange, 14 kDa = yellow, others blue)",2,25,8,blue,#2563eb,1,false,protein-transgen-biotech-blue-plus-ii-protein-marker-14-120-kda,https://www.transgenbiotech.com/prestained_protein_marker/blue_plus_ii_protein_marker_14_120_kda.html,TransGen_DM111_BluePlus_II.pdf (https://www.transgenbiotech.com/download/pdf/1/DM111_411/DM111.pdf)
TransGen_Biotech,transgenbiotech.com,Blue Plus® II Protein Marker (14-120 kDa),DM111-01 / DM111-02,"Prestained, multi-color (50 & 120 kDa = orange, 14 kDa = yellow, others blue)",3,35,8,blue,#2563eb,1,false,protein-transgen-biotech-blue-plus-ii-protein-marker-14-120-kda,https://www.transgenbiotech.com/prestained_protein_marker/blue_plus_ii_protein_marker_14_120_kda.html,TransGen_DM111_BluePlus_II.pdf (https://www.transgenbiotech.com/download/pdf/1/DM111_411/DM111.pdf)
TransGen_Biotech,transgenbiotech.com,Blue Plus® II Protein Marker (14-120 kDa),DM111-01 / DM111-02,"Prestained, multi-color (50 & 120 kDa = orange, 14 kDa = yellow, others blue)",4,45,8,blue,#2563eb,1,false,protein-transgen-biotech-blue-plus-ii-protein-marker-14-120-kda,https://www.transgenbiotech.com/prestained_protein_marker/blue_plus_ii_protein_marker_14_120_kda.html,TransGen_DM111_BluePlus_II.pdf (https://www.transgenbiotech.com/download/pdf/1/DM111_411/DM111.pdf)
TransGen_Biotech,transgenbiotech.com,Blue Plus® II Protein Marker (14-120 kDa),DM111-01 / DM111-02,"Prestained, multi-color (50 & 120 kDa = orange, 14 kDa = yellow, others blue)",5,50,8,orange,#f97316,1.55,true,protein-transgen-biotech-blue-plus-ii-protein-marker-14-120-kda,https://www.transgenbiotech.com/prestained_protein_marker/blue_plus_ii_protein_marker_14_120_kda.html,TransGen_DM111_BluePlus_II.pdf (https://www.transgenbiotech.com/download/pdf/1/DM111_411/DM111.pdf)
TransGen_Biotech,transgenbiotech.com,Blue Plus® II Protein Marker (14-120 kDa),DM111-01 / DM111-02,"Prestained, multi-color (50 & 120 kDa = orange, 14 kDa = yellow, others blue)",6,70,8,blue,#2563eb,1,false,protein-transgen-biotech-blue-plus-ii-protein-marker-14-120-kda,https://www.transgenbiotech.com/prestained_protein_marker/blue_plus_ii_protein_marker_14_120_kda.html,TransGen_DM111_BluePlus_II.pdf (https://www.transgenbiotech.com/download/pdf/1/DM111_411/DM111.pdf)
TransGen_Biotech,transgenbiotech.com,Blue Plus® II Protein Marker (14-120 kDa),DM111-01 / DM111-02,"Prestained, multi-color (50 & 120 kDa = orange, 14 kDa = yellow, others blue)",7,100,8,blue,#2563eb,1,false,protein-transgen-biotech-blue-plus-ii-protein-marker-14-120-kda,https://www.transgenbiotech.com/prestained_protein_marker/blue_plus_ii_protein_marker_14_120_kda.html,TransGen_DM111_BluePlus_II.pdf (https://www.transgenbiotech.com/download/pdf/1/DM111_411/DM111.pdf)
TransGen_Biotech,transgenbiotech.com,Blue Plus® II Protein Marker (14-120 kDa),DM111-01 / DM111-02,"Prestained, multi-color (50 & 120 kDa = orange, 14 kDa = yellow, others blue)",8,120,8,orange,#f97316,1.55,true,protein-transgen-biotech-blue-plus-ii-protein-marker-14-120-kda,https://www.transgenbiotech.com/prestained_protein_marker/blue_plus_ii_protein_marker_14_120_kda.html,TransGen_DM111_BluePlus_II.pdf (https://www.transgenbiotech.com/download/pdf/1/DM111_411/DM111.pdf)
TransGen_Biotech,transgenbiotech.com,Blue Plus® V Protein Marker (10-190 kDa),DM141-01 / DM141-02 / DM141-03,"Prestained, multi-color (70 kDa = orange, 20 kDa = green, others blue)",1,10,10,blue,#2563eb,1,false,protein-transgen-biotech-blue-plus-v-protein-marker-10-190-kda,https://www.transgenbiotech.com/prestained_protein_marker/blue_plus_v_protein_marker_10_190_kda.html,TransGen_DM141_BluePlus_V.pdf (https://www.transgenbiotech.com/download/pdf/1/DM141_414/DM141.pdf)
TransGen_Biotech,transgenbiotech.com,Blue Plus® V Protein Marker (10-190 kDa),DM141-01 / DM141-02 / DM141-03,"Prestained, multi-color (70 kDa = orange, 20 kDa = green, others blue)",2,20,10,green,#16a34a,1.55,true,protein-transgen-biotech-blue-plus-v-protein-marker-10-190-kda,https://www.transgenbiotech.com/prestained_protein_marker/blue_plus_v_protein_marker_10_190_kda.html,TransGen_DM141_BluePlus_V.pdf (https://www.transgenbiotech.com/download/pdf/1/DM141_414/DM141.pdf)
TransGen_Biotech,transgenbiotech.com,Blue Plus® V Protein Marker (10-190 kDa),DM141-01 / DM141-02 / DM141-03,"Prestained, multi-color (70 kDa = orange, 20 kDa = green, others blue)",3,30,10,blue,#2563eb,1,false,protein-transgen-biotech-blue-plus-v-protein-marker-10-190-kda,https://www.transgenbiotech.com/prestained_protein_marker/blue_plus_v_protein_marker_10_190_kda.html,TransGen_DM141_BluePlus_V.pdf (https://www.transgenbiotech.com/download/pdf/1/DM141_414/DM141.pdf)
TransGen_Biotech,transgenbiotech.com,Blue Plus® V Protein Marker (10-190 kDa),DM141-01 / DM141-02 / DM141-03,"Prestained, multi-color (70 kDa = orange, 20 kDa = green, others blue)",4,40,10,blue,#2563eb,1,false,protein-transgen-biotech-blue-plus-v-protein-marker-10-190-kda,https://www.transgenbiotech.com/prestained_protein_marker/blue_plus_v_protein_marker_10_190_kda.html,TransGen_DM141_BluePlus_V.pdf (https://www.transgenbiotech.com/download/pdf/1/DM141_414/DM141.pdf)
TransGen_Biotech,transgenbiotech.com,Blue Plus® V Protein Marker (10-190 kDa),DM141-01 / DM141-02 / DM141-03,"Prestained, multi-color (70 kDa = orange, 20 kDa = green, others blue)",5,50,10,blue,#2563eb,1,false,protein-transgen-biotech-blue-plus-v-protein-marker-10-190-kda,https://www.transgenbiotech.com/prestained_protein_marker/blue_plus_v_protein_marker_10_190_kda.html,TransGen_DM141_BluePlus_V.pdf (https://www.transgenbiotech.com/download/pdf/1/DM141_414/DM141.pdf)
TransGen_Biotech,transgenbiotech.com,Blue Plus® V Protein Marker (10-190 kDa),DM141-01 / DM141-02 / DM141-03,"Prestained, multi-color (70 kDa = orange, 20 kDa = green, others blue)",6,70,10,orange,#f97316,1.55,true,protein-transgen-biotech-blue-plus-v-protein-marker-10-190-kda,https://www.transgenbiotech.com/prestained_protein_marker/blue_plus_v_protein_marker_10_190_kda.html,TransGen_DM141_BluePlus_V.pdf (https://www.transgenbiotech.com/download/pdf/1/DM141_414/DM141.pdf)
TransGen_Biotech,transgenbiotech.com,Blue Plus® V Protein Marker (10-190 kDa),DM141-01 / DM141-02 / DM141-03,"Prestained, multi-color (70 kDa = orange, 20 kDa = green, others blue)",7,100,10,blue,#2563eb,1,false,protein-transgen-biotech-blue-plus-v-protein-marker-10-190-kda,https://www.transgenbiotech.com/prestained_protein_marker/blue_plus_v_protein_marker_10_190_kda.html,TransGen_DM141_BluePlus_V.pdf (https://www.transgenbiotech.com/download/pdf/1/DM141_414/DM141.pdf)
TransGen_Biotech,transgenbiotech.com,Blue Plus® V Protein Marker (10-190 kDa),DM141-01 / DM141-02 / DM141-03,"Prestained, multi-color (70 kDa = orange, 20 kDa = green, others blue)",8,130,10,blue,#2563eb,1,false,protein-transgen-biotech-blue-plus-v-protein-marker-10-190-kda,https://www.transgenbiotech.com/prestained_protein_marker/blue_plus_v_protein_marker_10_190_kda.html,TransGen_DM141_BluePlus_V.pdf (https://www.transgenbiotech.com/download/pdf/1/DM141_414/DM141.pdf)
TransGen_Biotech,transgenbiotech.com,Blue Plus® V Protein Marker (10-190 kDa),DM141-01 / DM141-02 / DM141-03,"Prestained, multi-color (70 kDa = orange, 20 kDa = green, others blue)",9,170,10,blue,#2563eb,1,false,protein-transgen-biotech-blue-plus-v-protein-marker-10-190-kda,https://www.transgenbiotech.com/prestained_protein_marker/blue_plus_v_protein_marker_10_190_kda.html,TransGen_DM141_BluePlus_V.pdf (https://www.transgenbiotech.com/download/pdf/1/DM141_414/DM141.pdf)
TransGen_Biotech,transgenbiotech.com,Blue Plus® V Protein Marker (10-190 kDa),DM141-01 / DM141-02 / DM141-03,"Prestained, multi-color (70 kDa = orange, 20 kDa = green, others blue)",10,190,10,blue,#2563eb,1,false,protein-transgen-biotech-blue-plus-v-protein-marker-10-190-kda,https://www.transgenbiotech.com/prestained_protein_marker/blue_plus_v_protein_marker_10_190_kda.html,TransGen_DM141_BluePlus_V.pdf (https://www.transgenbiotech.com/download/pdf/1/DM141_414/DM141.pdf)
TransGen_Biotech,transgenbiotech.com,Blue Plus® VI Protein Marker (10-250 kDa),DM151-01 / DM151-02 / DM151-03,"Prestained, multi-color (72 kDa = orange, 25 kDa = green, others blue)",1,10,11,blue,#2563eb,1,false,protein-transgen-biotech-blue-plus-vi-protein-marker-10-250-kda,https://www.transgenbiotech.com/prestained_protein_marker/2630.html,TransGen_DM151_BluePlus_VI.pdf (https://www.transgenbiotech.com/download/pdf/1/DM151_750/DM151.pdf)
TransGen_Biotech,transgenbiotech.com,Blue Plus® VI Protein Marker (10-250 kDa),DM151-01 / DM151-02 / DM151-03,"Prestained, multi-color (72 kDa = orange, 25 kDa = green, others blue)",2,15,11,blue,#2563eb,1,false,protein-transgen-biotech-blue-plus-vi-protein-marker-10-250-kda,https://www.transgenbiotech.com/prestained_protein_marker/2630.html,TransGen_DM151_BluePlus_VI.pdf (https://www.transgenbiotech.com/download/pdf/1/DM151_750/DM151.pdf)
TransGen_Biotech,transgenbiotech.com,Blue Plus® VI Protein Marker (10-250 kDa),DM151-01 / DM151-02 / DM151-03,"Prestained, multi-color (72 kDa = orange, 25 kDa = green, others blue)",3,25,11,green,#16a34a,1.55,true,protein-transgen-biotech-blue-plus-vi-protein-marker-10-250-kda,https://www.transgenbiotech.com/prestained_protein_marker/2630.html,TransGen_DM151_BluePlus_VI.pdf (https://www.transgenbiotech.com/download/pdf/1/DM151_750/DM151.pdf)
TransGen_Biotech,transgenbiotech.com,Blue Plus® VI Protein Marker (10-250 kDa),DM151-01 / DM151-02 / DM151-03,"Prestained, multi-color (72 kDa = orange, 25 kDa = green, others blue)",4,35,11,blue,#2563eb,1,false,protein-transgen-biotech-blue-plus-vi-protein-marker-10-250-kda,https://www.transgenbiotech.com/prestained_protein_marker/2630.html,TransGen_DM151_BluePlus_VI.pdf (https://www.transgenbiotech.com/download/pdf/1/DM151_750/DM151.pdf)
TransGen_Biotech,transgenbiotech.com,Blue Plus® VI Protein Marker (10-250 kDa),DM151-01 / DM151-02 / DM151-03,"Prestained, multi-color (72 kDa = orange, 25 kDa = green, others blue)",5,48,11,blue,#2563eb,1,false,protein-transgen-biotech-blue-plus-vi-protein-marker-10-250-kda,https://www.transgenbiotech.com/prestained_protein_marker/2630.html,TransGen_DM151_BluePlus_VI.pdf (https://www.transgenbiotech.com/download/pdf/1/DM151_750/DM151.pdf)
TransGen_Biotech,transgenbiotech.com,Blue Plus® VI Protein Marker (10-250 kDa),DM151-01 / DM151-02 / DM151-03,"Prestained, multi-color (72 kDa = orange, 25 kDa = green, others blue)",6,72,11,orange,#f97316,1.55,true,protein-transgen-biotech-blue-plus-vi-protein-marker-10-250-kda,https://www.transgenbiotech.com/prestained_protein_marker/2630.html,TransGen_DM151_BluePlus_VI.pdf (https://www.transgenbiotech.com/download/pdf/1/DM151_750/DM151.pdf)
TransGen_Biotech,transgenbiotech.com,Blue Plus® VI Protein Marker (10-250 kDa),DM151-01 / DM151-02 / DM151-03,"Prestained, multi-color (72 kDa = orange, 25 kDa = green, others blue)",7,100,11,blue,#2563eb,1,false,protein-transgen-biotech-blue-plus-vi-protein-marker-10-250-kda,https://www.transgenbiotech.com/prestained_protein_marker/2630.html,TransGen_DM151_BluePlus_VI.pdf (https://www.transgenbiotech.com/download/pdf/1/DM151_750/DM151.pdf)
TransGen_Biotech,transgenbiotech.com,Blue Plus® VI Protein Marker (10-250 kDa),DM151-01 / DM151-02 / DM151-03,"Prestained, multi-color (72 kDa = orange, 25 kDa = green, others blue)",8,130,11,blue,#2563eb,1,false,protein-transgen-biotech-blue-plus-vi-protein-marker-10-250-kda,https://www.transgenbiotech.com/prestained_protein_marker/2630.html,TransGen_DM151_BluePlus_VI.pdf (https://www.transgenbiotech.com/download/pdf/1/DM151_750/DM151.pdf)
TransGen_Biotech,transgenbiotech.com,Blue Plus® VI Protein Marker (10-250 kDa),DM151-01 / DM151-02 / DM151-03,"Prestained, multi-color (72 kDa = orange, 25 kDa = green, others blue)",9,180,11,blue,#2563eb,1,false,protein-transgen-biotech-blue-plus-vi-protein-marker-10-250-kda,https://www.transgenbiotech.com/prestained_protein_marker/2630.html,TransGen_DM151_BluePlus_VI.pdf (https://www.transgenbiotech.com/download/pdf/1/DM151_750/DM151.pdf)
TransGen_Biotech,transgenbiotech.com,Blue Plus® VI Protein Marker (10-250 kDa),DM151-01 / DM151-02 / DM151-03,"Prestained, multi-color (72 kDa = orange, 25 kDa = green, others blue)",10,240,11,blue,#2563eb,1,false,protein-transgen-biotech-blue-plus-vi-protein-marker-10-250-kda,https://www.transgenbiotech.com/prestained_protein_marker/2630.html,TransGen_DM151_BluePlus_VI.pdf (https://www.transgenbiotech.com/download/pdf/1/DM151_750/DM151.pdf)
TransGen_Biotech,transgenbiotech.com,Blue Plus® VI Protein Marker (10-250 kDa),DM151-01 / DM151-02 / DM151-03,"Prestained, multi-color (72 kDa = orange, 25 kDa = green, others blue)",11,250,11,blue,#2563eb,1,false,protein-transgen-biotech-blue-plus-vi-protein-marker-10-250-kda,https://www.transgenbiotech.com/prestained_protein_marker/2630.html,TransGen_DM151_BluePlus_VI.pdf (https://www.transgenbiotech.com/download/pdf/1/DM151_750/DM151.pdf)
TransGen_Biotech,transgenbiotech.com,EasySee® Western Marker (25-90 kDa),DM201-01 / DM201-02,"Hybrid — 3 prestained bands (25, 45, 85 kDa) + 5 unstained IgG-binding bands (chemiluminescent/secondary-antibody detectable)",1,25,9,unknown,,,,,https://www.transgenbiotech.com/western_protein_marker/easysee_western_marker_25_90_kda.html,TransGen_DM201_EasySee_Western.pdf (https://www.transgenbiotech.com/download/pdf/1/DM201_417/DM201.pdf)
TransGen_Biotech,transgenbiotech.com,EasySee® Western Marker (25-90 kDa),DM201-01 / DM201-02,"Hybrid — 3 prestained bands (25, 45, 85 kDa) + 5 unstained IgG-binding bands (chemiluminescent/secondary-antibody detectable)",2,30,9,unknown,,,,,https://www.transgenbiotech.com/western_protein_marker/easysee_western_marker_25_90_kda.html,TransGen_DM201_EasySee_Western.pdf (https://www.transgenbiotech.com/download/pdf/1/DM201_417/DM201.pdf)
TransGen_Biotech,transgenbiotech.com,EasySee® Western Marker (25-90 kDa),DM201-01 / DM201-02,"Hybrid — 3 prestained bands (25, 45, 85 kDa) + 5 unstained IgG-binding bands (chemiluminescent/secondary-antibody detectable)",3,40,9,unknown,,,,,https://www.transgenbiotech.com/western_protein_marker/easysee_western_marker_25_90_kda.html,TransGen_DM201_EasySee_Western.pdf (https://www.transgenbiotech.com/download/pdf/1/DM201_417/DM201.pdf)
TransGen_Biotech,transgenbiotech.com,EasySee® Western Marker (25-90 kDa),DM201-01 / DM201-02,"Hybrid — 3 prestained bands (25, 45, 85 kDa) + 5 unstained IgG-binding bands (chemiluminescent/secondary-antibody detectable)",4,45,9,unknown,,,,,https://www.transgenbiotech.com/western_protein_marker/easysee_western_marker_25_90_kda.html,TransGen_DM201_EasySee_Western.pdf (https://www.transgenbiotech.com/download/pdf/1/DM201_417/DM201.pdf)
TransGen_Biotech,transgenbiotech.com,EasySee® Western Marker (25-90 kDa),DM201-01 / DM201-02,"Hybrid — 3 prestained bands (25, 45, 85 kDa) + 5 unstained IgG-binding bands (chemiluminescent/secondary-antibody detectable)",5,50,9,unknown,,,,,https://www.transgenbiotech.com/western_protein_marker/easysee_western_marker_25_90_kda.html,TransGen_DM201_EasySee_Western.pdf (https://www.transgenbiotech.com/download/pdf/1/DM201_417/DM201.pdf)
TransGen_Biotech,transgenbiotech.com,EasySee® Western Marker (25-90 kDa),DM201-01 / DM201-02,"Hybrid — 3 prestained bands (25, 45, 85 kDa) + 5 unstained IgG-binding bands (chemiluminescent/secondary-antibody detectable)",6,60,9,unknown,,,,,https://www.transgenbiotech.com/western_protein_marker/easysee_western_marker_25_90_kda.html,TransGen_DM201_EasySee_Western.pdf (https://www.transgenbiotech.com/download/pdf/1/DM201_417/DM201.pdf)
TransGen_Biotech,transgenbiotech.com,EasySee® Western Marker (25-90 kDa),DM201-01 / DM201-02,"Hybrid — 3 prestained bands (25, 45, 85 kDa) + 5 unstained IgG-binding bands (chemiluminescent/secondary-antibody detectable)",7,70,9,unknown,,,,,https://www.transgenbiotech.com/western_protein_marker/easysee_western_marker_25_90_kda.html,TransGen_DM201_EasySee_Western.pdf (https://www.transgenbiotech.com/download/pdf/1/DM201_417/DM201.pdf)
TransGen_Biotech,transgenbiotech.com,EasySee® Western Marker (25-90 kDa),DM201-01 / DM201-02,"Hybrid — 3 prestained bands (25, 45, 85 kDa) + 5 unstained IgG-binding bands (chemiluminescent/secondary-antibody detectable)",8,85,9,unknown,,,,,https://www.transgenbiotech.com/western_protein_marker/easysee_western_marker_25_90_kda.html,TransGen_DM201_EasySee_Western.pdf (https://www.transgenbiotech.com/download/pdf/1/DM201_417/DM201.pdf)
TransGen_Biotech,transgenbiotech.com,EasySee® Western Marker (25-90 kDa),DM201-01 / DM201-02,"Hybrid — 3 prestained bands (25, 45, 85 kDa) + 5 unstained IgG-binding bands (chemiluminescent/secondary-antibody detectable)",9,90,9,unknown,,,,,https://www.transgenbiotech.com/western_protein_marker/easysee_western_marker_25_90_kda.html,TransGen_DM201_EasySee_Western.pdf (https://www.transgenbiotech.com/download/pdf/1/DM201_417/DM201.pdf)
UBPBio,ubpbio.com,M-XStable Prestained Protein Ladder,"L2010 (500 µl), L2011 (6 × 500 µl)","Prestained, three-color protein standard",1,10,10,unknown,,,,,https://www.ubpbio.com/index.php/product/dna-protein-ladders/m-xstable-prestained-protein-ladder.html,"UBPBio_MXstable_L2010_Datasheet.pdf, UBPBio_MXstable_L2010_MSDS.pdf"
UBPBio,ubpbio.com,M-XStable Prestained Protein Ladder,"L2010 (500 µl), L2011 (6 × 500 µl)","Prestained, three-color protein standard",2,15,10,unknown,,,,,https://www.ubpbio.com/index.php/product/dna-protein-ladders/m-xstable-prestained-protein-ladder.html,"UBPBio_MXstable_L2010_Datasheet.pdf, UBPBio_MXstable_L2010_MSDS.pdf"
UBPBio,ubpbio.com,M-XStable Prestained Protein Ladder,"L2010 (500 µl), L2011 (6 × 500 µl)","Prestained, three-color protein standard",3,25,10,unknown,,,,,https://www.ubpbio.com/index.php/product/dna-protein-ladders/m-xstable-prestained-protein-ladder.html,"UBPBio_MXstable_L2010_Datasheet.pdf, UBPBio_MXstable_L2010_MSDS.pdf"
UBPBio,ubpbio.com,M-XStable Prestained Protein Ladder,"L2010 (500 µl), L2011 (6 × 500 µl)","Prestained, three-color protein standard",4,35,10,unknown,,,,,https://www.ubpbio.com/index.php/product/dna-protein-ladders/m-xstable-prestained-protein-ladder.html,"UBPBio_MXstable_L2010_Datasheet.pdf, UBPBio_MXstable_L2010_MSDS.pdf"
UBPBio,ubpbio.com,M-XStable Prestained Protein Ladder,"L2010 (500 µl), L2011 (6 × 500 µl)","Prestained, three-color protein standard",5,40,10,unknown,,,,,https://www.ubpbio.com/index.php/product/dna-protein-ladders/m-xstable-prestained-protein-ladder.html,"UBPBio_MXstable_L2010_Datasheet.pdf, UBPBio_MXstable_L2010_MSDS.pdf"
UBPBio,ubpbio.com,M-XStable Prestained Protein Ladder,"L2010 (500 µl), L2011 (6 × 500 µl)","Prestained, three-color protein standard",6,55,10,unknown,,,,,https://www.ubpbio.com/index.php/product/dna-protein-ladders/m-xstable-prestained-protein-ladder.html,"UBPBio_MXstable_L2010_Datasheet.pdf, UBPBio_MXstable_L2010_MSDS.pdf"
UBPBio,ubpbio.com,M-XStable Prestained Protein Ladder,"L2010 (500 µl), L2011 (6 × 500 µl)","Prestained, three-color protein standard",7,70,10,unknown,,,,,https://www.ubpbio.com/index.php/product/dna-protein-ladders/m-xstable-prestained-protein-ladder.html,"UBPBio_MXstable_L2010_Datasheet.pdf, UBPBio_MXstable_L2010_MSDS.pdf"
UBPBio,ubpbio.com,M-XStable Prestained Protein Ladder,"L2010 (500 µl), L2011 (6 × 500 µl)","Prestained, three-color protein standard",8,100,10,unknown,,,,,https://www.ubpbio.com/index.php/product/dna-protein-ladders/m-xstable-prestained-protein-ladder.html,"UBPBio_MXstable_L2010_Datasheet.pdf, UBPBio_MXstable_L2010_MSDS.pdf"
UBPBio,ubpbio.com,M-XStable Prestained Protein Ladder,"L2010 (500 µl), L2011 (6 × 500 µl)","Prestained, three-color protein standard",9,130,10,unknown,,,,,https://www.ubpbio.com/index.php/product/dna-protein-ladders/m-xstable-prestained-protein-ladder.html,"UBPBio_MXstable_L2010_Datasheet.pdf, UBPBio_MXstable_L2010_MSDS.pdf"
UBPBio,ubpbio.com,M-XStable Prestained Protein Ladder,"L2010 (500 µl), L2011 (6 × 500 µl)","Prestained, three-color protein standard",10,180,10,unknown,,,,,https://www.ubpbio.com/index.php/product/dna-protein-ladders/m-xstable-prestained-protein-ladder.html,"UBPBio_MXstable_L2010_Datasheet.pdf, UBPBio_MXstable_L2010_MSDS.pdf"
UBPBio,ubpbio.com,H-XStable Prestained Protein Ladder,"L2020 (500 µl), L2021 (6 × 500 µl)","Prestained, three-color protein standard",1,10,11,unknown,,,,,https://www.ubpbio.com/index.php/product/dna-protein-ladders/h-xstable-prestained-protein-ladder.html,"UBPBio_HXstable_L2020_Datasheet.pdf, UBPBio_HXstable_L2020_MSDS.pdf"
UBPBio,ubpbio.com,H-XStable Prestained Protein Ladder,"L2020 (500 µl), L2021 (6 × 500 µl)","Prestained, three-color protein standard",2,15,11,unknown,,,,,https://www.ubpbio.com/index.php/product/dna-protein-ladders/h-xstable-prestained-protein-ladder.html,"UBPBio_HXstable_L2020_Datasheet.pdf, UBPBio_HXstable_L2020_MSDS.pdf"
UBPBio,ubpbio.com,H-XStable Prestained Protein Ladder,"L2020 (500 µl), L2021 (6 × 500 µl)","Prestained, three-color protein standard",3,25,11,unknown,,,,,https://www.ubpbio.com/index.php/product/dna-protein-ladders/h-xstable-prestained-protein-ladder.html,"UBPBio_HXstable_L2020_Datasheet.pdf, UBPBio_HXstable_L2020_MSDS.pdf"
UBPBio,ubpbio.com,H-XStable Prestained Protein Ladder,"L2020 (500 µl), L2021 (6 × 500 µl)","Prestained, three-color protein standard",4,35,11,unknown,,,,,https://www.ubpbio.com/index.php/product/dna-protein-ladders/h-xstable-prestained-protein-ladder.html,"UBPBio_HXstable_L2020_Datasheet.pdf, UBPBio_HXstable_L2020_MSDS.pdf"
UBPBio,ubpbio.com,H-XStable Prestained Protein Ladder,"L2020 (500 µl), L2021 (6 × 500 µl)","Prestained, three-color protein standard",5,40,11,unknown,,,,,https://www.ubpbio.com/index.php/product/dna-protein-ladders/h-xstable-prestained-protein-ladder.html,"UBPBio_HXstable_L2020_Datasheet.pdf, UBPBio_HXstable_L2020_MSDS.pdf"
UBPBio,ubpbio.com,H-XStable Prestained Protein Ladder,"L2020 (500 µl), L2021 (6 × 500 µl)","Prestained, three-color protein standard",6,55,11,unknown,,,,,https://www.ubpbio.com/index.php/product/dna-protein-ladders/h-xstable-prestained-protein-ladder.html,"UBPBio_HXstable_L2020_Datasheet.pdf, UBPBio_HXstable_L2020_MSDS.pdf"
UBPBio,ubpbio.com,H-XStable Prestained Protein Ladder,"L2020 (500 µl), L2021 (6 × 500 µl)","Prestained, three-color protein standard",7,70,11,unknown,,,,,https://www.ubpbio.com/index.php/product/dna-protein-ladders/h-xstable-prestained-protein-ladder.html,"UBPBio_HXstable_L2020_Datasheet.pdf, UBPBio_HXstable_L2020_MSDS.pdf"
UBPBio,ubpbio.com,H-XStable Prestained Protein Ladder,"L2020 (500 µl), L2021 (6 × 500 µl)","Prestained, three-color protein standard",8,100,11,unknown,,,,,https://www.ubpbio.com/index.php/product/dna-protein-ladders/h-xstable-prestained-protein-ladder.html,"UBPBio_HXstable_L2020_Datasheet.pdf, UBPBio_HXstable_L2020_MSDS.pdf"
UBPBio,ubpbio.com,H-XStable Prestained Protein Ladder,"L2020 (500 µl), L2021 (6 × 500 µl)","Prestained, three-color protein standard",9,130,11,unknown,,,,,https://www.ubpbio.com/index.php/product/dna-protein-ladders/h-xstable-prestained-protein-ladder.html,"UBPBio_HXstable_L2020_Datasheet.pdf, UBPBio_HXstable_L2020_MSDS.pdf"
UBPBio,ubpbio.com,H-XStable Prestained Protein Ladder,"L2020 (500 µl), L2021 (6 × 500 µl)","Prestained, three-color protein standard",10,180,11,unknown,,,,,https://www.ubpbio.com/index.php/product/dna-protein-ladders/h-xstable-prestained-protein-ladder.html,"UBPBio_HXstable_L2020_Datasheet.pdf, UBPBio_HXstable_L2020_MSDS.pdf"
UBPBio,ubpbio.com,H-XStable Prestained Protein Ladder,"L2020 (500 µl), L2021 (6 × 500 µl)","Prestained, three-color protein standard",11,245,11,unknown,,,,,https://www.ubpbio.com/index.php/product/dna-protein-ladders/h-xstable-prestained-protein-ladder.html,"UBPBio_HXstable_L2020_Datasheet.pdf, UBPBio_HXstable_L2020_MSDS.pdf"
Vazyme,bio.vazyme.com (corporate: www.vazyme.com),250 kDa Plus Prestained Protein Marker,MP202-01 / MP202-02,"Prestained, three-color (25 kDa = green, 70 kDa = orange-red, others blue)",1,12,11,blue,#2563eb,1,false,protein-vazyme-250-kda-plus-prestained-protein-marker,https://bio.vazyme.com/product/752.html,Vazyme_MP202_250kDa_Plus_Prestained.pdf (https://v4.cecdn.yun300.cn/100001_2005205005/MP202（单页版说明书）V23.1(2).pdf)
Vazyme,bio.vazyme.com (corporate: www.vazyme.com),250 kDa Plus Prestained Protein Marker,MP202-01 / MP202-02,"Prestained, three-color (25 kDa = green, 70 kDa = orange-red, others blue)",2,15,11,blue,#2563eb,1,false,protein-vazyme-250-kda-plus-prestained-protein-marker,https://bio.vazyme.com/product/752.html,Vazyme_MP202_250kDa_Plus_Prestained.pdf (https://v4.cecdn.yun300.cn/100001_2005205005/MP202（单页版说明书）V23.1(2).pdf)
Vazyme,bio.vazyme.com (corporate: www.vazyme.com),250 kDa Plus Prestained Protein Marker,MP202-01 / MP202-02,"Prestained, three-color (25 kDa = green, 70 kDa = orange-red, others blue)",3,20,11,blue,#2563eb,1,false,protein-vazyme-250-kda-plus-prestained-protein-marker,https://bio.vazyme.com/product/752.html,Vazyme_MP202_250kDa_Plus_Prestained.pdf (https://v4.cecdn.yun300.cn/100001_2005205005/MP202（单页版说明书）V23.1(2).pdf)
Vazyme,bio.vazyme.com (corporate: www.vazyme.com),250 kDa Plus Prestained Protein Marker,MP202-01 / MP202-02,"Prestained, three-color (25 kDa = green, 70 kDa = orange-red, others blue)",4,25,11,green,#16a34a,1.55,true,protein-vazyme-250-kda-plus-prestained-protein-marker,https://bio.vazyme.com/product/752.html,Vazyme_MP202_250kDa_Plus_Prestained.pdf (https://v4.cecdn.yun300.cn/100001_2005205005/MP202（单页版说明书）V23.1(2).pdf)
Vazyme,bio.vazyme.com (corporate: www.vazyme.com),250 kDa Plus Prestained Protein Marker,MP202-01 / MP202-02,"Prestained, three-color (25 kDa = green, 70 kDa = orange-red, others blue)",5,35,11,blue,#2563eb,1,false,protein-vazyme-250-kda-plus-prestained-protein-marker,https://bio.vazyme.com/product/752.html,Vazyme_MP202_250kDa_Plus_Prestained.pdf (https://v4.cecdn.yun300.cn/100001_2005205005/MP202（单页版说明书）V23.1(2).pdf)
Vazyme,bio.vazyme.com (corporate: www.vazyme.com),250 kDa Plus Prestained Protein Marker,MP202-01 / MP202-02,"Prestained, three-color (25 kDa = green, 70 kDa = orange-red, others blue)",6,40,11,blue,#2563eb,1,false,protein-vazyme-250-kda-plus-prestained-protein-marker,https://bio.vazyme.com/product/752.html,Vazyme_MP202_250kDa_Plus_Prestained.pdf (https://v4.cecdn.yun300.cn/100001_2005205005/MP202（单页版说明书）V23.1(2).pdf)
Vazyme,bio.vazyme.com (corporate: www.vazyme.com),250 kDa Plus Prestained Protein Marker,MP202-01 / MP202-02,"Prestained, three-color (25 kDa = green, 70 kDa = orange-red, others blue)",7,55,11,blue,#2563eb,1,false,protein-vazyme-250-kda-plus-prestained-protein-marker,https://bio.vazyme.com/product/752.html,Vazyme_MP202_250kDa_Plus_Prestained.pdf (https://v4.cecdn.yun300.cn/100001_2005205005/MP202（单页版说明书）V23.1(2).pdf)
Vazyme,bio.vazyme.com (corporate: www.vazyme.com),250 kDa Plus Prestained Protein Marker,MP202-01 / MP202-02,"Prestained, three-color (25 kDa = green, 70 kDa = orange-red, others blue)",8,70,11,orange,#f97316,1.55,true,protein-vazyme-250-kda-plus-prestained-protein-marker,https://bio.vazyme.com/product/752.html,Vazyme_MP202_250kDa_Plus_Prestained.pdf (https://v4.cecdn.yun300.cn/100001_2005205005/MP202（单页版说明书）V23.1(2).pdf)
Vazyme,bio.vazyme.com (corporate: www.vazyme.com),250 kDa Plus Prestained Protein Marker,MP202-01 / MP202-02,"Prestained, three-color (25 kDa = green, 70 kDa = orange-red, others blue)",9,100,11,blue,#2563eb,1,false,protein-vazyme-250-kda-plus-prestained-protein-marker,https://bio.vazyme.com/product/752.html,Vazyme_MP202_250kDa_Plus_Prestained.pdf (https://v4.cecdn.yun300.cn/100001_2005205005/MP202（单页版说明书）V23.1(2).pdf)
Vazyme,bio.vazyme.com (corporate: www.vazyme.com),250 kDa Plus Prestained Protein Marker,MP202-01 / MP202-02,"Prestained, three-color (25 kDa = green, 70 kDa = orange-red, others blue)",10,130,11,blue,#2563eb,1,false,protein-vazyme-250-kda-plus-prestained-protein-marker,https://bio.vazyme.com/product/752.html,Vazyme_MP202_250kDa_Plus_Prestained.pdf (https://v4.cecdn.yun300.cn/100001_2005205005/MP202（单页版说明书）V23.1(2).pdf)
Vazyme,bio.vazyme.com (corporate: www.vazyme.com),250 kDa Plus Prestained Protein Marker,MP202-01 / MP202-02,"Prestained, three-color (25 kDa = green, 70 kDa = orange-red, others blue)",11,250,11,blue,#2563eb,1,false,protein-vazyme-250-kda-plus-prestained-protein-marker,https://bio.vazyme.com/product/752.html,Vazyme_MP202_250kDa_Plus_Prestained.pdf (https://v4.cecdn.yun300.cn/100001_2005205005/MP202（单页版说明书）V23.1(2).pdf)
Vazyme,bio.vazyme.com (corporate: www.vazyme.com),180 kDa Plus Prestained Protein Marker,MP201-01 / MP201-02,"Prestained, three-color (25 kDa = green, 70 kDa = orange-red, others blue)",1,12,11,blue,#2563eb,1,false,protein-vazyme-180-kda-plus-prestained-protein-marker,https://bio.vazyme.com/product/751.html,Vazyme_MP201_180kDa_Plus_Prestained.pdf (https://v4.cecdn.yun300.cn/100001_2005205005/MP201（单页版说明书）V23.1.pdf)
Vazyme,bio.vazyme.com (corporate: www.vazyme.com),180 kDa Plus Prestained Protein Marker,MP201-01 / MP201-02,"Prestained, three-color (25 kDa = green, 70 kDa = orange-red, others blue)",2,15,11,blue,#2563eb,1,false,protein-vazyme-180-kda-plus-prestained-protein-marker,https://bio.vazyme.com/product/751.html,Vazyme_MP201_180kDa_Plus_Prestained.pdf (https://v4.cecdn.yun300.cn/100001_2005205005/MP201（单页版说明书）V23.1.pdf)
Vazyme,bio.vazyme.com (corporate: www.vazyme.com),180 kDa Plus Prestained Protein Marker,MP201-01 / MP201-02,"Prestained, three-color (25 kDa = green, 70 kDa = orange-red, others blue)",3,20,11,blue,#2563eb,1,false,protein-vazyme-180-kda-plus-prestained-protein-marker,https://bio.vazyme.com/product/751.html,Vazyme_MP201_180kDa_Plus_Prestained.pdf (https://v4.cecdn.yun300.cn/100001_2005205005/MP201（单页版说明书）V23.1.pdf)
Vazyme,bio.vazyme.com (corporate: www.vazyme.com),180 kDa Plus Prestained Protein Marker,MP201-01 / MP201-02,"Prestained, three-color (25 kDa = green, 70 kDa = orange-red, others blue)",4,25,11,green,#16a34a,1.55,true,protein-vazyme-180-kda-plus-prestained-protein-marker,https://bio.vazyme.com/product/751.html,Vazyme_MP201_180kDa_Plus_Prestained.pdf (https://v4.cecdn.yun300.cn/100001_2005205005/MP201（单页版说明书）V23.1.pdf)
Vazyme,bio.vazyme.com (corporate: www.vazyme.com),180 kDa Plus Prestained Protein Marker,MP201-01 / MP201-02,"Prestained, three-color (25 kDa = green, 70 kDa = orange-red, others blue)",5,35,11,blue,#2563eb,1,false,protein-vazyme-180-kda-plus-prestained-protein-marker,https://bio.vazyme.com/product/751.html,Vazyme_MP201_180kDa_Plus_Prestained.pdf (https://v4.cecdn.yun300.cn/100001_2005205005/MP201（单页版说明书）V23.1.pdf)
Vazyme,bio.vazyme.com (corporate: www.vazyme.com),180 kDa Plus Prestained Protein Marker,MP201-01 / MP201-02,"Prestained, three-color (25 kDa = green, 70 kDa = orange-red, others blue)",6,40,11,blue,#2563eb,1,false,protein-vazyme-180-kda-plus-prestained-protein-marker,https://bio.vazyme.com/product/751.html,Vazyme_MP201_180kDa_Plus_Prestained.pdf (https://v4.cecdn.yun300.cn/100001_2005205005/MP201（单页版说明书）V23.1.pdf)
Vazyme,bio.vazyme.com (corporate: www.vazyme.com),180 kDa Plus Prestained Protein Marker,MP201-01 / MP201-02,"Prestained, three-color (25 kDa = green, 70 kDa = orange-red, others blue)",7,55,11,blue,#2563eb,1,false,protein-vazyme-180-kda-plus-prestained-protein-marker,https://bio.vazyme.com/product/751.html,Vazyme_MP201_180kDa_Plus_Prestained.pdf (https://v4.cecdn.yun300.cn/100001_2005205005/MP201（单页版说明书）V23.1.pdf)
Vazyme,bio.vazyme.com (corporate: www.vazyme.com),180 kDa Plus Prestained Protein Marker,MP201-01 / MP201-02,"Prestained, three-color (25 kDa = green, 70 kDa = orange-red, others blue)",8,70,11,orange,#f97316,1.55,true,protein-vazyme-180-kda-plus-prestained-protein-marker,https://bio.vazyme.com/product/751.html,Vazyme_MP201_180kDa_Plus_Prestained.pdf (https://v4.cecdn.yun300.cn/100001_2005205005/MP201（单页版说明书）V23.1.pdf)
Vazyme,bio.vazyme.com (corporate: www.vazyme.com),180 kDa Plus Prestained Protein Marker,MP201-01 / MP201-02,"Prestained, three-color (25 kDa = green, 70 kDa = orange-red, others blue)",9,100,11,blue,#2563eb,1,false,protein-vazyme-180-kda-plus-prestained-protein-marker,https://bio.vazyme.com/product/751.html,Vazyme_MP201_180kDa_Plus_Prestained.pdf (https://v4.cecdn.yun300.cn/100001_2005205005/MP201（单页版说明书）V23.1.pdf)
Vazyme,bio.vazyme.com (corporate: www.vazyme.com),180 kDa Plus Prestained Protein Marker,MP201-01 / MP201-02,"Prestained, three-color (25 kDa = green, 70 kDa = orange-red, others blue)",10,130,11,blue,#2563eb,1,false,protein-vazyme-180-kda-plus-prestained-protein-marker,https://bio.vazyme.com/product/751.html,Vazyme_MP201_180kDa_Plus_Prestained.pdf (https://v4.cecdn.yun300.cn/100001_2005205005/MP201（单页版说明书）V23.1.pdf)
Vazyme,bio.vazyme.com (corporate: www.vazyme.com),180 kDa Plus Prestained Protein Marker,MP201-01 / MP201-02,"Prestained, three-color (25 kDa = green, 70 kDa = orange-red, others blue)",11,180,11,blue,#2563eb,1,false,protein-vazyme-180-kda-plus-prestained-protein-marker,https://bio.vazyme.com/product/751.html,Vazyme_MP201_180kDa_Plus_Prestained.pdf (https://v4.cecdn.yun300.cn/100001_2005205005/MP201（单页版说明书）V23.1.pdf)
Vazyme,bio.vazyme.com (corporate: www.vazyme.com),180 kDa Prestained Protein Marker,MP102-01 / MP102-02,"Prestained, three-color (10 kDa = green, 70 kDa = red, others blue)",1,10,10,green,#16a34a,1.55,true,protein-vazyme-180-kda-prestained-protein-marker,https://bio.vazyme.com/product/327.html,Vazyme_MP102_180kDa_Prestained.pdf (https://v1.cecdn.yun300.cn/100001_2005205005/MP102-说明书V20.1.pdf)
Vazyme,bio.vazyme.com (corporate: www.vazyme.com),180 kDa Prestained Protein Marker,MP102-01 / MP102-02,"Prestained, three-color (10 kDa = green, 70 kDa = red, others blue)",2,15,10,blue,#2563eb,1,false,protein-vazyme-180-kda-prestained-protein-marker,https://bio.vazyme.com/product/327.html,Vazyme_MP102_180kDa_Prestained.pdf (https://v1.cecdn.yun300.cn/100001_2005205005/MP102-说明书V20.1.pdf)
Vazyme,bio.vazyme.com (corporate: www.vazyme.com),180 kDa Prestained Protein Marker,MP102-01 / MP102-02,"Prestained, three-color (10 kDa = green, 70 kDa = red, others blue)",3,25,10,blue,#2563eb,1,false,protein-vazyme-180-kda-prestained-protein-marker,https://bio.vazyme.com/product/327.html,Vazyme_MP102_180kDa_Prestained.pdf (https://v1.cecdn.yun300.cn/100001_2005205005/MP102-说明书V20.1.pdf)
Vazyme,bio.vazyme.com (corporate: www.vazyme.com),180 kDa Prestained Protein Marker,MP102-01 / MP102-02,"Prestained, three-color (10 kDa = green, 70 kDa = red, others blue)",4,35,10,blue,#2563eb,1,false,protein-vazyme-180-kda-prestained-protein-marker,https://bio.vazyme.com/product/327.html,Vazyme_MP102_180kDa_Prestained.pdf (https://v1.cecdn.yun300.cn/100001_2005205005/MP102-说明书V20.1.pdf)
Vazyme,bio.vazyme.com (corporate: www.vazyme.com),180 kDa Prestained Protein Marker,MP102-01 / MP102-02,"Prestained, three-color (10 kDa = green, 70 kDa = red, others blue)",5,40,10,blue,#2563eb,1,false,protein-vazyme-180-kda-prestained-protein-marker,https://bio.vazyme.com/product/327.html,Vazyme_MP102_180kDa_Prestained.pdf (https://v1.cecdn.yun300.cn/100001_2005205005/MP102-说明书V20.1.pdf)
Vazyme,bio.vazyme.com (corporate: www.vazyme.com),180 kDa Prestained Protein Marker,MP102-01 / MP102-02,"Prestained, three-color (10 kDa = green, 70 kDa = red, others blue)",6,55,10,blue,#2563eb,1,false,protein-vazyme-180-kda-prestained-protein-marker,https://bio.vazyme.com/product/327.html,Vazyme_MP102_180kDa_Prestained.pdf (https://v1.cecdn.yun300.cn/100001_2005205005/MP102-说明书V20.1.pdf)
Vazyme,bio.vazyme.com (corporate: www.vazyme.com),180 kDa Prestained Protein Marker,MP102-01 / MP102-02,"Prestained, three-color (10 kDa = green, 70 kDa = red, others blue)",7,70,10,red,#dc2626,1.55,true,protein-vazyme-180-kda-prestained-protein-marker,https://bio.vazyme.com/product/327.html,Vazyme_MP102_180kDa_Prestained.pdf (https://v1.cecdn.yun300.cn/100001_2005205005/MP102-说明书V20.1.pdf)
Vazyme,bio.vazyme.com (corporate: www.vazyme.com),180 kDa Prestained Protein Marker,MP102-01 / MP102-02,"Prestained, three-color (10 kDa = green, 70 kDa = red, others blue)",8,100,10,blue,#2563eb,1,false,protein-vazyme-180-kda-prestained-protein-marker,https://bio.vazyme.com/product/327.html,Vazyme_MP102_180kDa_Prestained.pdf (https://v1.cecdn.yun300.cn/100001_2005205005/MP102-说明书V20.1.pdf)
Vazyme,bio.vazyme.com (corporate: www.vazyme.com),180 kDa Prestained Protein Marker,MP102-01 / MP102-02,"Prestained, three-color (10 kDa = green, 70 kDa = red, others blue)",9,130,10,blue,#2563eb,1,false,protein-vazyme-180-kda-prestained-protein-marker,https://bio.vazyme.com/product/327.html,Vazyme_MP102_180kDa_Prestained.pdf (https://v1.cecdn.yun300.cn/100001_2005205005/MP102-说明书V20.1.pdf)
Vazyme,bio.vazyme.com (corporate: www.vazyme.com),180 kDa Prestained Protein Marker,MP102-01 / MP102-02,"Prestained, three-color (10 kDa = green, 70 kDa = red, others blue)",10,180,10,blue,#2563eb,1,false,protein-vazyme-180-kda-prestained-protein-marker,https://bio.vazyme.com/product/327.html,Vazyme_MP102_180kDa_Prestained.pdf (https://v1.cecdn.yun300.cn/100001_2005205005/MP102-说明书V20.1.pdf)
biotechrabbit,"biotechrabbit.com (biotechrabbit GmbH, Berlin, Germany)",TriColor Broad Protein Ladder (3.5-245 kDa),"BR0900101 (100 lanes, 2 × 250 µl)","Ready-to-use prestained protein ladder, three-color (tricolor)",1,3.5,13,unknown,,,,,https://www.biotechrabbit.com/products/electrophoresis-ladders/protein-electrophoresis/tricolor-broad-protein-ladder-ready-to-use-3-5-245-kda.html,- PDF: biotechrabbit_TriColorBroad_BR0900101_PIN.pdf
biotechrabbit,"biotechrabbit.com (biotechrabbit GmbH, Berlin, Germany)",TriColor Broad Protein Ladder (3.5-245 kDa),"BR0900101 (100 lanes, 2 × 250 µl)","Ready-to-use prestained protein ladder, three-color (tricolor)",2,5,13,unknown,,,,,https://www.biotechrabbit.com/products/electrophoresis-ladders/protein-electrophoresis/tricolor-broad-protein-ladder-ready-to-use-3-5-245-kda.html,- PDF: biotechrabbit_TriColorBroad_BR0900101_PIN.pdf
biotechrabbit,"biotechrabbit.com (biotechrabbit GmbH, Berlin, Germany)",TriColor Broad Protein Ladder (3.5-245 kDa),"BR0900101 (100 lanes, 2 × 250 µl)","Ready-to-use prestained protein ladder, three-color (tricolor)",3,10,13,unknown,,,,,https://www.biotechrabbit.com/products/electrophoresis-ladders/protein-electrophoresis/tricolor-broad-protein-ladder-ready-to-use-3-5-245-kda.html,- PDF: biotechrabbit_TriColorBroad_BR0900101_PIN.pdf
biotechrabbit,"biotechrabbit.com (biotechrabbit GmbH, Berlin, Germany)",TriColor Broad Protein Ladder (3.5-245 kDa),"BR0900101 (100 lanes, 2 × 250 µl)","Ready-to-use prestained protein ladder, three-color (tricolor)",4,15,13,unknown,,,,,https://www.biotechrabbit.com/products/electrophoresis-ladders/protein-electrophoresis/tricolor-broad-protein-ladder-ready-to-use-3-5-245-kda.html,- PDF: biotechrabbit_TriColorBroad_BR0900101_PIN.pdf
biotechrabbit,"biotechrabbit.com (biotechrabbit GmbH, Berlin, Germany)",TriColor Broad Protein Ladder (3.5-245 kDa),"BR0900101 (100 lanes, 2 × 250 µl)","Ready-to-use prestained protein ladder, three-color (tricolor)",5,25,13,unknown,,,,,https://www.biotechrabbit.com/products/electrophoresis-ladders/protein-electrophoresis/tricolor-broad-protein-ladder-ready-to-use-3-5-245-kda.html,- PDF: biotechrabbit_TriColorBroad_BR0900101_PIN.pdf
biotechrabbit,"biotechrabbit.com (biotechrabbit GmbH, Berlin, Germany)",TriColor Broad Protein Ladder (3.5-245 kDa),"BR0900101 (100 lanes, 2 × 250 µl)","Ready-to-use prestained protein ladder, three-color (tricolor)",6,35,13,unknown,,,,,https://www.biotechrabbit.com/products/electrophoresis-ladders/protein-electrophoresis/tricolor-broad-protein-ladder-ready-to-use-3-5-245-kda.html,- PDF: biotechrabbit_TriColorBroad_BR0900101_PIN.pdf
biotechrabbit,"biotechrabbit.com (biotechrabbit GmbH, Berlin, Germany)",TriColor Broad Protein Ladder (3.5-245 kDa),"BR0900101 (100 lanes, 2 × 250 µl)","Ready-to-use prestained protein ladder, three-color (tricolor)",7,40,13,unknown,,,,,https://www.biotechrabbit.com/products/electrophoresis-ladders/protein-electrophoresis/tricolor-broad-protein-ladder-ready-to-use-3-5-245-kda.html,- PDF: biotechrabbit_TriColorBroad_BR0900101_PIN.pdf
biotechrabbit,"biotechrabbit.com (biotechrabbit GmbH, Berlin, Germany)",TriColor Broad Protein Ladder (3.5-245 kDa),"BR0900101 (100 lanes, 2 × 250 µl)","Ready-to-use prestained protein ladder, three-color (tricolor)",8,55,13,unknown,,,,,https://www.biotechrabbit.com/products/electrophoresis-ladders/protein-electrophoresis/tricolor-broad-protein-ladder-ready-to-use-3-5-245-kda.html,- PDF: biotechrabbit_TriColorBroad_BR0900101_PIN.pdf
biotechrabbit,"biotechrabbit.com (biotechrabbit GmbH, Berlin, Germany)",TriColor Broad Protein Ladder (3.5-245 kDa),"BR0900101 (100 lanes, 2 × 250 µl)","Ready-to-use prestained protein ladder, three-color (tricolor)",9,70,13,unknown,,,,,https://www.biotechrabbit.com/products/electrophoresis-ladders/protein-electrophoresis/tricolor-broad-protein-ladder-ready-to-use-3-5-245-kda.html,- PDF: biotechrabbit_TriColorBroad_BR0900101_PIN.pdf
biotechrabbit,"biotechrabbit.com (biotechrabbit GmbH, Berlin, Germany)",TriColor Broad Protein Ladder (3.5-245 kDa),"BR0900101 (100 lanes, 2 × 250 µl)","Ready-to-use prestained protein ladder, three-color (tricolor)",10,100,13,unknown,,,,,https://www.biotechrabbit.com/products/electrophoresis-ladders/protein-electrophoresis/tricolor-broad-protein-ladder-ready-to-use-3-5-245-kda.html,- PDF: biotechrabbit_TriColorBroad_BR0900101_PIN.pdf
biotechrabbit,"biotechrabbit.com (biotechrabbit GmbH, Berlin, Germany)",TriColor Broad Protein Ladder (3.5-245 kDa),"BR0900101 (100 lanes, 2 × 250 µl)","Ready-to-use prestained protein ladder, three-color (tricolor)",11,130,13,unknown,,,,,https://www.biotechrabbit.com/products/electrophoresis-ladders/protein-electrophoresis/tricolor-broad-protein-ladder-ready-to-use-3-5-245-kda.html,- PDF: biotechrabbit_TriColorBroad_BR0900101_PIN.pdf
biotechrabbit,"biotechrabbit.com (biotechrabbit GmbH, Berlin, Germany)",TriColor Broad Protein Ladder (3.5-245 kDa),"BR0900101 (100 lanes, 2 × 250 µl)","Ready-to-use prestained protein ladder, three-color (tricolor)",12,180,13,unknown,,,,,https://www.biotechrabbit.com/products/electrophoresis-ladders/protein-electrophoresis/tricolor-broad-protein-ladder-ready-to-use-3-5-245-kda.html,- PDF: biotechrabbit_TriColorBroad_BR0900101_PIN.pdf
biotechrabbit,"biotechrabbit.com (biotechrabbit GmbH, Berlin, Germany)",TriColor Broad Protein Ladder (3.5-245 kDa),"BR0900101 (100 lanes, 2 × 250 µl)","Ready-to-use prestained protein ladder, three-color (tricolor)",13,245,13,unknown,,,,,https://www.biotechrabbit.com/products/electrophoresis-ladders/protein-electrophoresis/tricolor-broad-protein-ladder-ready-to-use-3-5-245-kda.html,- PDF: biotechrabbit_TriColorBroad_BR0900101_PIN.pdf
biotechrabbit,"biotechrabbit.com (biotechrabbit GmbH, Berlin, Germany)",TriColor Protein Ladder (10-180 kDa),"BR0900201 (100 lanes, 2 × 250 µl)","Ready-to-use prestained protein ladder, three-color (tricolor)",1,10,10,unknown,,,,,https://www.biotechrabbit.com/products/electrophoresis-ladders/protein-electrophoresis/tricolor-protein-ladder-ready-to-use-10-180-kda.html,- PDF: biotechrabbit_TriColor_BR0900201_PIN.pdf
biotechrabbit,"biotechrabbit.com (biotechrabbit GmbH, Berlin, Germany)",TriColor Protein Ladder (10-180 kDa),"BR0900201 (100 lanes, 2 × 250 µl)","Ready-to-use prestained protein ladder, three-color (tricolor)",2,15,10,unknown,,,,,https://www.biotechrabbit.com/products/electrophoresis-ladders/protein-electrophoresis/tricolor-protein-ladder-ready-to-use-10-180-kda.html,- PDF: biotechrabbit_TriColor_BR0900201_PIN.pdf
biotechrabbit,"biotechrabbit.com (biotechrabbit GmbH, Berlin, Germany)",TriColor Protein Ladder (10-180 kDa),"BR0900201 (100 lanes, 2 × 250 µl)","Ready-to-use prestained protein ladder, three-color (tricolor)",3,25,10,unknown,,,,,https://www.biotechrabbit.com/products/electrophoresis-ladders/protein-electrophoresis/tricolor-protein-ladder-ready-to-use-10-180-kda.html,- PDF: biotechrabbit_TriColor_BR0900201_PIN.pdf
biotechrabbit,"biotechrabbit.com (biotechrabbit GmbH, Berlin, Germany)",TriColor Protein Ladder (10-180 kDa),"BR0900201 (100 lanes, 2 × 250 µl)","Ready-to-use prestained protein ladder, three-color (tricolor)",4,35,10,unknown,,,,,https://www.biotechrabbit.com/products/electrophoresis-ladders/protein-electrophoresis/tricolor-protein-ladder-ready-to-use-10-180-kda.html,- PDF: biotechrabbit_TriColor_BR0900201_PIN.pdf
biotechrabbit,"biotechrabbit.com (biotechrabbit GmbH, Berlin, Germany)",TriColor Protein Ladder (10-180 kDa),"BR0900201 (100 lanes, 2 × 250 µl)","Ready-to-use prestained protein ladder, three-color (tricolor)",5,40,10,unknown,,,,,https://www.biotechrabbit.com/products/electrophoresis-ladders/protein-electrophoresis/tricolor-protein-ladder-ready-to-use-10-180-kda.html,- PDF: biotechrabbit_TriColor_BR0900201_PIN.pdf
biotechrabbit,"biotechrabbit.com (biotechrabbit GmbH, Berlin, Germany)",TriColor Protein Ladder (10-180 kDa),"BR0900201 (100 lanes, 2 × 250 µl)","Ready-to-use prestained protein ladder, three-color (tricolor)",6,55,10,unknown,,,,,https://www.biotechrabbit.com/products/electrophoresis-ladders/protein-electrophoresis/tricolor-protein-ladder-ready-to-use-10-180-kda.html,- PDF: biotechrabbit_TriColor_BR0900201_PIN.pdf
biotechrabbit,"biotechrabbit.com (biotechrabbit GmbH, Berlin, Germany)",TriColor Protein Ladder (10-180 kDa),"BR0900201 (100 lanes, 2 × 250 µl)","Ready-to-use prestained protein ladder, three-color (tricolor)",7,70,10,unknown,,,,,https://www.biotechrabbit.com/products/electrophoresis-ladders/protein-electrophoresis/tricolor-protein-ladder-ready-to-use-10-180-kda.html,- PDF: biotechrabbit_TriColor_BR0900201_PIN.pdf
biotechrabbit,"biotechrabbit.com (biotechrabbit GmbH, Berlin, Germany)",TriColor Protein Ladder (10-180 kDa),"BR0900201 (100 lanes, 2 × 250 µl)","Ready-to-use prestained protein ladder, three-color (tricolor)",8,100,10,unknown,,,,,https://www.biotechrabbit.com/products/electrophoresis-ladders/protein-electrophoresis/tricolor-protein-ladder-ready-to-use-10-180-kda.html,- PDF: biotechrabbit_TriColor_BR0900201_PIN.pdf
biotechrabbit,"biotechrabbit.com (biotechrabbit GmbH, Berlin, Germany)",TriColor Protein Ladder (10-180 kDa),"BR0900201 (100 lanes, 2 × 250 µl)","Ready-to-use prestained protein ladder, three-color (tricolor)",9,130,10,unknown,,,,,https://www.biotechrabbit.com/products/electrophoresis-ladders/protein-electrophoresis/tricolor-protein-ladder-ready-to-use-10-180-kda.html,- PDF: biotechrabbit_TriColor_BR0900201_PIN.pdf
biotechrabbit,"biotechrabbit.com (biotechrabbit GmbH, Berlin, Germany)",TriColor Protein Ladder (10-180 kDa),"BR0900201 (100 lanes, 2 × 250 µl)","Ready-to-use prestained protein ladder, three-color (tricolor)",10,180,10,unknown,,,,,https://www.biotechrabbit.com/products/electrophoresis-ladders/protein-electrophoresis/tricolor-protein-ladder-ready-to-use-10-180-kda.html,- PDF: biotechrabbit_TriColor_BR0900201_PIN.pdf
